order_id,product_id,quantity,unit_price
1,6,3,4999
1,3,1,2499
1,17,3,749
2,8,1,999
2,4,2,1299
3,15,3,3199
3,19,2,999
3,20,1,849
3,11,2,2799
4,12,3,1499
5,3,2,2499
5,20,2,849
5,17,3,749
6,17,1,749
6,5,2,2999
6,2,3,3499
6,15,1,3199
7,12,2,1499
7,20,2,849
8,3,3,2499
8,11,3,2799
8,4,2,1299
9,3,2,2499
9,19,2,999
9,5,3,2999
10,11,3,2799
10,5,3,2999
10,17,2,749
10,3,3,2499
11,7,1,3299
11,8,2,999
11,5,1,2999
11,18,3,699
12,20,1,849
12,13,1,2999
13,12,3,1499
13,8,2,999
13,15,1,3199
13,10,3,1599
14,15,3,3199
14,10,2,1599
14,13,1,2999
14,17,1,749
15,18,1,699
15,4,2,1299
15,17,1,749
16,8,2,999
17,13,2,2999
17,3,1,2499
18,5,2,2999
18,2,2,3499
19,9,1,699
20,8,1,999
20,10,1,1599
20,4,2,1299
21,17,3,749
22,19,1,999
22,14,3,799
23,13,2,2999
24,12,1,1499
25,6,3,4999
25,15,1,3199
25,16,1,899
26,11,2,2799
27,10,1,1599
27,12,3,1499
28,13,3,2999
28,11,2,2799
28,6,2,4999
28,16,3,899
29,18,2,699
29,10,1,1599
30,6,1,4999
30,15,3,3199
30,12,2,1499
30,19,3,999
31,12,1,1499
31,17,3,749
31,6,3,4999
31,1,2,1999
32,19,2,999
32,2,2,3499
32,5,2,2999
32,15,1,3199
33,8,3,999
33,4,1,1299
33,1,2,1999
34,7,1,3299
34,10,1,1599
34,16,1,899
34,20,2,849
35,18,3,699
36,12,1,1499
36,17,1,749
37,15,3,3199
37,18,1,699
37,5,1,2999
38,5,2,2999
39,5,3,2999
39,14,1,799
40,12,2,1499
40,17,1,749
41,20,3,849
41,18,3,699
41,3,1,2499
42,19,1,999
42,2,1,3499
42,1,3,1999
43,16,3,899
44,10,1,1599
44,15,2,3199
44,3,2,2499
44,2,2,3499
45,12,2,1499
45,13,3,2999
45,5,3,2999
46,5,1,2999
46,4,2,1299
47,7,3,3299
47,6,2,4999
47,16,2,899
48,7,2,3299
48,19,1,999
49,18,2,699
49,1,1,1999
49,4,2,1299
50,12,2,1499
50,18,1,699
51,5,1,2999
52,20,2,849
52,17,3,749
53,5,3,2999
53,17,2,749
53,20,1,849
53,11,2,2799
54,19,2,999
54,10,2,1599
54,16,3,899
54,1,1,1999
55,9,3,699
55,19,2,999
55,8,1,999
55,2,3,3499
56,7,1,3299
57,17,3,749
57,16,1,899
57,2,3,3499
57,5,2,2999
58,18,3,699
58,12,2,1499
58,9,1,699
59,16,2,899
59,11,2,2799
60,13,1,2999
60,12,2,1499
60,5,3,2999
60,10,1,1599
61,18,3,699
61,9,3,699
62,2,1,3499
62,17,3,749
63,5,1,2999
64,10,2,1599
64,11,3,2799
65,6,2,4999
66,2,3,3499
66,1,3,1999
66,10,1,1599
67,17,2,749
67,15,1,3199
68,1,2,1999
68,11,3,2799
69,3,1,2499
69,13,1,2999
69,4,2,1299
70,11,2,2799
70,10,3,1599
70,1,2,1999
71,17,2,749
71,10,3,1599
71,4,1,1299
71,19,1,999
72,18,1,699
72,16,3,899
72,20,3,849
72,7,1,3299
73,2,3,3499
74,4,3,1299
74,7,2,3299
74,16,1,899
74,3,2,2499
75,10,1,1599
75,1,3,1999
75,13,1,2999
75,9,3,699
76,3,2,2499
77,12,2,1499
77,13,1,2999
77,15,3,3199
77,19,3,999
78,17,1,749
78,5,2,2999
78,8,2,999
78,1,3,1999
79,5,3,2999
79,9,1,699
79,7,1,3299
80,20,1,849
81,13,2,2999
82,19,3,999
82,11,3,2799
83,10,3,1599
83,9,3,699
83,2,2,3499
83,6,3,4999
84,14,2,799
84,20,2,849
84,5,1,2999
85,15,3,3199
85,2,2,3499
86,11,2,2799
86,3,2,2499
87,3,1,2499
88,1,3,1999
88,7,1,3299
88,19,3,999
89,18,2,699
89,11,2,2799
90,15,1,3199
90,4,2,1299
90,16,2,899
90,11,2,2799
91,18,2,699
91,19,1,999
91,14,1,799
92,9,2,699
92,16,1,899
92,19,3,999
93,17,1,749
94,3,1,2499
94,5,1,2999
95,16,1,899
95,1,1,1999
95,19,3,999
95,14,3,799
96,6,1,4999
96,4,1,1299
96,19,1,999
96,17,3,749
97,12,2,1499
98,2,1,3499
99,6,1,4999
100,8,1,999
101,6,2,4999
102,10,1,1599
103,13,3,2999
103,5,3,2999
103,3,2,2499
104,11,2,2799
104,1,1,1999
104,9,2,699
104,15,3,3199
105,20,2,849
106,13,2,2999
106,11,1,2799
107,5,1,2999
108,1,1,1999
109,1,1,1999
109,10,3,1599
109,14,3,799
109,13,1,2999
110,10,1,1599
110,9,1,699
110,16,1,899
111,9,3,699
111,8,3,999
111,16,1,899
112,11,3,2799
112,15,3,3199
112,20,1,849
112,14,2,799
113,13,2,2999
113,11,3,2799
114,12,3,1499
114,4,3,1299
114,7,1,3299
114,6,3,4999
115,5,3,2999
115,10,1,1599
115,8,3,999
115,9,2,699
116,18,1,699
116,2,1,3499
116,12,3,1499
116,3,3,2499
117,11,1,2799
117,14,2,799
117,4,1,1299
117,1,3,1999
118,13,1,2999
118,15,2,3199
118,17,1,749
119,12,2,1499
119,10,2,1599
120,11,3,2799
120,3,1,2499
120,10,1,1599
120,2,2,3499
121,11,2,2799
121,18,2,699
122,13,3,2999
122,1,2,1999
122,7,2,3299
122,15,1,3199
123,12,1,1499
123,11,2,2799
124,20,2,849
124,13,2,2999
124,4,3,1299
124,12,1,1499
125,8,2,999
126,20,1,849
126,5,2,2999
126,13,3,2999
126,14,3,799
127,15,1,3199
127,2,2,3499
127,12,1,1499
128,16,1,899
128,14,1,799
128,15,3,3199
128,20,1,849
129,15,3,3199
129,19,2,999
130,18,3,699
130,2,1,3499
130,15,2,3199
131,15,1,3199
132,6,1,4999
132,5,3,2999
132,7,2,3299
132,18,3,699
133,19,3,999
133,9,1,699
133,17,1,749
134,5,1,2999
134,11,3,2799
135,13,2,2999
135,15,3,3199
135,3,3,2499
135,18,2,699
136,15,3,3199
137,16,2,899
137,9,2,699
138,2,3,3499
138,20,2,849
138,4,1,1299
139,10,2,1599
139,6,1,4999
140,2,3,3499
140,13,2,2999
141,16,1,899
141,3,3,2499
142,4,2,1299
142,14,1,799
142,5,1,2999
143,5,3,2999
143,13,3,2999
143,20,1,849
144,12,3,1499
144,7,3,3299
144,5,2,2999
144,14,1,799
145,14,1,799
145,11,2,2799
145,5,3,2999
146,1,3,1999
146,10,3,1599
146,7,3,3299
147,13,3,2999
147,4,3,1299
147,8,1,999
147,16,3,899
148,12,1,1499
148,18,1,699
148,6,3,4999
148,16,1,899
149,17,3,749
149,14,2,799
149,19,1,999
150,17,1,749
151,10,3,1599
152,15,3,3199
153,4,3,1299
153,1,1,1999
154,6,3,4999
154,12,2,1499
154,5,3,2999
155,19,2,999
155,3,3,2499
155,16,2,899
156,4,1,1299
156,19,3,999
156,20,3,849
157,13,1,2999
157,5,3,2999
157,6,3,4999
158,9,1,699
158,3,3,2499
158,12,3,1499
159,10,3,1599
159,20,2,849
159,11,1,2799
159,3,2,2499
160,12,3,1499
160,19,3,999
160,16,1,899
160,7,1,3299
161,11,1,2799
162,2,1,3499
162,5,1,2999
162,9,3,699
162,3,2,2499
163,13,3,2999
163,3,3,2499
164,13,2,2999
164,11,2,2799
164,19,1,999
165,15,2,3199
165,20,2,849
166,4,3,1299
166,3,2,2499
166,6,3,4999
167,12,3,1499
167,13,1,2999
168,4,1,1299
168,15,1,3199
169,3,1,2499
169,19,1,999
169,9,1,699
170,2,2,3499
171,16,1,899
171,1,2,1999
171,13,1,2999
171,14,1,799
172,10,2,1599
172,16,3,899
173,17,3,749
173,8,3,999
174,19,2,999
174,17,2,749
174,11,1,2799
175,16,3,899
176,9,3,699
176,18,1,699
177,8,2,999
177,19,3,999
178,19,2,999
178,7,3,3299
179,1,2,1999
179,17,1,749
180,2,3,3499
180,1,3,1999
180,5,1,2999
181,19,2,999
181,4,1,1299
181,11,1,2799
181,10,3,1599
182,8,2,999
182,19,2,999
182,6,3,4999
183,6,3,4999
184,11,1,2799
184,3,2,2499
185,15,1,3199
185,1,1,1999
185,9,3,699
186,15,2,3199
186,14,2,799
186,6,2,4999
186,19,3,999
187,6,1,4999
187,15,1,3199
188,13,3,2999
188,6,1,4999
189,14,3,799
190,7,3,3299
190,20,3,849
190,14,3,799
191,13,3,2999
192,10,3,1599
193,3,2,2499
193,16,2,899
193,4,2,1299
194,13,2,2999
194,12,1,1499
194,6,2,4999
195,4,3,1299
195,3,2,2499
196,17,3,749
196,14,1,799
196,18,2,699
196,16,2,899
197,4,1,1299
197,15,1,3199
198,7,3,3299
198,5,1,2999
198,9,1,699
198,11,2,2799
199,20,3,849
200,4,3,1299
201,13,1,2999
201,16,1,899
201,19,2,999
202,13,2,2999
203,11,2,2799
204,5,3,2999
204,10,2,1599
205,15,2,3199
205,7,3,3299
206,10,3,1599
207,7,1,3299
207,2,1,3499
208,15,3,3199
208,17,1,749
208,13,3,2999
209,19,1,999
209,18,2,699
209,12,3,1499
209,20,3,849
210,8,3,999
210,20,1,849
211,6,1,4999
211,1,2,1999
212,12,2,1499
212,15,2,3199
212,9,3,699
212,7,3,3299
213,18,3,699
213,10,1,1599
213,19,2,999
214,10,3,1599
214,7,1,3299
214,5,1,2999
215,16,2,899
216,11,3,2799
216,8,3,999
217,10,2,1599
217,4,1,1299
218,8,2,999
219,15,1,3199
219,4,3,1299
219,16,3,899
220,17,1,749
220,10,1,1599
220,14,1,799
220,2,2,3499
221,3,2,2499
221,16,3,899
222,6,1,4999
222,19,2,999
223,16,3,899
223,13,1,2999
223,1,3,1999
223,2,2,3499
224,8,1,999
225,6,2,4999
225,3,2,2499
225,2,2,3499
226,11,2,2799
226,16,1,899
227,1,3,1999
227,19,1,999
228,18,3,699
228,2,1,3499
228,19,3,999
229,18,2,699
230,14,2,799
230,4,3,1299
230,17,3,749
231,10,1,1599
232,12,2,1499
232,14,1,799
233,8,3,999
233,1,1,1999
233,19,1,999
234,9,3,699
235,2,2,3499
235,10,3,1599
236,5,3,2999
237,12,2,1499
238,14,3,799
238,6,3,4999
238,4,1,1299
238,5,1,2999
239,6,3,4999
239,13,3,2999
239,12,1,1499
239,1,2,1999
240,11,3,2799
240,1,3,1999
240,17,3,749
241,14,3,799
242,18,1,699
242,2,3,3499
243,16,2,899
244,13,2,2999
244,8,3,999
244,3,2,2499
244,15,1,3199
245,4,2,1299
246,17,3,749
246,18,3,699
246,7,2,3299
247,18,3,699
247,16,2,899
247,12,1,1499
248,18,3,699
248,17,1,749
248,12,1,1499
249,7,2,3299
249,4,1,1299
250,19,1,999
251,17,3,749
252,19,3,999
252,6,1,4999
253,14,2,799
253,8,2,999
253,9,2,699
253,13,1,2999
254,18,1,699
254,7,3,3299
254,19,3,999
255,17,3,749
255,18,3,699
256,18,3,699
256,10,1,1599
256,14,1,799
256,1,2,1999
257,9,3,699
257,5,2,2999
257,2,1,3499
258,18,1,699
258,13,3,2999
259,18,3,699
259,2,2,3499
259,1,1,1999
260,19,3,999
260,18,1,699
260,7,2,3299
261,13,1,2999
262,1,3,1999
262,11,1,2799
262,15,1,3199
263,16,2,899
263,19,1,999
263,18,3,699
264,14,3,799
264,18,2,699
265,10,2,1599
265,7,3,3299
265,17,3,749
266,2,2,3499
266,11,1,2799
267,17,2,749
267,20,1,849
267,15,2,3199
268,3,1,2499
269,3,3,2499
269,5,2,2999
269,1,1,1999
269,15,1,3199
270,9,2,699
270,14,2,799
271,20,1,849
272,10,3,1599
273,16,1,899
274,10,1,1599
274,12,3,1499
275,18,1,699
275,20,3,849
275,3,3,2499
275,10,3,1599
276,8,1,999
276,9,1,699
277,10,3,1599
278,12,1,1499
278,5,2,2999
278,8,3,999
279,19,2,999
279,5,2,2999
279,12,1,1499
280,9,2,699
280,12,2,1499
280,5,2,2999
280,11,2,2799
281,9,1,699
282,17,3,749
283,18,3,699
283,20,1,849
283,16,2,899
284,15,3,3199
284,17,1,749
285,17,2,749
285,5,1,2999
286,12,1,1499
286,2,1,3499
286,8,2,999
286,16,2,899
287,16,3,899
287,15,2,3199
287,2,1,3499
287,18,3,699
288,13,2,2999
288,20,3,849
289,12,3,1499
289,16,1,899
289,19,3,999
290,7,1,3299
290,5,2,2999
290,6,3,4999
291,16,1,899
291,7,1,3299
291,6,1,4999
291,14,1,799
292,2,2,3499
292,6,1,4999
293,3,3,2499
293,7,2,3299
293,15,2,3199
294,20,2,849
294,17,1,749
295,5,3,2999
295,4,3,1299
295,1,3,1999
295,7,2,3299
296,18,3,699
297,14,3,799
298,16,2,899
298,13,3,2999
299,10,3,1599
300,19,3,999
301,14,1,799
301,12,2,1499
301,4,3,1299
302,13,3,2999
302,7,3,3299
302,14,2,799
303,13,3,2999
303,5,1,2999
303,4,2,1299
304,6,2,4999
305,3,2,2499
305,20,1,849
305,9,3,699
305,8,1,999
306,6,3,4999
307,7,3,3299
307,2,3,3499
307,17,1,749
308,6,1,4999
309,17,3,749
309,1,3,1999
310,12,3,1499
310,9,1,699
310,8,2,999
311,18,1,699
312,15,1,3199
312,13,2,2999
312,16,2,899
313,13,3,2999
314,9,1,699
315,18,1,699
316,16,1,899
316,7,3,3299
317,5,1,2999
317,4,3,1299
317,19,3,999
318,20,3,849
318,11,2,2799
318,16,2,899
319,2,2,3499
319,17,2,749
320,15,3,3199
320,4,3,1299
321,19,3,999
321,4,2,1299
321,11,1,2799
321,12,3,1499
322,16,1,899
322,14,2,799
323,19,1,999
323,8,3,999
324,16,1,899
324,1,2,1999
325,16,3,899
325,10,3,1599
325,9,1,699
326,4,2,1299
326,15,2,3199
326,11,3,2799
326,9,3,699
327,19,3,999
327,20,3,849
328,15,2,3199
328,3,3,2499
328,13,1,2999
328,10,1,1599
329,6,2,4999
330,9,2,699
330,15,2,3199
330,12,1,1499
330,17,1,749
331,7,1,3299
332,13,3,2999
333,10,2,1599
333,8,3,999
333,19,1,999
333,20,1,849
334,15,1,3199
334,18,3,699
334,9,3,699
334,20,1,849
335,17,2,749
335,18,3,699
335,10,1,1599
335,12,1,1499
336,1,3,1999
337,16,2,899
337,10,3,1599
337,1,1,1999
337,14,1,799
338,6,2,4999
338,13,1,2999
339,10,2,1599
339,18,1,699
339,9,1,699
340,9,1,699
340,16,1,899
340,7,1,3299
340,11,3,2799
341,1,1,1999
341,8,2,999
341,3,1,2499
341,5,2,2999
342,11,1,2799
343,7,2,3299
343,9,1,699
344,15,3,3199
344,4,3,1299
345,2,3,3499
345,18,1,699
346,4,3,1299
346,8,2,999
347,1,3,1999
347,2,3,3499
348,3,2,2499
348,11,3,2799
348,2,1,3499
348,18,3,699
349,15,3,3199
349,7,2,3299
349,1,2,1999
350,18,3,699
350,16,1,899
350,7,3,3299
351,3,1,2499
351,17,2,749
352,6,2,4999
352,1,3,1999
352,12,1,1499
352,8,3,999
353,20,2,849
353,10,2,1599
354,6,1,4999
354,2,1,3499
355,17,2,749
355,19,1,999
355,9,3,699
355,2,3,3499
356,2,2,3499
356,12,3,1499
356,18,1,699
356,14,3,799
357,4,3,1299
358,19,3,999
358,6,3,4999
359,14,3,799
359,4,2,1299
359,6,3,4999
359,18,2,699
360,12,3,1499
360,14,2,799
360,19,3,999
361,12,2,1499
361,15,1,3199
361,19,3,999
362,10,1,1599
363,4,2,1299
363,2,2,3499
364,10,3,1599
364,3,1,2499
364,13,3,2999
365,20,3,849
366,12,1,1499
366,14,1,799
366,19,3,999
367,11,3,2799
368,13,2,2999
369,5,2,2999
369,20,3,849
369,11,3,2799
369,3,1,2499
370,5,3,2999
370,16,1,899
371,8,2,999
371,3,2,2499
372,12,2,1499
372,7,3,3299
372,11,3,2799
373,15,1,3199
373,2,1,3499
374,20,2,849
374,5,1,2999
375,18,1,699
375,7,3,3299
376,13,3,2999
377,2,1,3499
377,15,2,3199
377,1,3,1999
378,8,2,999
378,13,2,2999
378,17,3,749
378,4,3,1299
379,2,1,3499
380,12,3,1499
381,9,2,699
382,5,3,2999
382,3,3,2499
382,13,3,2999
382,17,3,749
383,15,1,3199
383,18,3,699
383,5,1,2999
384,14,3,799
384,5,3,2999
385,11,3,2799
385,5,1,2999
386,5,1,2999
386,7,1,3299
386,4,1,1299
387,8,2,999
387,1,1,1999
388,6,2,4999
388,13,1,2999
388,16,1,899
389,8,1,999
389,7,2,3299
389,19,3,999
389,3,2,2499
390,11,3,2799
390,13,3,2999
390,18,1,699
390,17,3,749
391,2,3,3499
391,18,1,699
391,13,1,2999
391,17,2,749
392,10,2,1599
392,2,3,3499
392,17,2,749
392,5,1,2999
393,14,1,799
393,11,2,2799
393,15,3,3199
393,1,3,1999
394,4,1,1299
394,3,3,2499
395,13,2,2999
395,18,1,699
396,2,2,3499
396,14,2,799
397,1,1,1999
397,9,2,699
398,7,3,3299
398,19,2,999
399,18,3,699
399,9,3,699
400,2,3,3499
400,5,3,2999
400,20,3,849
401,6,3,4999
401,10,3,1599
402,2,2,3499
402,3,2,2499
402,10,2,1599
403,4,2,1299
403,9,3,699
404,19,3,999
405,14,3,799
405,11,3,2799
405,9,3,699
406,16,1,899
406,6,1,4999
406,8,1,999
406,10,1,1599
407,11,2,2799
408,3,3,2499
408,10,3,1599
408,19,2,999
409,6,1,4999
410,5,2,2999
411,17,2,749
412,12,2,1499
412,3,1,2499
412,5,2,2999
413,20,2,849
413,4,3,1299
414,15,3,3199
414,10,2,1599
414,7,1,3299
415,17,1,749
415,1,1,1999
415,16,2,899
415,20,2,849
416,7,2,3299
416,2,2,3499
417,11,2,2799
418,7,1,3299
418,11,2,2799
418,20,2,849
419,6,1,4999
419,9,1,699
420,9,3,699
420,5,1,2999
420,10,1,1599
421,1,3,1999
421,16,1,899
422,20,1,849
422,12,3,1499
422,10,3,1599
422,11,3,2799
423,4,2,1299
423,15,1,3199
423,10,1,1599
423,19,1,999
424,11,1,2799
424,15,1,3199
424,16,2,899
425,17,2,749
425,4,3,1299
426,13,3,2999
426,19,1,999
426,14,3,799
426,8,1,999
427,14,1,799
427,19,3,999
427,11,3,2799
427,8,1,999
428,15,1,3199
429,11,1,2799
429,16,1,899
429,2,3,3499
429,3,3,2499
430,20,1,849
430,19,3,999
430,15,2,3199
430,7,2,3299
431,19,1,999
432,1,3,1999
433,11,2,2799
433,13,3,2999
433,19,1,999
433,18,3,699
434,5,1,2999
434,10,1,1599
434,20,3,849
434,18,1,699
435,15,3,3199
435,14,2,799
435,6,3,4999
435,20,2,849
436,8,3,999
436,17,3,749
436,9,2,699
436,14,1,799
437,3,2,2499
437,5,3,2999
437,17,1,749
437,9,3,699
438,18,3,699
439,15,2,3199
439,17,2,749
439,16,2,899
439,11,2,2799
440,2,3,3499
440,16,1,899
440,6,3,4999
441,9,2,699
442,20,1,849
443,8,3,999
443,16,1,899
443,6,2,4999
444,8,3,999
444,15,3,3199
444,6,2,4999
444,7,1,3299
445,16,2,899
445,18,3,699
445,8,3,999
446,10,2,1599
447,14,2,799
447,9,2,699
447,11,1,2799
448,17,3,749
448,11,3,2799
449,14,1,799
450,9,1,699
450,7,3,3299
450,2,1,3499
451,3,3,2499
452,6,2,4999
453,11,2,2799
453,9,1,699
453,6,2,4999
453,3,2,2499
454,7,1,3299
454,13,1,2999
454,6,3,4999
454,16,2,899
455,2,1,3499
456,1,3,1999
456,2,2,3499
457,16,3,899
457,14,1,799
457,13,1,2999
457,3,2,2499
458,13,2,2999
458,2,3,3499
458,3,2,2499
459,13,3,2999
460,16,3,899
460,3,1,2499
460,15,1,3199
461,18,3,699
462,11,3,2799
463,18,1,699
463,5,3,2999
463,8,1,999
463,3,2,2499
464,1,3,1999
464,6,1,4999
465,4,1,1299
466,11,3,2799
466,13,3,2999
466,20,3,849
466,4,1,1299
467,4,2,1299
468,8,1,999
468,19,3,999
468,2,3,3499
468,5,2,2999
469,3,2,2499
469,19,2,999
470,14,3,799
470,8,1,999
470,6,3,4999
470,2,2,3499
471,7,3,3299
471,4,1,1299
472,9,1,699
472,2,1,3499
473,12,2,1499
474,4,3,1299
475,3,1,2499
476,8,1,999
476,4,1,1299
476,11,1,2799
477,2,3,3499
477,14,2,799
477,5,1,2999
477,7,2,3299
478,11,1,2799
478,5,3,2999
479,14,2,799
479,6,3,4999
479,11,1,2799
479,8,3,999
480,7,2,3299
480,19,1,999
480,16,3,899
480,15,2,3199
481,19,2,999
481,1,1,1999
482,16,1,899
482,4,1,1299
482,15,3,3199
482,20,1,849
483,1,2,1999
484,15,2,3199
485,3,2,2499
486,3,3,2499
486,11,1,2799
487,20,1,849
487,2,3,3499
487,12,3,1499
487,18,3,699
488,16,3,899
489,9,2,699
489,2,2,3499
489,3,2,2499
489,12,3,1499
490,15,1,3199
490,12,2,1499
490,3,1,2499
491,9,3,699
491,4,1,1299
492,14,2,799
492,18,2,699
492,5,2,2999
493,14,3,799
493,19,3,999
493,11,2,2799
494,15,1,3199
494,10,2,1599
494,5,1,2999
494,19,2,999
495,6,1,4999
495,20,1,849
495,18,3,699
495,10,3,1599
496,15,2,3199
496,9,1,699
497,12,3,1499
497,15,1,3199
498,15,1,3199
498,11,1,2799
499,19,2,999
499,5,3,2999
499,15,1,3199
500,13,3,2999
501,19,1,999
501,17,2,749
502,17,2,749
503,13,2,2999
503,5,2,2999
503,14,2,799
504,7,3,3299
505,14,1,799
505,5,2,2999
505,3,2,2499
505,19,3,999
506,9,3,699
506,14,3,799
506,6,1,4999
506,15,1,3199
507,16,1,899
507,18,1,699
507,15,1,3199
508,14,3,799
508,6,3,4999
508,16,1,899
509,19,2,999
509,16,3,899
509,14,3,799
510,6,1,4999
510,19,2,999
510,2,2,3499
511,2,3,3499
511,10,3,1599
511,19,1,999
512,18,2,699
512,11,3,2799
513,5,3,2999
513,1,2,1999
513,20,2,849
514,7,3,3299
514,18,3,699
515,15,1,3199
515,3,2,2499
515,4,2,1299
515,5,2,2999
516,10,3,1599
516,1,1,1999
517,5,1,2999
517,7,2,3299
517,20,3,849
518,2,3,3499
519,3,2,2499
520,6,1,4999
520,12,1,1499
521,17,1,749
521,19,1,999
522,18,3,699
522,1,1,1999
523,15,1,3199
523,4,2,1299
524,4,3,1299
524,15,1,3199
524,20,2,849
525,13,2,2999
526,18,2,699
526,14,2,799
527,16,3,899
528,5,2,2999
529,7,1,3299
529,13,2,2999
529,4,3,1299
530,12,3,1499
530,16,2,899
530,13,1,2999
530,19,2,999
531,1,3,1999
531,4,1,1299
532,5,1,2999
532,10,3,1599
532,4,3,1299
533,18,3,699
533,11,1,2799
533,20,1,849
534,15,3,3199
534,2,3,3499
534,19,2,999
534,6,3,4999
535,4,2,1299
535,19,3,999
535,16,1,899
535,18,3,699
536,10,1,1599
536,11,3,2799
536,2,1,3499
537,13,2,2999
537,4,2,1299
537,14,2,799
538,19,2,999
538,3,1,2499
538,20,2,849
539,19,1,999
539,17,3,749
539,14,2,799
539,9,3,699
540,16,1,899
541,12,2,1499
541,14,3,799
541,7,1,3299
542,8,2,999
542,3,1,2499
542,4,3,1299
542,11,3,2799
543,14,1,799
543,18,2,699
543,11,2,2799
544,1,1,1999
544,17,3,749
545,19,2,999
545,2,2,3499
545,17,1,749
545,7,1,3299
546,14,2,799
546,9,3,699
547,5,1,2999
548,14,2,799
548,2,1,3499
548,7,1,3299
548,6,2,4999
549,2,1,3499
550,13,3,2999
551,16,3,899
551,3,1,2499
551,8,2,999
552,7,1,3299
552,5,2,2999
552,4,2,1299
552,6,2,4999
553,11,3,2799
554,16,1,899
554,12,3,1499
554,10,3,1599
555,10,2,1599
555,12,2,1499
555,4,1,1299
555,8,2,999
556,11,1,2799
556,14,2,799
556,2,2,3499
556,9,3,699
557,17,2,749
557,3,3,2499
557,12,3,1499
558,15,1,3199
558,5,2,2999
559,17,3,749
559,5,3,2999
560,19,2,999
560,11,1,2799
561,1,3,1999
561,20,3,849
562,2,3,3499
562,13,2,2999
563,1,3,1999
564,7,2,3299
564,20,2,849
565,7,2,3299
565,14,1,799
565,6,1,4999
566,19,1,999
566,15,2,3199
566,3,1,2499
567,20,3,849
567,9,1,699
567,3,1,2499
567,4,2,1299
568,1,2,1999
569,18,3,699
569,2,1,3499
570,3,3,2499
570,11,3,2799
571,9,2,699
571,12,3,1499
571,14,2,799
571,10,3,1599
572,18,1,699
572,15,1,3199
573,15,1,3199
573,14,2,799
574,4,1,1299
574,5,1,2999
574,20,2,849
574,12,1,1499
575,19,3,999
575,1,3,1999
576,11,1,2799
577,5,2,2999
577,1,3,1999
577,3,3,2499
578,2,3,3499
578,15,3,3199
578,11,3,2799
579,3,3,2499
580,3,2,2499
580,1,2,1999
580,7,2,3299
580,6,3,4999
581,12,2,1499
581,4,3,1299
582,3,2,2499
582,14,3,799
582,12,2,1499
582,6,1,4999
583,16,3,899
583,17,3,749
584,5,1,2999
584,20,3,849
584,10,2,1599
585,17,2,749
586,9,3,699
586,19,1,999
586,3,1,2499
587,10,3,1599
587,11,2,2799
587,15,2,3199
587,18,1,699
588,14,3,799
589,15,3,3199
589,13,3,2999
589,16,2,899
589,10,3,1599
590,1,3,1999
591,14,1,799
591,18,1,699
592,5,2,2999
592,15,2,3199
593,2,3,3499
593,11,3,2799
593,1,2,1999
593,4,2,1299
594,16,3,899
594,17,1,749
594,20,3,849
594,8,1,999
595,16,2,899
595,4,3,1299
595,20,2,849
595,12,1,1499
596,17,3,749
596,8,3,999
597,14,3,799
597,12,1,1499
597,16,2,899
597,6,3,4999
598,4,1,1299
598,14,1,799
598,16,3,899
598,10,1,1599
599,17,1,749
599,2,2,3499
600,9,3,699
600,11,2,2799
600,12,1,1499
600,2,3,3499
601,4,3,1299
601,20,1,849
601,19,1,999
601,2,3,3499
602,17,3,749
602,16,2,899
602,4,2,1299
602,5,1,2999
603,10,1,1599
603,17,2,749
603,6,2,4999
604,8,2,999
604,5,2,2999
604,14,3,799
604,18,3,699
605,3,2,2499
606,5,3,2999
607,11,2,2799
607,12,3,1499
607,1,3,1999
608,12,1,1499
608,13,1,2999
608,7,3,3299
608,10,2,1599
609,17,1,749
609,11,1,2799
609,6,3,4999
610,2,2,3499
611,15,2,3199
612,12,2,1499
612,10,3,1599
613,11,3,2799
614,14,2,799
614,3,1,2499
614,19,2,999
614,2,1,3499
615,9,2,699
615,19,3,999
615,16,2,899
615,14,3,799
616,5,3,2999
616,17,1,749
616,19,2,999
616,4,2,1299
617,4,1,1299
617,20,3,849
617,12,1,1499
617,10,1,1599
618,5,2,2999
618,19,1,999
619,18,2,699
620,11,1,2799
620,13,3,2999
620,16,3,899
620,5,2,2999
621,13,3,2999
621,8,1,999
621,20,3,849
621,11,2,2799
622,18,1,699
622,4,1,1299
622,20,3,849
623,17,1,749
623,1,2,1999
623,4,1,1299
623,6,1,4999
624,16,1,899
625,13,1,2999
625,9,1,699
625,3,3,2499
626,10,3,1599
626,14,1,799
627,10,2,1599
628,2,1,3499
629,4,2,1299
629,9,3,699
629,2,2,3499
629,11,1,2799
630,18,1,699
630,19,3,999
630,4,3,1299
631,5,3,2999
631,12,1,1499
632,15,3,3199
633,13,3,2999
633,12,3,1499
633,7,2,3299
634,13,3,2999
635,20,2,849
635,17,3,749
636,11,3,2799
636,7,2,3299
636,15,1,3199
637,14,3,799
637,18,3,699
638,15,3,3199
639,1,2,1999
639,4,2,1299
640,7,3,3299
640,3,1,2499
640,10,1,1599
641,1,3,1999
641,7,2,3299
642,19,1,999
642,20,1,849
643,17,1,749
643,9,3,699
644,14,3,799
645,16,3,899
645,12,1,1499
645,17,1,749
645,2,2,3499
646,3,3,2499
646,19,1,999
646,1,3,1999
647,3,2,2499
647,4,2,1299
647,1,1,1999
648,11,2,2799
648,2,3,3499
649,19,1,999
649,4,2,1299
649,3,2,2499
649,2,3,3499
650,3,2,2499
650,4,2,1299
650,2,2,3499
650,18,1,699
651,13,2,2999
651,15,3,3199
651,14,3,799
651,4,1,1299
652,20,3,849
653,12,3,1499
653,14,3,799
653,16,2,899
654,17,1,749
654,12,2,1499
654,10,2,1599
654,5,3,2999
655,2,3,3499
655,8,3,999
656,11,1,2799
657,20,2,849
657,10,1,1599
657,14,1,799
658,15,1,3199
658,7,2,3299
659,1,1,1999
659,3,3,2499
659,12,1,1499
660,1,1,1999
661,18,1,699
661,8,1,999
661,6,1,4999
662,11,1,2799
663,3,1,2499
663,4,1,1299
663,5,3,2999
663,18,2,699
664,18,1,699
664,10,2,1599
665,7,1,3299
665,3,3,2499
665,16,2,899
665,19,3,999
666,17,2,749
666,16,2,899
666,19,3,999
667,8,2,999
667,13,2,2999
667,7,3,3299
667,10,1,1599
668,15,1,3199
668,17,3,749
668,12,1,1499
669,14,2,799
669,12,2,1499
669,16,1,899
669,11,1,2799
670,17,3,749
670,20,1,849
670,18,2,699
671,11,3,2799
671,7,2,3299
672,18,1,699
672,9,2,699
673,16,3,899
674,16,3,899
674,8,3,999
675,7,1,3299
675,14,2,799
675,19,2,999
676,1,2,1999
676,16,1,899
676,12,2,1499
677,19,1,999
678,13,3,2999
678,7,2,3299
678,20,1,849
678,3,2,2499
679,6,1,4999
680,7,2,3299
680,3,2,2499
681,12,3,1499
682,18,2,699
682,14,3,799
683,14,3,799
683,16,3,899
683,6,2,4999
684,5,2,2999
685,15,2,3199
685,20,3,849
685,2,2,3499
685,3,2,2499
686,15,2,3199
686,13,3,2999
686,6,1,4999
686,4,1,1299
687,7,2,3299
688,14,2,799
688,15,1,3199
688,6,3,4999
689,13,2,2999
689,11,1,2799
689,20,1,849
689,7,2,3299
690,3,3,2499
690,20,2,849
690,18,1,699
690,8,2,999
691,4,1,1299
691,18,1,699
691,13,3,2999
692,18,1,699
693,13,3,2999
694,8,1,999
694,12,1,1499
695,8,1,999
696,18,3,699
696,7,2,3299
696,19,2,999
697,13,3,2999
698,20,1,849
698,12,1,1499
698,2,2,3499
699,9,3,699
699,4,2,1299
700,16,1,899
700,3,3,2499
700,11,3,2799
701,8,1,999
702,2,1,3499
703,8,3,999
704,17,2,749
705,8,3,999
706,1,1,1999
706,3,1,2499
706,16,3,899
706,19,1,999
707,17,2,749
707,3,3,2499
708,10,3,1599
708,20,2,849
709,6,3,4999
709,16,3,899
709,15,3,3199
709,14,2,799
710,20,3,849
710,18,3,699
710,5,1,2999
711,3,1,2499
711,11,1,2799
711,5,1,2999
711,16,1,899
712,12,3,1499
712,13,3,2999
712,16,1,899
712,10,2,1599
713,12,3,1499
713,17,3,749
713,16,2,899
714,2,2,3499
714,12,3,1499
714,1,2,1999
714,5,3,2999
715,4,1,1299
716,6,3,4999
716,14,3,799
716,9,3,699
716,10,2,1599
717,19,2,999
718,1,1,1999
718,6,1,4999
718,16,1,899
719,6,1,4999
719,12,3,1499
720,6,1,4999
720,7,3,3299
721,6,1,4999
722,19,1,999
723,19,1,999
724,16,3,899
724,20,2,849
724,11,2,2799
725,20,1,849
725,2,1,3499
725,12,2,1499
725,11,3,2799
726,8,3,999
726,12,3,1499
726,15,3,3199
727,1,3,1999
727,12,2,1499
727,2,3,3499
728,12,2,1499
729,17,3,749
729,19,3,999
730,6,3,4999
730,15,3,3199
730,4,1,1299
730,16,1,899
731,1,2,1999
731,6,1,4999
731,11,3,2799
731,13,2,2999
732,3,3,2499
732,11,2,2799
732,8,2,999
732,20,3,849
733,10,1,1599
734,5,3,2999
734,11,3,2799
734,13,1,2999
735,11,3,2799
735,12,3,1499
735,5,3,2999
735,17,1,749
736,8,1,999
736,16,3,899
736,15,2,3199
737,9,3,699
738,2,3,3499
738,11,1,2799
738,5,3,2999
738,7,3,3299
739,1,2,1999
739,18,2,699
740,10,2,1599
740,7,1,3299
740,18,1,699
741,19,2,999
741,5,3,2999
742,1,3,1999
742,12,3,1499
743,4,2,1299
744,19,3,999
744,14,3,799
744,5,2,2999
745,13,2,2999
745,3,3,2499
746,4,1,1299
747,9,2,699
747,4,3,1299
747,6,3,4999
747,13,2,2999
748,13,2,2999
748,1,3,1999
749,7,3,3299
750,11,3,2799
750,4,1,1299
750,2,3,3499
750,5,1,2999
751,12,2,1499
751,18,3,699
751,6,1,4999
752,5,3,2999
752,19,2,999
752,16,3,899
752,11,3,2799
753,2,1,3499
753,7,2,3299
754,5,3,2999
754,14,2,799
754,3,2,2499
755,5,3,2999
755,18,3,699
755,7,2,3299
755,3,3,2499
756,14,2,799
756,5,2,2999
757,18,1,699
758,9,2,699
758,5,1,2999
758,8,1,999
759,19,3,999
759,16,2,899
759,4,3,1299
760,11,1,2799
760,13,2,2999
761,1,3,1999
761,17,1,749
761,5,1,2999
762,8,1,999
762,14,2,799
762,15,2,3199
763,10,2,1599
763,3,2,2499
764,6,3,4999
765,14,3,799
766,13,1,2999
767,8,3,999
767,17,2,749
767,2,1,3499
768,2,2,3499
768,14,1,799
768,16,2,899
769,10,2,1599
770,7,2,3299
770,10,3,1599
770,17,2,749
770,2,1,3499
771,1,2,1999
772,3,3,2499
772,17,1,749
773,8,2,999
773,16,2,899
773,13,2,2999
774,6,1,4999
774,5,2,2999
774,12,3,1499
774,14,1,799
775,2,2,3499
775,6,3,4999
775,7,2,3299
776,11,3,2799
776,13,3,2999
777,17,1,749
777,1,3,1999
777,8,2,999
778,16,1,899
778,3,3,2499
778,14,1,799
779,14,2,799
779,7,3,3299
780,8,1,999
780,4,2,1299
781,3,2,2499
781,2,2,3499
782,16,3,899
782,2,1,3499
782,17,2,749
782,14,1,799
783,2,1,3499
783,6,1,4999
783,20,3,849
784,14,1,799
785,18,1,699
786,8,3,999
786,9,2,699
786,7,1,3299
787,7,1,3299
787,15,1,3199
788,2,1,3499
788,5,2,2999
789,4,2,1299
789,14,3,799
789,3,3,2499
789,16,1,899
790,7,3,3299
791,17,2,749
791,13,3,2999
791,18,2,699
791,19,1,999
792,17,2,749
793,18,1,699
793,4,1,1299
793,6,3,4999
794,9,3,699
794,2,1,3499
795,11,2,2799
795,3,3,2499
795,18,1,699
796,8,2,999
796,9,1,699
796,6,3,4999
797,15,2,3199
797,8,2,999
798,12,2,1499
798,5,1,2999
798,16,2,899
798,3,1,2499
799,1,1,1999
799,10,2,1599
799,6,3,4999
800,13,3,2999
800,4,1,1299
800,17,3,749
800,5,1,2999
801,5,1,2999
802,18,3,699
803,6,1,4999
803,10,1,1599
803,11,1,2799
803,16,3,899
804,4,1,1299
804,17,1,749
804,14,1,799
805,8,2,999
805,13,1,2999
805,4,1,1299
806,4,1,1299
806,12,3,1499
806,3,1,2499
807,5,1,2999
807,10,2,1599
807,19,2,999
807,12,3,1499
808,5,1,2999
808,11,2,2799
809,5,1,2999
809,3,1,2499
809,11,2,2799
810,5,2,2999
810,8,3,999
810,13,2,2999
811,3,3,2499
811,19,3,999
811,14,3,799
811,17,1,749
812,18,1,699
812,16,1,899
812,5,2,2999
813,8,3,999
813,7,1,3299
813,20,1,849
813,2,3,3499
814,4,3,1299
815,5,1,2999
815,3,1,2499
815,8,3,999
816,16,2,899
816,14,3,799
816,11,3,2799
817,20,1,849
818,19,3,999
818,17,1,749
818,10,2,1599
819,13,1,2999
819,2,2,3499
820,13,1,2999
820,20,2,849
820,6,3,4999
821,1,1,1999
821,8,3,999
821,10,1,1599
822,2,2,3499
822,8,1,999
823,3,2,2499
823,10,2,1599
823,1,2,1999
824,11,2,2799
825,19,1,999
825,2,3,3499
825,10,2,1599
825,6,1,4999
826,17,3,749
826,20,3,849
827,2,3,3499
827,13,3,2999
827,8,1,999
827,7,1,3299
828,16,1,899
829,12,1,1499
829,3,3,2499
829,19,2,999
830,19,2,999
831,15,3,3199
831,12,3,1499
832,2,3,3499
832,20,3,849
832,8,1,999
833,8,2,999
834,4,2,1299
834,3,2,2499
834,6,1,4999
834,20,2,849
835,4,3,1299
835,9,1,699
835,15,2,3199
835,2,1,3499
836,12,2,1499
837,9,1,699
837,20,1,849
837,6,2,4999
837,3,2,2499
838,9,1,699
838,6,1,4999
839,16,3,899
839,20,2,849
839,18,2,699
839,6,3,4999
840,3,3,2499
840,19,1,999
841,11,3,2799
841,4,3,1299
841,14,1,799
841,9,2,699
842,14,1,799
842,18,3,699
843,12,2,1499
844,15,2,3199
844,14,3,799
844,19,2,999
844,12,3,1499
845,18,3,699
845,6,2,4999
846,20,1,849
846,4,1,1299
846,3,3,2499
847,15,3,3199
848,18,2,699
848,13,1,2999
848,4,2,1299
848,7,2,3299
849,9,3,699
849,10,1,1599
849,14,1,799
850,11,1,2799
850,6,3,4999
850,14,2,799
851,5,2,2999
851,13,3,2999
851,6,1,4999
851,19,2,999
852,9,1,699
852,18,1,699
852,6,1,4999
852,11,1,2799
853,19,2,999
854,8,2,999
854,20,1,849
855,3,3,2499
855,5,3,2999
855,1,1,1999
856,9,1,699
856,6,2,4999
856,3,2,2499
857,3,2,2499
857,7,3,3299
857,14,2,799
857,13,1,2999
858,4,2,1299
859,4,3,1299
859,7,1,3299
859,1,3,1999
860,11,1,2799
861,7,2,3299
861,3,3,2499
861,12,2,1499
861,10,2,1599
862,13,1,2999
862,4,1,1299
862,10,3,1599
863,11,2,2799
863,4,1,1299
863,13,3,2999
864,17,2,749
865,1,2,1999
865,4,1,1299
865,6,2,4999
865,11,1,2799
866,1,2,1999
867,18,2,699
867,3,2,2499
868,19,3,999
869,16,1,899
869,2,1,3499
869,9,2,699
869,14,1,799
870,1,2,1999
870,19,2,999
870,20,1,849
871,3,2,2499
872,3,3,2499
872,18,1,699
872,11,2,2799
872,16,2,899
873,1,1,1999
874,8,3,999
874,6,2,4999
874,3,3,2499
874,7,1,3299
875,9,2,699
876,4,3,1299
876,5,2,2999
876,11,3,2799
876,19,2,999
877,9,1,699
877,11,2,2799
877,16,2,899
877,8,3,999
878,3,2,2499
878,20,1,849
879,16,2,899
879,4,1,1299
880,17,1,749
880,4,1,1299
881,7,1,3299
881,3,3,2499
881,9,2,699
881,14,3,799
882,15,1,3199
883,4,2,1299
883,18,2,699
883,3,1,2499
884,9,3,699
884,12,2,1499
884,4,3,1299
884,2,2,3499
885,17,3,749
885,14,1,799
885,4,1,1299
885,2,1,3499
886,18,1,699
887,13,2,2999
887,4,1,1299
887,8,1,999
887,9,1,699
888,6,3,4999
889,3,2,2499
889,6,2,4999
889,19,1,999
890,6,3,4999
891,16,1,899
891,4,1,1299
892,4,2,1299
892,20,3,849
893,9,2,699
893,12,2,1499
893,15,3,3199
893,1,2,1999
894,5,2,2999
895,12,2,1499
895,7,3,3299
895,3,1,2499
895,19,2,999
896,11,2,2799
896,13,2,2999
896,14,1,799
897,14,2,799
898,15,3,3199
898,5,2,2999
899,10,1,1599
900,10,3,1599
900,1,1,1999
900,14,1,799
900,12,2,1499
901,3,1,2499
901,9,3,699
902,12,2,1499
902,8,1,999
902,13,2,2999
902,14,2,799
903,7,1,3299
903,9,2,699
904,18,1,699
904,6,1,4999
904,13,3,2999
904,14,2,799
905,14,2,799
905,15,2,3199
905,20,1,849
906,8,2,999
906,19,1,999
906,17,3,749
907,13,2,2999
907,1,3,1999
908,11,3,2799
909,19,3,999
910,5,3,2999
910,8,2,999
910,20,3,849
910,10,1,1599
911,20,3,849
911,4,1,1299
912,13,2,2999
912,2,2,3499
912,4,1,1299
912,10,1,1599
913,14,1,799
914,16,2,899
914,20,2,849
915,4,1,1299
915,15,1,3199
915,14,2,799
915,18,2,699
916,2,3,3499
916,12,2,1499
916,5,2,2999
916,15,1,3199
917,17,2,749
917,3,3,2499
917,6,3,4999
917,5,3,2999
918,13,2,2999
918,3,2,2499
918,16,3,899
919,11,3,2799
919,19,2,999
920,8,3,999
920,4,1,1299
921,6,3,4999
922,2,3,3499
923,11,3,2799
923,4,2,1299
924,16,1,899
924,15,1,3199
924,10,3,1599
925,4,1,1299
926,11,1,2799
927,12,1,1499
927,18,2,699
927,5,2,2999
928,4,1,1299
928,20,1,849
928,16,3,899
929,12,1,1499
929,3,3,2499
929,6,3,4999
929,10,1,1599
930,19,2,999
931,2,3,3499
931,5,3,2999
931,7,2,3299
932,12,1,1499
933,5,1,2999
933,9,2,699
933,2,3,3499
933,4,1,1299
934,7,3,3299
935,2,2,3499
935,13,3,2999
935,19,2,999
935,5,3,2999
936,7,1,3299
936,11,1,2799
936,14,1,799
937,1,3,1999
938,2,3,3499
938,11,3,2799
938,12,1,1499
939,3,2,2499
940,15,2,3199
940,10,3,1599
941,2,2,3499
942,10,1,1599
942,18,1,699
943,4,2,1299
943,1,2,1999
943,16,3,899
943,2,2,3499
944,13,2,2999
945,18,3,699
945,2,2,3499
945,10,1,1599
945,19,3,999
946,20,3,849
946,14,3,799
946,19,1,999
947,14,1,799
947,19,2,999
947,17,2,749
947,9,3,699
948,3,2,2499
948,8,2,999
948,18,3,699
949,20,2,849
949,1,3,1999
949,4,3,1299
950,1,2,1999
950,15,3,3199
950,2,3,3499
950,12,1,1499
951,3,2,2499
951,15,2,3199
951,6,2,4999
952,8,1,999
953,18,3,699
954,18,2,699
954,2,1,3499
954,8,1,999
955,19,1,999
955,12,3,1499
955,14,2,799
956,14,2,799
956,12,3,1499
956,16,1,899
957,4,3,1299
958,13,1,2999
958,19,3,999
959,18,3,699
959,4,2,1299
959,17,3,749
959,2,3,3499
960,8,2,999
960,11,1,2799
960,20,2,849
961,3,3,2499
961,12,1,1499
961,18,2,699
962,18,2,699
962,8,3,999
963,3,2,2499
964,15,1,3199
964,1,1,1999
965,5,1,2999
966,14,3,799
966,12,3,1499
966,5,1,2999
966,13,3,2999
967,2,1,3499
968,10,3,1599
968,16,3,899
968,5,3,2999
968,6,1,4999
969,13,3,2999
969,11,3,2799
969,15,3,3199
969,6,2,4999
970,10,1,1599
970,11,1,2799
970,13,1,2999
970,19,3,999
971,4,1,1299
971,12,1,1499
971,10,2,1599
972,8,3,999
973,1,3,1999
973,2,3,3499
974,15,2,3199
974,17,1,749
974,5,3,2999
974,20,3,849
975,9,2,699
975,4,1,1299
976,17,2,749
976,3,1,2499
976,11,3,2799
976,2,3,3499
977,1,1,1999
978,5,2,2999
978,16,1,899
978,6,1,4999
978,19,3,999
979,18,2,699
979,7,3,3299
979,6,2,4999
979,2,3,3499
980,10,2,1599
980,8,3,999
981,10,2,1599
981,4,2,1299
981,8,2,999
981,19,2,999
982,12,3,1499
983,1,2,1999
983,10,3,1599
984,14,2,799
984,13,2,2999
984,15,2,3199
985,15,3,3199
985,14,1,799
985,8,3,999
986,1,2,1999
987,17,1,749
988,10,2,1599
988,6,2,4999
989,17,2,749
990,2,3,3499
990,9,1,699
991,1,1,1999
991,20,3,849
991,18,3,699
991,5,2,2999
992,10,2,1599
993,10,2,1599
993,14,3,799
993,3,2,2499
993,8,2,999
994,12,1,1499
994,18,3,699
994,4,1,1299
994,15,2,3199
995,11,1,2799
995,5,3,2999
995,3,1,2499
996,17,2,749
996,19,2,999
996,8,2,999
996,2,2,3499
997,1,3,1999
997,9,2,699
997,7,2,3299
997,16,3,899
998,4,2,1299
999,6,1,4999
1000,5,1,2999
1000,18,2,699
1000,14,1,799
1000,13,2,2999
1001,5,3,2999
1001,10,3,1599
1002,15,1,3199
1002,7,3,3299
1002,11,3,2799
1002,5,2,2999
1003,10,3,1599
1004,2,3,3499
1005,12,1,1499
1005,1,2,1999
1006,18,1,699
1006,20,3,849
1006,7,1,3299
1007,17,3,749
1007,19,2,999
1008,7,1,3299
1008,6,1,4999
1008,1,3,1999
1008,8,1,999
1009,17,2,749
1009,15,3,3199
1010,13,2,2999
1010,20,3,849
1010,16,2,899
1010,12,3,1499
1011,14,2,799
1011,18,2,699
1012,12,2,1499
1013,12,2,1499
1013,6,2,4999
1013,1,3,1999
1013,7,1,3299
1014,17,1,749
1014,1,3,1999
1014,9,2,699
1015,19,1,999
1016,2,2,3499
1017,3,1,2499
1017,14,1,799
1018,11,3,2799
1019,13,2,2999
1020,6,2,4999
1021,1,2,1999
1021,10,3,1599
1022,19,2,999
1023,11,3,2799
1023,19,1,999
1024,10,3,1599
1024,7,3,3299
1025,5,2,2999
1025,19,1,999
1025,11,1,2799
1026,3,3,2499
1026,16,2,899
1026,12,2,1499
1027,19,2,999
1028,7,3,3299
1028,11,3,2799
1028,17,2,749
1029,2,3,3499
1029,4,3,1299
1029,17,1,749
1030,19,3,999
1030,2,2,3499
1030,11,1,2799
1030,4,1,1299
1031,12,1,1499
1031,10,2,1599
1032,19,2,999
1032,20,1,849
1032,14,2,799
1032,13,3,2999
1033,8,3,999
1034,6,3,4999
1035,5,1,2999
1035,11,1,2799
1036,1,2,1999
1036,5,2,2999
1036,7,1,3299
1036,6,1,4999
1037,1,2,1999
1037,16,1,899
1037,6,2,4999
1038,8,2,999
1038,4,1,1299
1038,13,2,2999
1038,5,2,2999
1039,19,1,999
1039,1,2,1999
1039,8,2,999
1039,6,2,4999
1040,5,1,2999
1040,16,1,899
1041,14,2,799
1041,5,2,2999
1042,17,2,749
1042,4,3,1299
1042,15,3,3199
1042,3,1,2499
1043,15,2,3199
1043,1,1,1999
1043,16,2,899
1043,13,2,2999
1044,18,1,699
1044,12,2,1499
1044,4,3,1299
1045,7,2,3299
1045,17,1,749
1045,15,2,3199
1046,9,3,699
1046,14,2,799
1046,11,1,2799
1047,11,2,2799
1047,10,3,1599
1047,2,1,3499
1047,4,3,1299
1048,16,2,899
1048,14,2,799
1049,11,2,2799
1050,11,3,2799
1051,14,1,799
1052,2,3,3499
1052,12,2,1499
1053,20,2,849
1054,5,3,2999
1054,9,3,699
1054,19,2,999
1054,15,1,3199
1055,20,3,849
1055,15,3,3199
1055,14,2,799
1056,12,2,1499
1056,15,3,3199
1056,5,2,2999
1057,2,3,3499
1057,19,2,999
1057,3,1,2499
1057,16,1,899
1058,1,3,1999
1058,5,2,2999
1058,6,2,4999
1058,12,1,1499
1059,13,1,2999
1059,4,2,1299
1060,18,2,699
1060,14,3,799
1060,12,2,1499
1060,7,2,3299
1061,17,2,749
1061,18,1,699
1061,19,2,999
1062,10,2,1599
1062,1,3,1999
1062,18,1,699
1062,11,3,2799
1063,1,1,1999
1063,8,3,999
1064,11,3,2799
1065,1,3,1999
1065,13,1,2999
1065,18,1,699
1066,11,2,2799
1066,5,1,2999
1067,8,3,999
1067,6,1,4999
1067,15,3,3199
1067,17,2,749
1068,17,2,749
1068,16,2,899
1068,13,3,2999
1068,3,3,2499
1069,2,2,3499
1069,10,2,1599
1069,13,3,2999
1069,20,3,849
1070,6,2,4999
1071,11,3,2799
1072,11,2,2799
1072,10,2,1599
1072,15,3,3199
1073,17,1,749
1073,10,1,1599
1074,16,1,899
1074,15,3,3199
1074,10,3,1599
1075,1,3,1999
1075,7,2,3299
1076,16,3,899
1076,6,3,4999
1076,12,2,1499
1076,5,3,2999
1077,6,3,4999
1077,16,1,899
1077,13,2,2999
1077,1,1,1999
1078,7,2,3299
1079,7,3,3299
1079,12,1,1499
1080,2,2,3499
1081,8,3,999
1081,20,3,849
1082,7,3,3299
1083,19,2,999
1083,20,2,849
1084,7,2,3299
1085,20,2,849
1085,16,3,899
1086,19,1,999
1086,15,2,3199
1087,17,3,749
1087,10,1,1599
1087,19,2,999
1087,9,2,699
1088,1,2,1999
1088,11,1,2799
1088,17,1,749
1088,16,1,899
1089,7,1,3299
1089,4,1,1299
1090,20,2,849
1090,7,1,3299
1090,5,1,2999
1091,17,3,749
1091,16,2,899
1091,14,1,799
1092,12,2,1499
1092,11,2,2799
1092,15,3,3199
1093,15,1,3199
1093,9,3,699
1094,11,2,2799
1095,9,1,699
1095,4,2,1299
1095,3,3,2499
1095,8,2,999
1096,8,1,999
1096,9,1,699
1096,13,3,2999
1096,2,2,3499
1097,3,3,2499
1097,11,2,2799
1098,15,1,3199
1099,1,3,1999
1099,5,3,2999
1099,3,3,2499
1100,11,1,2799
1100,15,2,3199
1101,5,1,2999
1102,17,2,749
1103,10,3,1599
1103,19,1,999
1103,11,3,2799
1103,3,1,2499
1104,20,2,849
1104,7,2,3299
1104,3,2,2499
1104,14,3,799
1105,17,3,749
1105,14,2,799
1105,1,1,1999
1105,13,3,2999
1106,8,3,999
1106,19,2,999
1106,11,3,2799
1107,7,1,3299
1107,5,2,2999
1108,18,1,699
1108,12,2,1499
1109,9,1,699
1109,8,1,999
1109,7,2,3299
1109,12,1,1499
1110,13,3,2999
1110,7,1,3299
1110,19,1,999
1110,20,1,849
1111,16,3,899
1112,17,2,749
1113,14,2,799
1113,13,2,2999
1113,4,1,1299
1113,12,2,1499
1114,1,1,1999
1114,9,1,699
1114,11,1,2799
1114,2,3,3499
1115,2,3,3499
1116,6,3,4999
1116,20,3,849
1116,17,1,749
1116,5,2,2999
1117,9,1,699
1117,11,2,2799
1117,1,1,1999
1118,20,1,849
1118,17,1,749
1118,6,2,4999
1118,18,1,699
1119,5,2,2999
1119,1,2,1999
1119,10,1,1599
1119,16,2,899
1120,16,1,899
1120,19,3,999
1120,7,1,3299
1120,5,1,2999
1121,8,1,999
1122,19,1,999
1122,17,2,749
1122,20,2,849
1122,9,2,699
1123,7,1,3299
1124,1,2,1999
1124,19,2,999
1124,16,1,899
1125,4,2,1299
1125,9,1,699
1125,17,2,749
1125,11,2,2799
1126,3,3,2499
1126,12,1,1499
1126,14,3,799
1127,5,2,2999
1127,12,2,1499
1127,10,3,1599
1128,1,3,1999
1128,7,3,3299
1129,18,2,699
1130,6,3,4999
1131,9,2,699
1131,2,2,3499
1132,10,1,1599
1132,1,2,1999
1133,5,1,2999
1133,20,2,849
1133,16,1,899
1133,6,3,4999
1134,8,2,999
1135,5,3,2999
1135,9,1,699
1135,11,3,2799
1135,1,2,1999
1136,10,1,1599
1136,4,1,1299
1136,18,3,699
1136,15,2,3199
1137,19,1,999
1137,6,3,4999
1137,16,1,899
1137,10,1,1599
1138,14,2,799
1138,20,3,849
1138,2,3,3499
1138,4,2,1299
1139,3,3,2499
1139,1,2,1999
1139,4,1,1299
1140,16,3,899
1141,2,1,3499
1141,4,1,1299
1141,19,2,999
1141,18,3,699
1142,15,1,3199
1142,20,2,849
1142,17,3,749
1143,4,1,1299
1143,10,3,1599
1143,14,2,799
1144,15,2,3199
1144,2,3,3499
1144,11,3,2799
1145,12,2,1499
1145,6,2,4999
1145,16,3,899
1145,3,3,2499
1146,13,2,2999
1147,12,1,1499
1147,11,1,2799
1147,15,2,3199
1147,20,1,849
1148,18,2,699
1148,20,3,849
1148,6,3,4999
1149,9,2,699
1149,5,1,2999
1149,11,2,2799
1149,12,1,1499
1150,8,3,999
1151,8,2,999
1151,20,3,849
1152,15,2,3199
1152,14,1,799
1152,18,3,699
1152,7,3,3299
1153,9,2,699
1153,14,1,799
1153,12,2,1499
1154,18,1,699
1154,19,1,999
1155,12,1,1499
1155,18,2,699
1156,19,1,999
1156,14,3,799
1156,3,2,2499
1156,6,3,4999
1157,3,3,2499
1157,9,1,699
1157,19,3,999
1158,10,1,1599
1158,18,3,699
1158,20,3,849
1158,11,2,2799
1159,12,3,1499
1160,7,3,3299
1160,8,1,999
1161,4,2,1299
1162,11,1,2799
1162,6,2,4999
1163,9,1,699
1163,13,1,2999
1164,20,1,849
1165,1,2,1999
1166,7,1,3299
1166,16,3,899
1167,15,3,3199
1167,6,1,4999
1168,10,3,1599
1168,4,1,1299
1168,12,3,1499
1169,20,2,849
1169,11,3,2799
1170,11,1,2799
1171,12,1,1499
1172,17,3,749
1172,19,2,999
1172,18,3,699
1173,14,2,799
1173,13,1,2999
1173,20,2,849
1174,10,3,1599
1174,16,1,899
1174,20,1,849
1174,2,1,3499
1175,2,1,3499
1175,18,2,699
1175,1,2,1999
1176,17,2,749
1176,20,3,849
1176,6,3,4999
1176,19,1,999
1177,7,2,3299
1178,4,1,1299
1178,10,1,1599
1179,5,1,2999
1180,7,3,3299
1180,9,1,699
1180,14,2,799
1181,13,1,2999
1182,4,1,1299
1183,13,2,2999
1183,10,2,1599
1183,18,3,699
1184,18,2,699
1185,8,1,999
1186,15,3,3199
1186,5,1,2999
1186,20,3,849
1187,5,2,2999
1188,13,2,2999
1189,11,1,2799
1189,15,2,3199
1190,18,1,699
1190,11,1,2799
1191,11,1,2799
1191,12,1,1499
1192,19,3,999
1192,4,3,1299
1192,8,1,999
1192,2,1,3499
1193,15,2,3199
1193,8,3,999
1193,16,2,899
1193,9,2,699
1194,13,1,2999
1194,9,2,699
1195,18,3,699
1195,8,2,999
1195,13,1,2999
1195,5,2,2999
1196,11,1,2799
1196,20,3,849
1196,13,3,2999
1197,15,2,3199
1197,18,3,699
1197,14,2,799
1198,10,1,1599
1198,14,2,799
1198,2,3,3499
1198,7,1,3299
1199,13,3,2999
1199,19,1,999
1200,5,2,2999
1200,14,2,799
1201,4,1,1299
1202,12,1,1499
1202,7,2,3299
1202,5,1,2999
1203,11,1,2799
1203,6,3,4999
1203,10,1,1599
1203,18,1,699
1204,9,2,699
1204,8,1,999
1204,4,1,1299
1204,5,1,2999
1205,15,2,3199
1205,19,1,999
1205,6,2,4999
1206,6,1,4999
1207,11,3,2799
1207,10,1,1599
1208,6,3,4999
1208,12,2,1499
1208,9,3,699
1208,7,1,3299
1209,9,2,699
1209,15,1,3199
1209,14,2,799
1210,19,1,999
1211,13,3,2999
1211,11,2,2799
1211,12,2,1499
1212,16,2,899
1212,10,1,1599
1213,1,1,1999
1214,3,1,2499
1214,20,3,849
1215,11,3,2799
1215,4,1,1299
1215,19,1,999
1215,2,3,3499
1216,7,3,3299
1216,2,1,3499
1217,20,3,849
1217,6,3,4999
1217,16,3,899
1217,10,1,1599
1218,5,3,2999
1218,18,1,699
1218,7,3,3299
1219,20,3,849
1219,14,2,799
1219,17,1,749
1220,9,2,699
1221,20,2,849
1222,20,3,849
1222,3,2,2499
1222,9,2,699
1223,18,3,699
1223,7,1,3299
1223,8,1,999
1224,15,3,3199
1224,20,2,849
1224,5,2,2999
1224,18,1,699
1225,14,3,799
1226,16,1,899
1226,5,1,2999
1226,9,2,699
1226,11,2,2799
1227,20,1,849
1227,16,2,899
1227,14,3,799
1227,18,1,699
1228,5,2,2999
1228,8,1,999
1228,17,2,749
1229,20,3,849
1229,14,1,799
1229,4,3,1299
1230,19,1,999
1230,16,2,899
1230,3,2,2499
1231,9,3,699
1231,18,1,699
1231,11,1,2799
1231,19,2,999
1232,19,3,999
1232,16,1,899
1232,1,2,1999
1232,11,1,2799
1233,3,1,2499
1233,15,2,3199
1233,13,3,2999
1234,11,2,2799
1235,20,3,849
1235,18,1,699
1235,7,3,3299
1236,8,3,999
1236,13,1,2999
1236,14,2,799
1237,3,2,2499
1237,12,3,1499
1237,15,2,3199
1237,5,3,2999
1238,9,1,699
1238,7,3,3299
1238,15,1,3199
1238,10,2,1599
1239,11,3,2799
1239,13,1,2999
1240,11,3,2799
1240,19,1,999
1240,2,3,3499
1241,8,2,999
1241,3,2,2499
1242,17,2,749
1243,9,1,699
1244,16,1,899
1244,2,1,3499
1245,13,2,2999
1245,1,1,1999
1245,17,3,749
1245,10,3,1599
1246,8,2,999
1246,19,1,999
1247,7,3,3299
1247,5,3,2999
1247,18,3,699
1247,1,2,1999
1248,11,2,2799
1248,7,2,3299
1248,20,1,849
1249,7,2,3299
1249,6,1,4999
1249,4,3,1299
1249,2,1,3499
1250,12,3,1499
1250,15,3,3199
1250,2,1,3499
1251,6,1,4999
1251,11,2,2799
1252,16,1,899
1252,18,3,699
1252,10,1,1599
1252,8,1,999
1253,15,1,3199
1253,13,1,2999
1253,6,2,4999
1254,9,2,699
1255,15,3,3199
1255,7,3,3299
1255,4,3,1299
1256,15,3,3199
1256,19,3,999
1257,7,2,3299
1257,3,3,2499
1258,6,2,4999
1258,1,3,1999
1258,2,2,3499
1258,3,3,2499
1259,8,1,999
1259,15,3,3199
1260,2,2,3499
1260,10,1,1599
1261,18,2,699
1261,20,3,849
1261,5,3,2999
1262,10,3,1599
1262,5,3,2999
1262,16,2,899
1263,12,3,1499
1263,15,3,3199
1263,19,1,999
1264,19,1,999
1264,5,3,2999
1265,17,1,749
1266,11,1,2799
1266,16,2,899
1267,19,3,999
1267,12,2,1499
1268,1,1,1999
1268,17,2,749
1269,7,1,3299
1269,18,1,699
1269,4,1,1299
1270,3,2,2499
1271,11,1,2799
1271,13,2,2999
1271,12,2,1499
1272,16,1,899
1273,18,3,699
1273,4,2,1299
1273,14,1,799
1273,12,2,1499
1274,3,1,2499
1275,11,2,2799
1276,19,3,999
1276,1,2,1999
1277,18,3,699
1277,2,3,3499
1277,9,2,699
1277,4,1,1299
1278,14,1,799
1278,4,1,1299
1278,5,2,2999
1279,13,2,2999
1279,2,1,3499
1280,15,1,3199
1280,4,1,1299
1281,12,3,1499
1281,14,2,799
1281,1,3,1999
1281,17,3,749
1282,3,3,2499
1282,20,2,849
1282,19,2,999
1282,9,2,699
1283,19,1,999
1284,3,3,2499
1284,6,1,4999
1284,14,1,799
1284,4,1,1299
1285,17,1,749
1286,5,2,2999
1286,11,1,2799
1286,8,1,999
1287,5,3,2999
1288,8,3,999
1288,14,2,799
1289,1,2,1999
1289,7,3,3299
1289,12,1,1499
1289,13,3,2999
1290,8,2,999
1290,17,2,749
1291,5,3,2999
1292,10,2,1599
1292,18,2,699
1292,11,3,2799
1293,16,1,899
1293,11,3,2799
1294,9,3,699
1294,20,3,849
1294,10,1,1599
1295,7,3,3299
1295,11,2,2799
1295,17,2,749
1296,10,3,1599
1296,7,3,3299
1297,4,3,1299
1297,10,1,1599
1298,12,3,1499
1298,8,2,999
1298,13,3,2999
1298,16,2,899
1299,13,3,2999
1300,18,3,699
1300,19,2,999
1300,9,1,699
1300,17,2,749
1301,13,1,2999
1301,11,1,2799
1301,4,2,1299
1301,5,1,2999
1302,4,1,1299
1302,14,1,799
1303,10,1,1599
1303,14,1,799
1303,8,3,999
1304,1,3,1999
1304,18,2,699
1305,6,1,4999
1306,14,1,799
1306,8,2,999
1307,8,3,999
1308,4,2,1299
1308,3,3,2499
1309,18,2,699
1310,17,2,749
1310,13,1,2999
1310,15,3,3199
1310,7,1,3299
1311,13,3,2999
1311,9,2,699
1311,8,1,999
1312,3,3,2499
1312,15,1,3199
1313,15,2,3199
1313,14,2,799
1313,3,1,2499
1313,19,2,999
1314,2,2,3499
1314,13,1,2999
1315,9,1,699
1316,6,2,4999
1316,8,1,999
1316,14,3,799
1317,10,2,1599
1317,18,2,699
1318,4,2,1299
1319,5,1,2999
1319,18,1,699
1320,13,1,2999
1321,19,1,999
1321,9,2,699
1321,15,1,3199
1322,13,1,2999
1323,17,3,749
1323,15,3,3199
1323,20,3,849
1323,12,3,1499
1324,2,1,3499
1324,7,3,3299
1325,12,2,1499
1325,1,1,1999
1325,11,1,2799
1326,10,1,1599
1326,13,1,2999
1327,15,1,3199
1327,12,2,1499
1327,7,1,3299
1327,20,1,849
1328,14,3,799
1328,3,3,2499
1328,10,2,1599
1328,12,1,1499
1329,1,1,1999
1329,4,3,1299
1330,1,2,1999
1330,15,3,3199
1330,13,2,2999
1331,15,2,3199
1332,5,2,2999
1333,3,2,2499
1333,13,2,2999
1334,19,2,999
1334,7,3,3299
1334,14,3,799
1334,5,2,2999
1335,3,3,2499
1335,8,2,999
1335,15,1,3199
1335,6,1,4999
1336,11,3,2799
1336,17,3,749
1336,5,3,2999
1337,1,2,1999
1337,14,2,799
1338,9,3,699
1338,4,1,1299
1338,5,1,2999
1339,14,3,799
1339,13,2,2999
1339,20,2,849
1340,11,1,2799
1341,11,2,2799
1342,13,1,2999
1342,14,2,799
1343,19,1,999
1343,13,1,2999
1343,3,1,2499
1344,2,2,3499
1344,1,1,1999
1345,19,1,999
1345,3,2,2499
1345,2,2,3499
1346,6,2,4999
1346,13,1,2999
1347,5,3,2999
1347,3,2,2499
1347,15,1,3199
1348,13,2,2999
1349,13,2,2999
1349,14,3,799
1349,8,2,999
1350,2,3,3499
1351,10,2,1599
1352,7,2,3299
1352,16,1,899
1352,2,2,3499
1353,6,3,4999
1353,16,2,899
1353,15,2,3199
1353,13,1,2999
1354,1,2,1999
1354,6,2,4999
1355,17,2,749
1355,16,1,899
1356,20,1,849
1356,12,1,1499
1356,11,2,2799
1357,17,3,749
1357,13,3,2999
1357,20,3,849
1358,18,2,699
1358,15,2,3199
1358,2,1,3499
1359,20,3,849
1359,19,1,999
1359,8,2,999
1359,11,2,2799
1360,13,3,2999
1360,9,1,699
1360,1,1,1999
1361,9,3,699
1362,20,3,849
1362,2,1,3499
1362,16,3,899
1363,6,1,4999
1363,18,3,699
1363,7,2,3299
1364,9,3,699
1364,6,2,4999
1365,4,3,1299
1365,10,3,1599
1365,19,3,999
1366,6,2,4999
1366,4,1,1299
1366,15,3,3199
1367,3,2,2499
1367,12,1,1499
1367,20,2,849
1368,3,1,2499
1369,12,2,1499
1369,1,1,1999
1369,11,3,2799
1369,13,2,2999
1370,8,3,999
1371,7,2,3299
1371,2,1,3499
1371,19,1,999
1372,1,1,1999
1372,11,1,2799
1372,15,3,3199
1372,3,3,2499
1373,4,1,1299
1373,2,2,3499
1373,11,3,2799
1374,9,1,699
1374,13,2,2999
1375,10,1,1599
1375,14,2,799
1375,1,2,1999
1376,12,1,1499
1377,19,3,999
1377,7,1,3299
1378,18,3,699
1379,2,3,3499
1379,10,2,1599
1379,14,2,799
1379,3,3,2499
1380,2,3,3499
1380,16,1,899
1380,12,2,1499
1380,13,1,2999
1381,19,3,999
1381,4,1,1299
1382,14,3,799
1382,1,3,1999
1383,14,1,799
1384,19,1,999
1384,14,3,799
1384,10,1,1599
1384,9,3,699
1385,19,3,999
1385,7,1,3299
1385,9,3,699
1385,5,3,2999
1386,3,3,2499
1387,7,3,3299
1388,5,2,2999
1388,4,2,1299
1389,5,2,2999
1389,7,2,3299
1390,1,1,1999
1390,14,1,799
1390,15,1,3199
1391,10,1,1599
1391,9,2,699
1392,10,1,1599
1392,8,3,999
1392,15,2,3199
1393,1,3,1999
1393,8,2,999
1394,9,3,699
1395,13,3,2999
1395,1,1,1999
1395,3,1,2499
1396,16,1,899
1396,17,1,749
1397,1,1,1999
1397,16,1,899
1397,7,3,3299
1398,20,2,849
1398,19,2,999
1398,12,3,1499
1398,4,1,1299
1399,16,3,899
1399,8,1,999
1399,14,3,799
1400,15,3,3199
1400,14,3,799
1401,7,2,3299
1401,20,1,849
1402,7,3,3299
1402,3,1,2499
1402,11,1,2799
1402,8,2,999
1403,18,2,699
1403,6,1,4999
1403,1,2,1999
1404,1,2,1999
1404,14,2,799
1404,12,3,1499
1405,7,1,3299
1405,6,3,4999
1405,19,1,999
1406,2,1,3499
1406,15,1,3199
1406,8,3,999
1406,5,3,2999
1407,6,2,4999
1408,4,1,1299
1408,3,1,2499
1408,6,2,4999
1408,7,1,3299
1409,15,3,3199
1409,6,3,4999
1409,18,1,699
1410,20,1,849
1410,7,2,3299
1410,1,2,1999
1411,2,3,3499
1411,8,3,999
1412,2,1,3499
1412,17,3,749
1413,8,3,999
1414,11,1,2799
1414,18,1,699
1414,5,2,2999
1415,20,1,849
1415,15,2,3199
1416,11,1,2799
1416,1,1,1999
1416,2,3,3499
1417,3,3,2499
1418,2,2,3499
1418,1,2,1999
1418,5,2,2999
1419,18,1,699
1420,5,1,2999
1421,17,2,749
1422,8,3,999
1422,13,2,2999
1422,12,1,1499
1423,8,2,999
1424,12,2,1499
1425,2,2,3499
1425,14,3,799
1425,7,3,3299
1425,8,3,999
1426,5,1,2999
1426,3,2,2499
1427,18,3,699
1428,16,2,899
1428,8,3,999
1428,17,1,749
1428,7,3,3299
1429,13,3,2999
1429,10,1,1599
1430,10,2,1599
1430,6,3,4999
1430,1,1,1999
1430,8,2,999
1431,15,1,3199
1432,10,2,1599
1432,2,1,3499
1432,6,3,4999
1433,3,2,2499
1434,8,3,999
1435,9,3,699
1435,11,1,2799
1436,2,2,3499
1436,10,1,1599
1436,20,1,849
1437,19,2,999
1437,11,3,2799
1437,4,1,1299
1438,4,1,1299
1438,18,3,699
1438,2,1,3499
1438,7,3,3299
1439,2,1,3499
1439,14,3,799
1440,4,3,1299
1440,15,3,3199
1440,17,3,749
1440,14,1,799
1441,14,1,799
1441,4,3,1299
1441,18,3,699
1442,9,1,699
1442,10,3,1599
1442,4,3,1299
1442,14,1,799
1443,10,3,1599
1444,4,1,1299
1444,18,1,699
1444,10,2,1599
1445,6,1,4999
1445,20,3,849
1446,11,1,2799
1446,14,2,799
1446,3,1,2499
1447,1,2,1999
1447,11,2,2799
1447,8,2,999
1448,14,1,799
1448,1,1,1999
1449,1,2,1999
1450,7,2,3299
1450,9,2,699
1451,16,3,899
1452,17,2,749
1452,9,3,699
1453,7,2,3299
1453,11,3,2799
1453,10,3,1599
1453,8,3,999
1454,20,1,849
1454,4,3,1299
1454,2,2,3499
1455,10,2,1599
1456,13,3,2999
1456,19,3,999
1457,3,3,2499
1457,17,2,749
1457,10,3,1599
1457,5,2,2999
1458,17,2,749
1459,6,1,4999
1460,14,3,799
1461,14,3,799
1461,1,1,1999
1461,15,2,3199
1461,6,3,4999
1462,8,3,999
1462,17,3,749
1462,5,1,2999
1463,5,3,2999
1464,19,2,999
1464,12,3,1499
1464,18,2,699
1464,5,1,2999
1465,7,1,3299
1466,7,2,3299
1466,17,3,749
1467,8,2,999
1467,19,3,999
1468,1,3,1999
1469,13,3,2999
1470,1,2,1999
1470,2,3,3499
1470,3,1,2499
1471,2,1,3499
1471,15,3,3199
1471,14,3,799
1472,2,1,3499
1472,12,3,1499
1473,13,3,2999
1473,6,2,4999
1473,2,1,3499
1474,18,1,699
1475,9,1,699
1476,7,1,3299
1476,15,1,3199
1477,15,3,3199
1478,20,1,849
1479,5,3,2999
1479,15,3,3199
1479,16,2,899
1480,10,3,1599
1480,9,1,699
1480,2,3,3499
1481,14,2,799
1482,13,2,2999
1483,6,1,4999
1483,3,1,2499
1484,7,2,3299
1485,20,1,849
1485,15,3,3199
1485,8,1,999
1485,14,1,799
1486,8,3,999
1486,19,1,999
1486,15,2,3199
1487,15,2,3199
1488,1,1,1999
1488,12,2,1499
1489,11,2,2799
1489,6,3,4999
1489,3,3,2499
1490,13,3,2999
1490,19,1,999
1490,5,3,2999
1491,20,1,849
1491,2,2,3499
1491,18,3,699
1491,9,3,699
1492,11,1,2799
1493,17,2,749
1493,10,3,1599
1493,5,2,2999
1494,12,3,1499
1494,15,2,3199
1494,18,1,699
1495,15,3,3199
1495,13,3,2999
1495,16,1,899
1495,7,1,3299
1496,16,3,899
1496,18,1,699
1496,20,3,849
1496,13,3,2999
1497,16,3,899
1497,2,3,3499
1498,12,3,1499
1498,2,2,3499
1499,15,1,3199
1499,19,3,999
1499,2,1,3499
1500,12,1,1499
1500,9,3,699
1500,19,2,999
1501,6,3,4999
1501,8,3,999
1501,5,3,2999
1502,11,2,2799
1503,18,3,699
1503,11,2,2799
1504,8,3,999
1504,11,3,2799
1505,12,3,1499
1505,20,2,849
1505,1,2,1999
1505,16,3,899
1506,9,1,699
1506,8,2,999
1506,1,3,1999
1507,4,2,1299
1508,19,1,999
1508,8,1,999
1508,9,2,699
1509,11,2,2799
1510,16,2,899
1510,17,2,749
1510,4,2,1299
1510,8,1,999
1511,10,1,1599
1512,19,3,999
1513,1,1,1999
1513,9,3,699
1513,12,3,1499
1513,5,3,2999
1514,2,2,3499
1514,11,3,2799
1514,17,2,749
1514,14,2,799
1515,9,3,699
1515,18,3,699
1515,11,2,2799
1516,10,1,1599
1516,4,3,1299
1517,5,2,2999
1518,4,2,1299
1518,11,1,2799
1519,14,3,799
1519,18,1,699
1520,13,2,2999
1520,19,3,999
1520,16,1,899
1520,5,2,2999
1521,5,2,2999
1522,6,1,4999
1522,18,3,699
1523,1,3,1999
1523,10,1,1599
1524,9,3,699
1524,16,3,899
1524,6,2,4999
1524,7,2,3299
1525,15,1,3199
1526,18,1,699
1526,9,2,699
1526,16,1,899
1527,13,2,2999
1527,18,1,699
1527,8,3,999
1527,4,1,1299
1528,7,3,3299
1528,15,3,3199
1529,6,3,4999
1529,20,3,849
1529,5,3,2999
1530,19,1,999
1530,3,3,2499
1530,10,3,1599
1531,19,1,999
1531,18,2,699
1532,16,2,899
1532,8,1,999
1532,6,1,4999
1532,13,3,2999
1533,6,2,4999
1534,3,1,2499
1534,6,3,4999
1534,2,3,3499
1534,11,2,2799
1535,5,3,2999
1535,19,1,999
1535,18,1,699
1536,2,1,3499
1536,18,1,699
1536,7,2,3299
1536,6,3,4999
1537,12,2,1499
1537,7,1,3299
1537,20,1,849
1537,17,3,749
1538,10,3,1599
1538,8,1,999
1538,13,3,2999
1539,19,1,999
1539,3,1,2499
1540,3,2,2499
1541,20,1,849
1542,3,1,2499
1542,4,3,1299
1542,5,1,2999
1542,13,3,2999
1543,14,1,799
1543,15,3,3199
1543,5,3,2999
1543,2,3,3499
1544,2,3,3499
1544,4,3,1299
1545,8,2,999
1545,7,3,3299
1545,19,1,999
1545,2,2,3499
1546,10,2,1599
1546,17,1,749
1546,4,1,1299
1546,5,1,2999
1547,11,3,2799
1547,1,3,1999
1548,19,1,999
1549,7,3,3299
1550,4,1,1299
1551,18,2,699
1551,12,1,1499
1551,13,1,2999
1552,5,2,2999
1553,18,2,699
1553,16,1,899
1554,14,2,799
1555,11,2,2799
1556,10,1,1599
1556,2,1,3499
1557,12,2,1499
1557,14,2,799
1557,10,3,1599
1557,3,3,2499
1558,4,2,1299
1558,5,1,2999
1558,9,1,699
1558,15,1,3199
1559,1,3,1999
1559,14,1,799
1560,17,3,749
1560,2,1,3499
1560,18,3,699
1560,1,3,1999
1561,11,3,2799
1562,4,3,1299
1562,8,1,999
1562,2,2,3499
1562,15,1,3199
1563,13,1,2999
1563,6,3,4999
1564,15,3,3199
1564,14,2,799
1564,19,2,999
1565,20,1,849
1565,13,2,2999
1566,12,3,1499
1567,2,1,3499
1568,3,1,2499
1569,2,3,3499
1569,1,1,1999
1569,9,3,699
1570,19,1,999
1570,1,3,1999
1570,11,3,2799
1571,19,2,999
1572,3,2,2499
1572,7,3,3299
1573,4,1,1299
1573,14,1,799
1573,13,1,2999
1574,8,2,999
1574,20,2,849
1574,6,1,4999
1575,20,2,849
1576,1,2,1999
1576,7,1,3299
1577,2,1,3499
1577,6,3,4999
1577,1,1,1999
1577,9,1,699
1578,5,1,2999
1578,4,3,1299
1578,3,3,2499
1578,15,3,3199
1579,9,1,699
1579,10,1,1599
1579,18,2,699
1579,5,2,2999
1580,15,1,3199
1580,1,1,1999
1580,18,1,699
1581,6,1,4999
1582,6,3,4999
1583,15,3,3199
1583,13,3,2999
1584,9,1,699
1585,6,2,4999
1585,16,3,899
1586,15,3,3199
1587,10,3,1599
1587,13,2,2999
1587,19,3,999
1587,8,2,999
1588,1,1,1999
1588,5,2,2999
1588,18,1,699
1588,11,1,2799
1589,1,3,1999
1589,17,1,749
1590,14,1,799
1591,14,1,799
1592,12,1,1499
1592,6,3,4999
1593,11,1,2799
1594,13,2,2999
1595,4,2,1299
1595,20,3,849
1595,14,1,799
1596,16,3,899
1597,18,3,699
1598,15,2,3199
1599,13,2,2999
1599,20,3,849
1600,20,3,849
1600,18,2,699
1600,15,3,3199
1600,10,2,1599
1601,4,1,1299
1602,12,2,1499
1602,8,1,999
1602,13,1,2999
1602,2,2,3499
1603,7,2,3299
1603,14,3,799
1603,11,3,2799
1603,8,1,999
1604,13,2,2999
1605,5,3,2999
1605,10,2,1599
1605,17,1,749
1606,14,2,799
1606,16,2,899
1606,20,2,849
1606,2,1,3499
1607,18,2,699
1607,1,2,1999
1607,15,1,3199
1608,12,2,1499
1608,9,2,699
1609,4,2,1299
1610,14,1,799
1611,16,1,899
1611,20,2,849
1611,10,3,1599
1611,13,1,2999
1612,3,2,2499
1613,18,1,699
1614,18,1,699
1614,5,3,2999
1614,7,3,3299
1614,3,2,2499
1615,9,1,699
1615,6,3,4999
1615,14,1,799
1615,3,1,2499
1616,8,3,999
1616,14,3,799
1616,12,3,1499
1617,12,3,1499
1617,9,1,699
1618,9,1,699
1618,12,1,1499
1618,20,3,849
1619,11,1,2799
1619,5,1,2999
1619,7,1,3299
1619,3,1,2499
1620,20,2,849
1620,3,1,2499
1620,15,1,3199
1620,18,3,699
1621,6,3,4999
1621,3,1,2499
1621,16,3,899
1621,12,3,1499
1622,11,2,2799
1622,7,3,3299
1622,2,1,3499
1623,8,1,999
1623,10,3,1599
1623,1,3,1999
1624,17,2,749
1624,3,1,2499
1624,14,2,799
1625,2,3,3499
1625,18,1,699
1625,7,2,3299
1625,12,3,1499
1626,8,3,999
1626,4,2,1299
1626,5,3,2999
1627,19,3,999
1627,17,3,749
1627,20,1,849
1627,5,2,2999
1628,9,2,699
1629,9,1,699
1629,6,3,4999
1629,20,3,849
1629,5,1,2999
1630,5,1,2999
1631,6,3,4999
1631,17,1,749
1632,4,1,1299
1633,15,1,3199
1633,14,1,799
1633,13,3,2999
1633,4,3,1299
1634,1,3,1999
1635,2,2,3499
1635,8,2,999
1635,18,3,699
1636,14,1,799
1636,18,2,699
1636,5,2,2999
1637,1,2,1999
1637,15,1,3199
1638,15,3,3199
1638,3,1,2499
1638,11,2,2799
1638,1,2,1999
1639,12,3,1499
1639,10,1,1599
1639,3,2,2499
1639,18,1,699
1640,20,3,849
1640,16,3,899
1640,2,1,3499
1641,10,1,1599
1641,18,2,699
1642,1,3,1999
1642,17,3,749
1642,8,3,999
1642,14,3,799
1643,20,2,849
1643,3,3,2499
1643,12,2,1499
1643,1,1,1999
1644,20,1,849
1645,15,1,3199
1645,17,2,749
1645,18,1,699
1646,15,2,3199
1647,3,2,2499
1647,5,2,2999
1647,16,3,899
1648,9,3,699
1648,3,3,2499
1649,5,2,2999
1649,16,3,899
1650,9,3,699
1650,5,2,2999
1650,4,3,1299
1651,1,1,1999
1651,19,1,999
1652,3,3,2499
1653,15,1,3199
1654,9,1,699
1654,1,2,1999
1654,2,3,3499
1655,3,2,2499
1655,5,1,2999
1656,12,3,1499
1657,15,3,3199
1657,4,1,1299
1658,8,3,999
1658,15,1,3199
1658,2,1,3499
1659,1,2,1999
1660,10,3,1599
1660,8,3,999
1660,5,2,2999
1661,5,2,2999
1661,9,1,699
1661,19,2,999
1662,18,3,699
1662,3,1,2499
1662,7,1,3299
1663,8,2,999
1663,6,1,4999
1663,3,3,2499
1663,15,2,3199
1664,17,3,749
1664,2,2,3499
1664,13,1,2999
1664,9,3,699
1665,10,1,1599
1665,18,3,699
1665,17,2,749
1666,13,1,2999
1666,5,2,2999
1666,18,2,699
1667,12,1,1499
1667,15,2,3199
1667,11,2,2799
1667,20,1,849
1668,11,2,2799
1668,4,3,1299
1668,2,3,3499
1669,3,1,2499
1670,5,2,2999
1671,6,2,4999
1671,1,3,1999
1672,6,1,4999
1673,2,2,3499
1673,1,3,1999
1673,6,1,4999
1674,12,2,1499
1674,19,2,999
1675,15,3,3199
1676,1,1,1999
1676,8,1,999
1676,3,2,2499
1677,1,2,1999
1678,3,2,2499
1678,20,3,849
1678,18,3,699
1679,12,3,1499
1679,8,3,999
1679,20,2,849
1680,16,2,899
1680,19,3,999
1680,1,2,1999
1680,18,3,699
1681,2,3,3499
1681,8,2,999
1681,16,3,899
1682,19,1,999
1682,12,1,1499
1682,8,2,999
1683,6,1,4999
1683,12,1,1499
1684,10,2,1599
1684,4,3,1299
1685,8,2,999
1685,20,2,849
1686,2,3,3499
1686,12,3,1499
1686,8,3,999
1686,1,2,1999
1687,13,2,2999
1688,11,3,2799
1688,15,3,3199
1688,20,3,849
1689,10,1,1599
1689,6,1,4999
1689,13,2,2999
1689,2,3,3499
1690,17,2,749
1690,6,2,4999
1690,3,2,2499
1691,6,1,4999
1691,8,1,999
1691,18,1,699
1692,3,3,2499
1692,12,1,1499
1693,19,1,999
1693,4,1,1299
1693,14,3,799
1694,19,2,999
1695,13,3,2999
1696,18,3,699
1696,7,1,3299
1696,3,3,2499
1696,13,3,2999
1697,4,3,1299
1698,18,3,699
1698,7,2,3299
1699,9,1,699
1700,17,1,749
1700,4,2,1299
1701,1,1,1999
1701,5,3,2999
1702,15,2,3199
1702,16,1,899
1703,14,2,799
1704,12,3,1499
1705,19,1,999
1705,4,1,1299
1705,18,3,699
1705,8,1,999
1706,16,2,899
1707,4,2,1299
1707,1,1,1999
1708,19,1,999
1708,3,1,2499
1709,14,1,799
1709,13,2,2999
1709,15,1,3199
1710,12,3,1499
1710,2,2,3499
1710,10,2,1599
1711,20,3,849
1711,7,2,3299
1711,8,2,999
1712,5,2,2999
1712,6,1,4999
1713,5,2,2999
1713,11,3,2799
1713,18,1,699
1713,19,1,999
1714,20,2,849
1715,9,1,699
1715,8,1,999
1715,7,3,3299
1715,11,2,2799
1716,8,2,999
1716,20,1,849
1717,13,2,2999
1717,1,2,1999
1717,12,3,1499
1717,9,2,699
1718,11,1,2799
1718,7,2,3299
1718,12,2,1499
1719,3,1,2499
1719,14,1,799
1719,7,1,3299
1719,9,2,699
1720,20,1,849
1720,10,2,1599
1720,17,1,749
1721,10,1,1599
1721,15,1,3199
1721,6,2,4999
1721,4,2,1299
1722,4,3,1299
1722,10,3,1599
1722,2,3,3499
1722,9,1,699
1723,7,3,3299
1723,2,2,3499
1723,15,1,3199
1724,16,3,899
1725,3,1,2499
1725,18,1,699
1725,9,2,699
1725,11,3,2799
1726,2,3,3499
1726,4,1,1299
1726,16,3,899
1726,7,3,3299
1727,15,2,3199
1727,20,1,849
1728,15,1,3199
1728,1,2,1999
1729,18,2,699
1729,3,3,2499
1729,1,3,1999
1729,12,3,1499
1730,5,2,2999
1730,3,1,2499
1731,8,1,999
1731,19,2,999
1731,4,3,1299
1732,20,3,849
1732,12,2,1499
1732,19,1,999
1732,5,3,2999
1733,8,3,999
1733,12,2,1499
1733,5,3,2999
1733,19,3,999
1734,8,1,999
1734,7,2,3299
1734,17,2,749
1734,6,2,4999
1735,17,2,749
1736,17,1,749
1737,13,1,2999
1737,2,1,3499
1738,18,3,699
1738,20,1,849
1739,18,2,699
1739,9,1,699
1739,13,2,2999
1740,5,3,2999
1740,6,3,4999
1741,18,3,699
1741,19,3,999
1741,5,3,2999
1742,20,1,849
1742,11,2,2799
1743,4,3,1299
1744,1,3,1999
1744,16,2,899
1745,5,1,2999
1745,1,2,1999
1745,3,1,2499
1746,12,3,1499
1746,13,2,2999
1746,3,2,2499
1746,11,1,2799
1747,12,1,1499
1748,11,1,2799
1748,14,3,799
1748,9,3,699
1749,15,2,3199
1749,18,1,699
1749,16,1,899
1750,6,1,4999
1750,1,1,1999
1750,3,3,2499
1750,16,3,899
1751,20,2,849
1751,13,1,2999
1751,15,3,3199
1751,18,3,699
1752,3,1,2499
1752,6,2,4999
1753,18,3,699
1753,14,1,799
1753,12,3,1499
1753,8,3,999
1754,11,3,2799
1754,10,3,1599
1754,7,3,3299
1754,1,3,1999
1755,19,1,999
1756,10,2,1599
1756,19,2,999
1756,15,1,3199
1757,10,2,1599
1757,18,2,699
1757,14,2,799
1758,7,3,3299
1758,13,1,2999
1758,12,2,1499
1758,14,2,799
1759,16,1,899
1759,7,3,3299
1760,3,3,2499
1760,4,3,1299
1760,12,2,1499
1760,5,1,2999
1761,6,2,4999
1762,14,1,799
1762,10,1,1599
1763,20,2,849
1763,13,2,2999
1763,12,3,1499
1764,10,1,1599
1764,9,2,699
1765,9,3,699
1765,20,2,849
1766,5,1,2999
1766,8,3,999
1767,19,3,999
1767,18,3,699
1768,5,2,2999
1768,2,1,3499
1768,6,2,4999
1768,4,2,1299
1769,12,1,1499
1769,11,1,2799
1769,16,1,899
1769,5,1,2999
1770,3,1,2499
1770,5,1,2999
1770,8,3,999
1770,2,2,3499
1771,13,3,2999
1771,12,3,1499
1771,17,2,749
1772,18,2,699
1773,18,2,699
1773,10,3,1599
1773,7,2,3299
1774,2,1,3499
1774,7,1,3299
1774,10,2,1599
1775,6,1,4999
1775,9,3,699
1775,14,1,799
1776,17,1,749
1776,13,3,2999
1776,18,3,699
1776,1,2,1999
1777,5,3,2999
1778,2,1,3499
1778,10,2,1599
1779,18,2,699
1779,9,2,699
1780,7,3,3299
1780,5,1,2999
1781,19,1,999
1781,4,1,1299
1781,7,1,3299
1781,18,1,699
1782,14,2,799
1783,11,1,2799
1783,8,2,999
1783,2,3,3499
1784,16,1,899
1784,6,1,4999
1784,8,2,999
1785,3,2,2499
1786,15,3,3199
1787,16,1,899
1787,11,3,2799
1787,9,3,699
1787,14,1,799
1788,5,3,2999
1788,16,1,899
1788,20,1,849
1788,11,1,2799
1789,18,3,699
1789,10,3,1599
1789,9,1,699
1789,17,1,749
1790,4,1,1299
1790,5,1,2999
1791,18,3,699
1791,14,1,799
1791,2,2,3499
1792,20,2,849
1792,5,1,2999
1793,4,1,1299
1793,16,1,899
1793,20,1,849
1794,6,2,4999
1794,20,1,849
1794,1,1,1999
1794,12,1,1499
1795,7,1,3299
1795,20,2,849
1795,1,2,1999
1795,19,2,999
1796,1,1,1999
1796,9,1,699
1796,15,1,3199
1797,20,2,849
1798,14,2,799
1798,7,1,3299
1798,6,2,4999
1798,11,1,2799
1799,1,1,1999
1799,14,2,799
1800,19,3,999
1800,6,2,4999
1800,5,1,2999
1801,11,1,2799
1801,19,2,999
1801,13,1,2999
1802,6,2,4999
1802,2,1,3499
1802,14,2,799
1803,4,3,1299
1803,7,1,3299
1803,19,1,999
1804,3,1,2499
1804,20,1,849
1805,12,3,1499
1806,1,3,1999
1806,4,2,1299
1806,19,2,999
1807,2,2,3499
1808,8,3,999
1808,11,2,2799
1808,17,3,749
1808,19,2,999
1809,5,1,2999
1809,7,3,3299
1809,10,1,1599
1809,6,3,4999
1810,3,1,2499
1810,2,3,3499
1810,10,2,1599
1811,3,2,2499
1812,19,3,999
1812,17,1,749
1812,4,3,1299
1813,14,3,799
1813,20,1,849
1813,1,1,1999
1813,6,1,4999
1814,7,3,3299
1814,4,1,1299
1814,1,2,1999
1814,11,1,2799
1815,12,3,1499
1816,2,2,3499
1817,8,3,999
1817,20,3,849
1817,6,2,4999
1817,7,3,3299
1818,17,2,749
1819,8,2,999
1820,17,1,749
1820,6,1,4999
1821,12,2,1499
1821,6,3,4999
1822,13,2,2999
1823,19,3,999
1823,6,3,4999
1823,1,3,1999
1824,14,3,799
1824,4,1,1299
1824,15,2,3199
1824,17,3,749
1825,12,3,1499
1825,16,3,899
1825,6,1,4999
1826,6,2,4999
1826,12,2,1499
1826,4,1,1299
1826,5,2,2999
1827,20,3,849
1827,9,2,699
1828,15,2,3199
1829,3,2,2499
1829,15,1,3199
1829,13,3,2999
1830,9,2,699
1830,18,2,699
1830,12,1,1499
1830,10,3,1599
1831,8,3,999
1831,10,2,1599
1831,15,1,3199
1831,17,2,749
1832,9,2,699
1833,1,1,1999
1833,11,1,2799
1833,6,2,4999
1833,4,1,1299
1834,1,3,1999
1835,1,3,1999
1835,18,3,699
1836,18,3,699
1836,20,3,849
1836,8,3,999
1837,1,2,1999
1837,5,2,2999
1838,13,1,2999
1838,4,2,1299
1838,12,2,1499
1838,7,2,3299
1839,14,3,799
1839,15,2,3199
1839,2,3,3499
1840,1,1,1999
1841,10,1,1599
1841,20,3,849
1841,9,3,699
1842,12,2,1499
1842,6,1,4999
1842,10,1,1599
1842,2,1,3499
1843,11,1,2799
1843,14,1,799
1844,15,2,3199
1844,1,2,1999
1844,9,2,699
1845,20,2,849
1845,8,1,999
1845,14,1,799
1846,10,3,1599
1846,11,2,2799
1847,13,3,2999
1847,5,1,2999
1848,15,1,3199
1848,16,2,899
1849,18,3,699
1849,11,2,2799
1849,19,1,999
1850,11,2,2799
1850,4,1,1299
1851,2,2,3499
1852,9,2,699
1853,12,2,1499
1853,5,2,2999
1854,19,2,999
1854,15,2,3199
1854,7,3,3299
1855,8,1,999
1856,8,3,999
1856,17,1,749
1857,12,1,1499
1858,6,1,4999
1858,11,1,2799
1858,3,2,2499
1858,19,3,999
1859,16,1,899
1859,17,1,749
1860,7,2,3299
1860,10,1,1599
1860,9,3,699
1860,13,2,2999
1861,10,1,1599
1862,14,3,799
1862,9,3,699
1862,11,3,2799
1862,2,3,3499
1863,16,3,899
1863,8,1,999
1863,1,3,1999
1864,17,3,749
1864,10,2,1599
1864,19,2,999
1864,6,2,4999
1865,19,3,999
1865,12,2,1499
1865,15,2,3199
1865,6,2,4999
1866,19,1,999
1867,5,2,2999
1868,15,1,3199
1869,9,1,699
1870,3,1,2499
1871,3,3,2499
1872,1,3,1999
1873,12,2,1499
1874,12,3,1499
1874,3,3,2499
1875,11,1,2799
1876,1,1,1999
1877,12,3,1499
1877,4,2,1299
1877,8,1,999
1878,17,3,749
1879,7,2,3299
1879,15,1,3199
1879,20,2,849
1880,7,3,3299
1881,12,3,1499
1881,8,1,999
1882,15,3,3199
1882,8,2,999
1882,3,2,2499
1883,4,2,1299
1883,20,1,849
1883,13,2,2999
1884,16,1,899
1884,6,3,4999
1884,15,3,3199
1884,1,2,1999
1885,13,2,2999
1886,4,3,1299
1887,14,2,799
1887,9,1,699
1887,2,1,3499
1888,9,1,699
1889,9,3,699
1890,19,1,999
1890,11,1,2799
1891,20,1,849
1891,1,3,1999
1891,6,3,4999
1892,4,3,1299
1892,8,3,999
1892,11,2,2799
1893,14,3,799
1894,7,2,3299
1895,18,2,699
1895,16,3,899
1896,15,1,3199
1896,1,3,1999
1896,9,1,699
1896,4,3,1299
1897,1,2,1999
1897,6,1,4999
1897,18,2,699
1897,5,2,2999
1898,3,3,2499
1898,2,3,3499
1899,1,1,1999
1900,6,2,4999
1900,9,1,699
1901,4,2,1299
1901,5,3,2999
1901,19,2,999
1902,9,1,699
1902,19,1,999
1902,14,2,799
1902,7,1,3299
1903,7,1,3299
1903,6,1,4999
1903,14,3,799
1904,4,2,1299
1904,13,1,2999
1904,7,1,3299
1904,2,3,3499
1905,2,3,3499
1906,7,3,3299
1906,14,1,799
1906,18,1,699
1907,16,1,899
1908,20,1,849
1908,15,1,3199
1909,19,1,999
1909,2,3,3499
1909,17,2,749
1909,16,2,899
1910,14,1,799
1910,4,3,1299
1910,16,1,899
1911,14,1,799
1911,2,1,3499
1912,13,1,2999
1913,1,2,1999
1913,19,2,999
1914,6,3,4999
1914,14,3,799
1915,15,3,3199
1916,19,1,999
1916,18,2,699
1916,12,1,1499
1917,6,2,4999
1918,9,3,699
1918,16,3,899
1918,18,2,699
1918,14,1,799
1919,10,1,1599
1919,15,3,3199
1919,9,3,699
1920,19,1,999
1921,2,3,3499
1921,20,3,849
1921,13,3,2999
1922,11,2,2799
1922,8,3,999
1923,4,3,1299
1923,8,3,999
1924,6,1,4999
1925,12,2,1499
1926,18,3,699
1927,8,1,999
1927,19,3,999
1927,4,3,1299
1927,1,3,1999
1928,19,1,999
1929,16,2,899
1929,7,3,3299
1930,13,1,2999
1931,16,1,899
1931,9,1,699
1931,13,1,2999
1931,8,3,999
1932,4,3,1299
1933,3,3,2499
1933,18,2,699
1933,12,2,1499
1934,9,1,699
1934,1,2,1999
1935,15,2,3199
1936,13,1,2999
1936,14,3,799
1936,15,1,3199
1937,5,3,2999
1938,17,3,749
1938,15,2,3199
1939,17,2,749
1939,3,3,2499
1939,16,2,899
1940,6,2,4999
1940,8,1,999
1940,12,1,1499
1941,18,1,699
1941,11,3,2799
1942,12,2,1499
1942,19,3,999
1942,1,2,1999
1943,9,2,699
1944,15,1,3199
1944,3,1,2499
1945,3,1,2499
1945,12,3,1499
1945,20,2,849
1945,5,3,2999
1946,9,2,699
1946,10,3,1599
1947,10,1,1599
1947,13,1,2999
1948,10,1,1599
1948,16,2,899
1949,6,1,4999
1949,11,3,2799
1950,14,1,799
1950,13,1,2999
1950,12,2,1499
1950,19,1,999
1951,20,2,849
1951,10,1,1599
1951,16,3,899
1952,14,1,799
1953,8,2,999
1953,11,1,2799
1954,4,1,1299
1954,5,2,2999
1955,1,3,1999
1955,13,3,2999
1956,7,3,3299
1956,18,1,699
1956,19,2,999
1956,3,1,2499
1957,17,3,749
1957,20,1,849
1957,6,3,4999
1958,9,1,699
1958,1,1,1999
1958,12,1,1499
1958,4,1,1299
1959,6,1,4999
1960,1,1,1999
1960,8,3,999
1960,16,3,899
1960,5,3,2999
1961,4,3,1299
1961,15,3,3199
1962,1,1,1999
1963,4,1,1299
1963,19,3,999
1963,15,1,3199
1963,14,3,799
1964,17,2,749
1965,12,1,1499
1965,1,1,1999
1965,4,2,1299
1966,16,1,899
1967,5,2,2999
1967,15,1,3199
1967,2,2,3499
1967,8,1,999
1968,5,2,2999
1968,20,2,849
1968,7,2,3299
1968,13,1,2999
1969,18,2,699
1969,4,3,1299
1969,1,1,1999
1969,6,3,4999
1970,1,1,1999
1971,6,2,4999
1971,4,3,1299
1972,9,2,699
1972,13,2,2999
1972,16,3,899
1972,1,3,1999
1973,5,1,2999
1973,3,3,2499
1973,11,1,2799
1974,1,1,1999
1974,7,3,3299
1974,19,3,999
1974,12,2,1499
1975,20,3,849
1976,8,1,999
1977,1,2,1999
1978,16,3,899
1978,12,2,1499
1978,18,2,699
1978,13,3,2999
1979,3,1,2499
1980,9,3,699
1980,5,2,2999
1980,16,1,899
1980,17,2,749
1981,18,2,699
1981,3,2,2499
1982,17,2,749
1982,4,1,1299
1982,11,2,2799
1982,12,3,1499
1983,5,2,2999
1984,5,2,2999
1984,2,1,3499
1984,12,1,1499
1984,3,2,2499
1985,9,2,699
1985,16,3,899
1985,18,3,699
1985,8,1,999
1986,6,2,4999
1987,6,3,4999
1987,13,1,2999
1987,2,2,3499
1987,20,2,849
1988,2,2,3499
1988,15,2,3199
1988,14,1,799
1989,3,3,2499
1989,7,3,3299
1989,11,2,2799
1989,19,2,999
1990,17,3,749
1990,16,3,899
1990,2,1,3499
1990,14,2,799
1991,11,2,2799
1992,16,3,899
1992,7,2,3299
1993,7,2,3299
1993,11,1,2799
1993,14,3,799
1994,9,1,699
1994,6,3,4999
1994,14,3,799
1995,7,3,3299
1995,13,1,2999
1995,5,1,2999
1995,15,1,3199
1996,3,2,2499
1997,6,3,4999
1997,2,3,3499
1997,10,2,1599
1997,20,1,849
1998,2,1,3499
1998,12,1,1499
1999,1,3,1999
1999,6,2,4999
2000,9,2,699
2000,16,3,899
2000,3,1,2499
2000,2,1,3499
2001,7,3,3299
2001,15,1,3199
2001,2,1,3499
2001,11,2,2799
2002,9,2,699
2002,20,3,849
2003,14,3,799
2003,8,1,999
2003,18,3,699
2003,1,1,1999
2004,4,1,1299
2004,8,2,999
2004,19,3,999
2005,13,1,2999
2006,14,1,799
2006,15,2,3199
2006,13,1,2999
2006,11,3,2799
2007,1,3,1999
2007,15,3,3199
2007,20,2,849
2008,6,1,4999
2009,6,1,4999
2010,9,3,699
2010,18,1,699
2010,2,1,3499
2011,6,1,4999
2012,12,3,1499
2012,2,3,3499
2012,4,1,1299
2013,7,1,3299
2013,20,1,849
2013,8,2,999
2014,18,1,699
2015,9,1,699
2015,20,1,849
2016,2,1,3499
2016,4,1,1299
2017,9,1,699
2017,6,2,4999
2017,3,1,2499
2018,20,1,849
2018,4,2,1299
2018,5,2,2999
2019,5,2,2999
2019,14,1,799
2019,9,3,699
2019,16,3,899
2020,4,1,1299
2020,15,3,3199
2020,8,3,999
2020,1,1,1999
2021,4,2,1299
2021,3,3,2499
2022,5,3,2999
2022,4,3,1299
2023,19,2,999
2023,15,3,3199
2023,5,1,2999
2023,9,2,699
2024,11,3,2799
2024,18,1,699
2024,4,3,1299
2025,16,1,899
2025,13,1,2999
2025,7,3,3299
2025,18,3,699
2026,6,2,4999
2027,17,3,749
2027,12,1,1499
2027,20,3,849
2028,5,3,2999
2028,13,3,2999
2028,6,2,4999
2028,1,2,1999
2029,11,1,2799
2029,12,3,1499
2030,4,3,1299
2031,15,2,3199
2031,6,1,4999
2031,18,3,699
2032,8,1,999
2032,9,2,699
2033,13,1,2999
2033,6,2,4999
2033,15,2,3199
2033,2,1,3499
2034,6,2,4999
2034,3,2,2499
2035,19,1,999
2036,6,2,4999
2036,10,1,1599
2037,1,2,1999
2037,17,3,749
2037,5,1,2999
2037,15,2,3199
2038,16,2,899
2039,1,1,1999
2039,20,2,849
2039,11,1,2799
2040,8,1,999
2040,4,1,1299
2041,14,2,799
2042,4,1,1299
2042,7,2,3299
2042,15,2,3199
2043,7,3,3299
2043,9,1,699
2043,10,2,1599
2043,6,2,4999
2044,1,1,1999
2044,3,2,2499
2044,16,3,899
2044,7,1,3299
2045,9,1,699
2045,3,1,2499
2045,16,2,899
2046,15,1,3199
2046,19,2,999
2046,1,2,1999
2047,18,3,699
2047,19,2,999
2047,2,1,3499
2047,9,1,699
2048,1,3,1999
2049,9,3,699
2049,6,2,4999
2049,3,1,2499
2049,13,2,2999
2050,18,1,699
2050,3,2,2499
2050,9,2,699
2050,14,3,799
2051,9,1,699
2051,7,2,3299
2051,15,3,3199
2052,9,3,699
2052,14,2,799
2052,15,1,3199
2052,5,2,2999
2053,17,2,749
2054,6,3,4999
2054,19,2,999
2054,4,2,1299
2054,1,1,1999
2055,14,1,799
2055,2,3,3499
2055,11,1,2799
2055,19,2,999
2056,16,2,899
2056,15,2,3199
2056,7,3,3299
2056,1,1,1999
2057,3,2,2499
2057,1,3,1999
2057,17,3,749
2058,13,2,2999
2059,13,1,2999
2059,1,3,1999
2059,11,3,2799
2059,18,2,699
2060,18,3,699
2060,14,2,799
2060,3,3,2499
2061,13,1,2999
2062,19,3,999
2063,7,1,3299
2063,8,2,999
2063,15,3,3199
2064,19,1,999
2064,10,3,1599
2064,6,3,4999
2064,1,3,1999
2065,10,2,1599
2065,1,2,1999
2065,4,3,1299
2066,20,2,849
2067,9,3,699
2067,8,3,999
2068,15,3,3199
2069,13,2,2999
2069,9,3,699
2069,8,3,999
2069,4,3,1299
2070,17,2,749
2070,3,1,2499
2071,14,1,799
2071,10,2,1599
2072,15,1,3199
2073,10,3,1599
2073,20,2,849
2074,19,3,999
2074,6,2,4999
2074,15,1,3199
2075,20,2,849
2076,18,1,699
2077,2,3,3499
2077,6,2,4999
2077,14,2,799
2077,7,2,3299
2078,9,3,699
2078,11,3,2799
2079,5,3,2999
2079,10,2,1599
2079,6,1,4999
2080,15,1,3199
2080,12,1,1499
2081,8,3,999
2082,5,2,2999
2082,10,2,1599
2082,2,1,3499
2083,9,2,699
2083,1,3,1999
2083,8,2,999
2084,16,2,899
2084,8,3,999
2084,17,2,749
2084,12,2,1499
2085,13,2,2999
2085,15,3,3199
2085,17,1,749
2085,14,1,799
2086,5,2,2999
2086,2,1,3499
2087,1,2,1999
2087,13,2,2999
2088,12,3,1499
2088,13,3,2999
2089,11,3,2799
2089,18,2,699
2090,12,1,1499
2090,14,2,799
2091,20,2,849
2091,8,1,999
2091,4,3,1299
2092,1,2,1999
2092,20,2,849
2092,19,1,999
2092,3,3,2499
2093,8,3,999
2093,2,3,3499
2093,10,1,1599
2094,11,1,2799
2094,5,1,2999
2094,18,3,699
2094,16,3,899
2095,5,1,2999
2095,10,2,1599
2096,1,2,1999
2096,19,2,999
2097,5,3,2999
2097,19,2,999
2097,18,2,699
2097,2,3,3499
2098,15,3,3199
2099,5,1,2999
2099,10,2,1599
2099,1,2,1999
2099,19,2,999
2100,20,1,849
2100,11,1,2799
2100,13,2,2999
2100,4,2,1299
2101,8,2,999
2102,20,3,849
2102,19,1,999
2102,3,3,2499
2103,10,2,1599
2103,20,2,849
2104,15,3,3199
2105,16,2,899
2106,18,2,699
2107,3,2,2499
2107,9,1,699
2107,12,2,1499
2108,12,2,1499
2109,9,1,699
2109,13,3,2999
2109,12,3,1499
2110,2,2,3499
2111,4,1,1299
2111,18,1,699
2111,9,3,699
2112,19,2,999
2112,13,1,2999
2113,1,3,1999
2113,15,1,3199
2113,18,1,699
2114,10,3,1599
2114,14,1,799
2114,7,2,3299
2114,18,3,699
2115,9,3,699
2115,1,1,1999
2115,17,2,749
2116,2,3,3499
2116,4,3,1299
2117,3,1,2499
2117,20,3,849
2118,18,1,699
2118,11,2,2799
2118,20,1,849
2119,2,1,3499
2119,10,1,1599
2119,15,2,3199
2119,6,1,4999
2120,9,3,699
2120,10,3,1599
2120,16,1,899
2121,10,2,1599
2122,14,2,799
2122,16,1,899
2122,13,2,2999
2123,8,3,999
2123,1,2,1999
2123,5,1,2999
2124,1,2,1999
2124,7,1,3299
2124,13,2,2999
2124,17,1,749
2125,12,1,1499
2126,9,1,699
2126,1,1,1999
2126,18,3,699
2126,4,1,1299
2127,5,2,2999
2128,15,3,3199
2128,12,2,1499
2129,2,1,3499
2129,20,1,849
2129,18,2,699
2129,14,2,799
2130,2,2,3499
2130,11,3,2799
2131,17,1,749
2131,3,3,2499
2132,17,2,749
2132,7,2,3299
2132,10,2,1599
2133,5,3,2999
2133,4,2,1299
2133,16,1,899
2134,14,1,799
2135,5,1,2999
2135,14,1,799
2135,13,2,2999
2135,1,1,1999
2136,3,2,2499
2137,12,3,1499
2138,3,3,2499
2138,7,2,3299
2138,8,2,999
2139,7,3,3299
2139,4,2,1299
2139,11,3,2799
2140,17,3,749
2141,19,2,999
2141,7,1,3299
2141,14,3,799
2141,11,1,2799
2142,13,3,2999
2142,18,2,699
2142,1,1,1999
2142,12,1,1499
2143,8,3,999
2143,1,1,1999
2143,4,1,1299
2144,5,1,2999
2144,16,3,899
2145,18,2,699
2145,5,1,2999
2146,9,2,699
2146,6,2,4999
2147,5,1,2999
2147,2,3,3499
2147,20,1,849
2148,20,3,849
2148,7,2,3299
2148,8,2,999
2148,6,1,4999
2149,20,3,849
2149,1,2,1999
2150,5,2,2999
2150,13,2,2999
2150,2,2,3499
2151,1,1,1999
2152,5,2,2999
2152,20,2,849
2152,16,1,899
2152,15,1,3199
2153,10,1,1599
2153,16,1,899
2153,1,3,1999
2153,15,2,3199
2154,20,2,849
2154,17,1,749
2155,2,2,3499
2155,5,1,2999
2155,16,3,899
2156,14,2,799
2156,5,1,2999
2156,12,1,1499
2156,1,1,1999
2157,9,3,699
2157,14,2,799
2157,3,2,2499
2157,10,2,1599
2158,19,3,999
2158,20,2,849
2159,20,1,849
2159,17,3,749
2159,14,3,799
2160,5,2,2999
2160,14,2,799
2161,5,1,2999
2162,4,2,1299
2163,3,1,2499
2164,16,3,899
2164,10,1,1599
2164,6,2,4999
2165,5,2,2999
2165,7,3,3299
2166,13,3,2999
2167,19,2,999
2167,12,2,1499
2167,13,3,2999
2168,17,3,749
2168,14,2,799
2168,15,3,3199
2169,5,1,2999
2169,7,3,3299
2169,13,1,2999
2169,4,3,1299
2170,14,2,799
2171,11,2,2799
2171,16,2,899
2171,17,2,749
2172,9,2,699
2172,1,3,1999
2172,19,2,999
2172,2,2,3499
2173,12,1,1499
2174,9,2,699
2174,10,1,1599
2175,7,2,3299
2175,17,3,749
2176,3,2,2499
2177,9,3,699
2177,5,3,2999
2177,7,2,3299
2178,1,3,1999
2178,9,1,699
2179,20,2,849
2180,5,1,2999
2180,18,1,699
2180,9,2,699
2181,15,1,3199
2182,19,2,999
2183,5,3,2999
2184,8,1,999
2185,15,1,3199
2186,15,2,3199
2186,16,2,899
2186,10,3,1599
2186,14,2,799
2187,7,3,3299
2187,1,3,1999
2188,4,1,1299
2188,19,1,999
2188,14,3,799
2189,18,1,699
2189,13,2,2999
2189,9,2,699
2190,1,2,1999
2190,13,1,2999
2191,17,1,749
2192,12,3,1499
2192,11,3,2799
2192,10,3,1599
2192,14,1,799
2193,16,2,899
2193,4,3,1299
2194,2,3,3499
2195,2,2,3499
2195,18,3,699
2195,9,2,699
2195,15,3,3199
2196,7,1,3299
2196,19,3,999
2196,17,3,749
2197,12,3,1499
2198,12,1,1499
2198,17,2,749
2198,13,3,2999
2199,17,1,749
2199,1,1,1999
2200,6,1,4999
2201,5,3,2999
2202,1,1,1999
2202,16,2,899
2203,8,1,999
2203,16,3,899
2204,9,3,699
2204,17,2,749
2205,2,2,3499
2205,14,2,799
2205,16,3,899
2206,11,3,2799
2206,12,2,1499
2207,4,2,1299
2207,11,2,2799
2208,17,2,749
2209,9,2,699
2209,2,3,3499
2209,10,3,1599
2210,2,3,3499
2210,4,2,1299
2210,5,1,2999
2210,8,1,999
2211,2,3,3499
2212,10,2,1599
2212,9,2,699
2213,8,2,999
2214,20,2,849
2214,11,1,2799
2215,12,3,1499
2215,15,2,3199
2215,6,1,4999
2215,5,1,2999
2216,5,3,2999
2217,8,1,999
2217,20,2,849
2218,18,2,699
2218,8,1,999
2218,14,2,799
2219,6,3,4999
2219,4,2,1299
2219,12,3,1499
2219,18,1,699
2220,1,1,1999
2220,11,1,2799
2220,20,3,849
2220,6,3,4999
2221,8,2,999
2222,18,2,699
2222,7,2,3299
2222,16,1,899
2223,7,1,3299
2223,1,2,1999
2224,4,1,1299
2224,18,2,699
2225,14,1,799
2225,20,2,849
2225,3,3,2499
2225,1,2,1999
2226,8,3,999
2226,9,3,699
2227,14,2,799
2227,16,3,899
2228,10,2,1599
2228,9,1,699
2229,3,2,2499
2229,15,2,3199
2229,10,2,1599
2230,8,1,999
2230,16,1,899
2230,5,3,2999
2230,13,3,2999
2231,6,3,4999
2231,16,2,899
2232,7,3,3299
2233,3,2,2499
2233,7,3,3299
2233,9,2,699
2234,19,2,999
2234,1,2,1999
2235,12,3,1499
2236,9,3,699
2237,3,3,2499
2237,5,1,2999
2238,14,1,799
2238,20,1,849
2238,4,3,1299
2238,17,3,749
2239,8,3,999
2239,3,1,2499
2239,10,2,1599
2239,7,1,3299
2240,4,2,1299
2240,1,3,1999
2241,17,1,749
2241,11,2,2799
2241,14,2,799
2241,10,1,1599
2242,8,2,999
2242,3,2,2499
2243,2,3,3499
2243,6,2,4999
2244,6,3,4999
2244,10,1,1599
2245,2,2,3499
2245,4,2,1299
2245,11,3,2799
2245,3,3,2499
2246,17,1,749
2246,5,1,2999
2247,6,1,4999
2247,20,2,849
2248,3,1,2499
2249,7,1,3299
2250,8,2,999
2250,9,2,699
2251,10,1,1599
2251,20,1,849
2251,15,2,3199
2251,14,3,799
2252,19,2,999
2253,9,3,699
2253,19,3,999
2254,11,3,2799
2255,9,2,699
2256,14,2,799
2256,10,2,1599
2256,4,1,1299
2256,9,1,699
2257,13,3,2999
2257,14,1,799
2257,11,2,2799
2258,19,2,999
2258,18,3,699
2259,19,2,999
2259,5,2,2999
2259,10,1,1599
2259,4,1,1299
2260,11,1,2799
2260,9,3,699
2261,19,2,999
2261,1,1,1999
2262,20,3,849
2262,18,1,699
2263,13,3,2999
2264,16,2,899
2264,5,1,2999
2265,16,2,899
2265,18,3,699
2265,1,2,1999
2265,5,3,2999
2266,15,2,3199
2266,13,3,2999
2266,6,2,4999
2267,12,1,1499
2267,13,3,2999
2267,7,1,3299
2268,7,2,3299
2269,14,3,799
2269,13,2,2999
2270,14,3,799
2271,4,2,1299
2272,19,3,999
2272,9,3,699
2273,16,2,899
2273,14,3,799
2274,3,2,2499
2274,2,2,3499
2274,20,3,849
2275,1,1,1999
2275,10,2,1599
2275,3,3,2499
2275,20,1,849
2276,13,3,2999
2277,5,2,2999
2277,4,3,1299
2277,7,3,3299
2278,7,1,3299
2278,3,3,2499
2278,14,2,799
2279,2,1,3499
2279,3,3,2499
2279,11,1,2799
2279,16,2,899
2280,1,2,1999
2280,5,3,2999
2280,10,1,1599
2281,5,3,2999
2282,20,1,849
2283,14,1,799
2283,7,3,3299
2283,3,1,2499
2284,19,2,999
2285,3,3,2499
2286,20,1,849
2286,14,2,799
2286,6,3,4999
2286,13,2,2999
2287,10,3,1599
2287,3,2,2499
2287,1,2,1999
2287,5,2,2999
2288,17,2,749
2288,20,2,849
2288,12,3,1499
2289,4,2,1299
2289,19,2,999
2289,11,2,2799
2290,15,2,3199
2290,3,1,2499
2291,9,2,699
2292,4,2,1299
2292,8,3,999
2292,1,3,1999
2293,1,1,1999
2294,16,1,899
2295,4,2,1299
2296,18,2,699
2296,5,1,2999
2297,20,1,849
2297,19,1,999
2297,10,2,1599
2298,8,2,999
2299,7,1,3299
2299,11,1,2799
2299,15,3,3199
2300,16,3,899
2300,18,2,699
2300,2,3,3499
2301,10,1,1599
2302,20,2,849
2303,18,3,699
2303,14,3,799
2303,15,1,3199
2303,10,3,1599
2304,1,1,1999
2304,13,2,2999
2305,18,1,699
2305,19,1,999
2305,4,3,1299
2305,5,3,2999
2306,11,2,2799
2307,1,1,1999
2307,18,3,699
2307,9,3,699
2308,12,3,1499
2308,5,3,2999
2308,17,2,749
2309,8,2,999
2309,20,2,849
2309,15,1,3199
2309,9,1,699
2310,18,1,699
2310,3,2,2499
2310,10,1,1599
2310,2,3,3499
2311,20,2,849
2311,13,2,2999
2312,6,2,4999
2312,8,1,999
2312,5,1,2999
2313,10,3,1599
2313,4,2,1299
2314,11,3,2799
2314,15,1,3199
2314,10,2,1599
2315,12,1,1499
2315,15,1,3199
2316,12,1,1499
2316,6,2,4999
2316,8,3,999
2317,5,3,2999
2318,6,1,4999
2318,4,3,1299
2318,16,1,899
2318,10,1,1599
2319,12,3,1499
2320,1,2,1999
2320,13,1,2999
2320,8,1,999
2320,5,1,2999
2321,1,1,1999
2321,6,2,4999
2321,5,1,2999
2322,12,2,1499
2322,8,3,999
2323,6,3,4999
2324,13,1,2999
2324,9,3,699
2324,16,3,899
2325,19,2,999
2325,5,2,2999
2325,8,3,999
2325,1,1,1999
2326,18,2,699
2326,3,2,2499
2326,10,2,1599
2326,11,3,2799
2327,12,1,1499
2327,7,3,3299
2327,4,2,1299
2328,12,1,1499
2329,18,3,699
2329,3,3,2499
2330,5,1,2999
2331,1,1,1999
2331,13,2,2999
2331,16,1,899
2331,14,1,799
2332,3,2,2499
2332,5,3,2999
2333,3,3,2499
2333,20,2,849
2333,10,1,1599
2333,5,1,2999
2334,19,3,999
2334,18,3,699
2335,14,2,799
2335,12,2,1499
2335,17,3,749
2336,16,3,899
2337,11,1,2799
2338,13,2,2999
2339,12,1,1499
2339,3,2,2499
2340,12,3,1499
2340,13,2,2999
2340,11,2,2799
2340,19,2,999
2341,9,2,699
2341,19,3,999
2342,1,3,1999
2342,14,2,799
2342,5,2,2999
2343,14,1,799
2344,1,2,1999
2344,15,3,3199
2344,7,2,3299
2345,1,1,1999
2345,6,2,4999
2345,5,2,2999
2346,10,2,1599
2347,2,1,3499
2347,15,1,3199
2347,1,3,1999
2348,8,2,999
2348,7,3,3299
2349,3,2,2499
2349,13,3,2999
2349,16,2,899
2350,17,1,749
2350,14,1,799
2351,17,2,749
2351,9,2,699
2351,5,3,2999
2352,1,2,1999
2352,17,3,749
2352,6,3,4999
2352,13,3,2999
2353,20,3,849
2353,10,1,1599
2353,14,1,799
2354,4,1,1299
2355,12,3,1499
2355,2,1,3499
2356,12,1,1499
2356,17,3,749
2356,2,3,3499
2356,18,3,699
2357,2,1,3499
2357,9,2,699
2357,8,2,999
2358,17,2,749
2358,4,3,1299
2359,7,1,3299
2360,10,2,1599
2360,15,3,3199
2360,4,2,1299
2360,16,1,899
2361,13,3,2999
2362,14,1,799
2363,4,2,1299
2363,3,2,2499
2363,16,3,899
2363,13,3,2999
2364,2,3,3499
2364,11,1,2799
2364,1,2,1999
2364,19,1,999
2365,11,1,2799
2365,15,2,3199
2365,5,1,2999
2365,12,1,1499
2366,13,3,2999
2366,5,2,2999
2366,4,2,1299
2366,15,3,3199
2367,14,1,799
2367,18,1,699
2367,16,1,899
2367,7,1,3299
2368,14,2,799
2368,19,2,999
2368,18,1,699
2368,8,3,999
2369,10,1,1599
2369,14,1,799
2369,4,3,1299
2370,5,3,2999
2370,1,3,1999
2370,15,1,3199
2370,8,2,999
2371,5,3,2999
2371,11,3,2799
2371,20,2,849
2372,3,1,2499
2372,5,3,2999
2372,20,2,849
2372,2,1,3499
2373,12,3,1499
2374,4,2,1299
2374,19,2,999
2374,16,3,899
2374,20,3,849
2375,10,1,1599
2375,2,1,3499
2375,13,2,2999
2375,17,2,749
2376,13,1,2999
2376,12,2,1499
2377,9,1,699
2378,8,2,999
2378,14,2,799
2378,2,3,3499
2378,4,3,1299
2379,2,1,3499
2380,13,3,2999
2380,12,3,1499
2381,8,2,999
2381,11,3,2799
2382,10,3,1599
2383,13,1,2999
2383,10,1,1599
2383,8,1,999
2383,5,2,2999
2384,10,3,1599
2384,13,2,2999
2385,10,1,1599
2385,1,1,1999
2386,13,1,2999
2386,1,3,1999
2386,11,1,2799
2387,7,2,3299
2387,2,2,3499
2387,20,3,849
2387,8,1,999
2388,2,3,3499
2389,17,3,749
2389,4,1,1299
2389,1,1,1999
2389,10,3,1599
2390,20,3,849
2390,2,3,3499
2391,14,2,799
2391,20,2,849
2391,3,1,2499
2391,8,3,999
2392,17,2,749
2392,3,3,2499
2392,12,2,1499
2392,10,2,1599
2393,12,3,1499
2394,16,2,899
2394,7,1,3299
2394,15,1,3199
2394,17,3,749
2395,16,3,899
2395,14,2,799
2396,17,2,749
2397,14,2,799
2397,8,3,999
2398,15,1,3199
2398,13,3,2999
2399,19,3,999
2400,6,3,4999
2400,18,3,699
2401,11,3,2799
2401,19,1,999
2402,14,3,799
2402,11,2,2799
2403,18,1,699
2403,1,1,1999
2403,11,3,2799
2404,16,3,899
2404,18,1,699
2404,7,1,3299
2405,3,2,2499
2405,4,1,1299
2405,10,1,1599
2405,17,3,749
2406,17,3,749
2406,15,2,3199
2407,19,1,999
2407,7,1,3299
2408,2,3,3499
2408,16,1,899
2408,9,2,699
2408,6,3,4999
2409,20,2,849
2409,7,1,3299
2409,4,1,1299
2409,1,1,1999
2410,14,2,799
2410,5,1,2999
2410,9,2,699
2410,15,3,3199
2411,9,2,699
2412,2,2,3499
2412,13,1,2999
2412,18,2,699
2413,9,2,699
2414,17,3,749
2414,7,1,3299
2414,9,2,699
2415,14,1,799
2415,16,2,899
2416,16,1,899
2416,12,3,1499
2416,17,3,749
2416,20,2,849
2417,9,1,699
2417,10,3,1599
2418,10,2,1599
2419,13,3,2999
2419,15,1,3199
2419,6,1,4999
2420,15,2,3199
2421,1,1,1999
2421,8,1,999
2421,18,2,699
2422,1,2,1999
2422,10,1,1599
2423,5,2,2999
2424,8,3,999
2424,16,2,899
2425,19,1,999
2425,1,2,1999
2425,9,2,699
2426,6,3,4999
2426,12,2,1499
2426,4,2,1299
2426,2,1,3499
2427,3,1,2499
2427,9,3,699
2427,14,3,799
2428,12,3,1499
2428,20,1,849
2428,11,3,2799
2429,14,2,799
2430,11,2,2799
2431,14,3,799
2431,1,2,1999
2432,19,3,999
2433,1,3,1999
2433,8,3,999
2434,11,3,2799
2435,15,1,3199
2435,8,2,999
2435,4,1,1299
2435,6,3,4999
2436,10,3,1599
2437,10,3,1599
2437,12,1,1499
2437,2,3,3499
2437,5,1,2999
2438,13,1,2999
2438,15,3,3199
2438,6,2,4999
2438,3,2,2499
2439,17,3,749
2440,2,3,3499
2441,11,1,2799
2442,13,1,2999
2442,11,2,2799
2443,2,3,3499
2444,13,1,2999
2444,19,2,999
2445,1,2,1999
2446,10,1,1599
2446,12,1,1499
2446,3,2,2499
2446,19,2,999
2447,17,3,749
2447,8,3,999
2447,18,1,699
2447,16,1,899
2448,15,3,3199
2448,13,1,2999
2448,2,2,3499
2448,8,1,999
2449,10,3,1599
2449,3,3,2499
2449,18,1,699
2450,18,2,699
2450,5,1,2999
2451,13,3,2999
2451,2,2,3499
2451,4,1,1299
2452,12,1,1499
2452,8,1,999
2453,14,1,799
2454,16,1,899
2455,16,1,899
2455,14,1,799
2455,20,1,849
2456,2,2,3499
2457,1,1,1999
2457,18,1,699
2457,11,1,2799
2458,20,2,849
2459,20,2,849
2459,13,2,2999
2460,8,2,999
2461,14,3,799
2461,8,2,999
2462,1,2,1999
2462,12,2,1499
2463,10,1,1599
2463,2,3,3499
2463,6,3,4999
2463,5,3,2999
2464,6,3,4999
2464,16,1,899
2464,14,1,799
2464,7,2,3299
2465,6,1,4999
2465,4,2,1299
2465,12,3,1499
2466,14,2,799
2466,9,1,699
2467,1,1,1999
2467,7,1,3299
2467,13,2,2999
2467,8,3,999
2468,3,3,2499
2468,12,1,1499
2469,13,2,2999
2470,13,3,2999
2471,17,2,749
2471,6,2,4999
2472,19,2,999
2472,13,3,2999
2472,2,2,3499
2472,16,3,899
2473,20,1,849
2473,2,1,3499
2473,11,2,2799
2473,6,1,4999
2474,18,3,699
2475,11,1,2799
2475,14,1,799
2476,12,3,1499
2476,15,2,3199
2476,6,1,4999
2477,3,3,2499
2478,13,3,2999
2479,3,1,2499
2479,14,3,799
2479,16,3,899
2479,12,1,1499
2480,3,3,2499
2480,16,3,899
2481,8,2,999
2482,11,1,2799
2482,14,3,799
2483,20,1,849
2483,5,2,2999
2484,11,1,2799
2484,18,3,699
2485,7,1,3299
2485,13,1,2999
2486,4,2,1299
2486,7,2,3299
2486,18,1,699
2487,16,3,899
2488,10,1,1599
2488,12,3,1499
2488,18,2,699
2488,15,3,3199
2489,15,2,3199
2490,3,1,2499
2491,5,3,2999
2491,4,2,1299
2491,16,1,899
2491,8,3,999
2492,4,1,1299
2492,17,2,749
2492,8,3,999
2493,4,3,1299
2494,5,3,2999
2494,1,2,1999
2494,6,1,4999
2495,3,2,2499
2495,4,3,1299
2495,17,1,749
2496,4,2,1299
2496,10,1,1599
2496,16,3,899
2497,10,2,1599
2497,5,1,2999
2497,20,3,849
2498,1,3,1999
2499,2,1,3499
2499,6,2,4999
2500,6,2,4999
2500,19,1,999
2501,18,1,699
2502,9,2,699
2502,5,1,2999
2503,14,2,799
2503,7,3,3299
2503,19,3,999
2504,4,2,1299
2504,17,3,749
2504,13,2,2999
2505,18,2,699
2505,6,3,4999
2506,11,3,2799
2506,1,2,1999
2507,16,3,899
2507,1,2,1999
2507,8,3,999
2508,13,2,2999
2508,11,1,2799
2508,2,3,3499
2508,9,3,699
2509,18,2,699
2509,17,1,749
2510,17,3,749
2510,14,3,799
2510,19,3,999
2510,15,3,3199
2511,14,3,799
2512,1,1,1999
2513,12,1,1499
2513,14,3,799
2513,19,2,999
2513,11,1,2799
2514,10,2,1599
2514,9,3,699
2514,6,1,4999
2514,7,2,3299
2515,1,2,1999
2515,11,3,2799
2515,14,3,799
2516,6,1,4999
2516,18,2,699
2516,14,3,799
2517,5,2,2999
2518,13,3,2999
2518,10,1,1599
2519,18,2,699
2519,2,3,3499
2519,13,2,2999
2519,7,1,3299
2520,20,1,849
2520,11,2,2799
2520,3,3,2499
2520,7,3,3299
2521,16,2,899
2521,2,2,3499
2521,7,1,3299
2521,13,1,2999
2522,20,2,849
2522,9,3,699
2523,5,1,2999
2524,15,1,3199
2525,6,1,4999
2525,14,2,799
2525,5,2,2999
2525,13,3,2999
2526,16,3,899
2526,9,2,699
2526,20,3,849
2526,12,2,1499
2527,7,2,3299
2527,15,1,3199
2527,19,1,999
2528,9,1,699
2529,12,1,1499
2529,7,2,3299
2529,10,2,1599
2529,3,1,2499
2530,19,2,999
2531,8,3,999
2531,10,2,1599
2532,8,1,999
2532,11,3,2799
2532,6,1,4999
2533,2,2,3499
2534,8,2,999
2535,11,3,2799
2535,3,2,2499
2535,19,3,999
2535,4,1,1299
2536,16,1,899
2536,15,3,3199
2536,14,3,799
2537,19,3,999
2537,14,1,799
2537,13,3,2999
2537,18,3,699
2538,1,2,1999
2538,17,3,749
2538,3,1,2499
2539,14,2,799
2539,10,2,1599
2539,1,3,1999
2539,11,1,2799
2540,12,1,1499
2541,10,3,1599
2541,15,3,3199
2541,8,1,999
2541,7,2,3299
2542,5,2,2999
2542,1,3,1999
2542,7,2,3299
2543,17,3,749
2543,16,1,899
2544,10,1,1599
2544,16,1,899
2544,19,1,999
2544,20,1,849
2545,17,2,749
2545,12,2,1499
2545,7,2,3299
2546,6,3,4999
2546,4,3,1299
2546,16,2,899
2547,3,2,2499
2547,6,2,4999
2547,18,2,699
2548,7,1,3299
2548,18,1,699
2549,2,1,3499
2550,20,2,849
2550,6,1,4999
2551,2,3,3499
2551,19,1,999
2552,3,3,2499
2552,20,2,849
2552,10,1,1599
2553,2,2,3499
2553,3,1,2499
2554,18,3,699
2554,3,3,2499
2554,4,2,1299
2554,2,2,3499
2555,14,2,799
2555,8,1,999
2555,10,3,1599
2555,11,3,2799
2556,11,2,2799
2556,5,2,2999
2556,2,3,3499
2557,13,3,2999
2557,3,3,2499
2557,1,3,1999
2557,2,3,3499
2558,13,3,2999
2559,16,2,899
2560,1,1,1999
2560,17,3,749
2561,12,3,1499
2562,16,3,899
2562,5,3,2999
2562,19,2,999
2563,9,3,699
2563,18,1,699
2563,11,2,2799
2563,16,1,899
2564,10,2,1599
2565,5,3,2999
2566,6,1,4999
2567,15,1,3199
2567,13,3,2999
2567,11,3,2799
2568,14,1,799
2568,13,1,2999
2568,9,1,699
2569,17,2,749
2569,18,3,699
2570,3,2,2499
2570,7,3,3299
2571,3,1,2499
2572,15,1,3199
2572,3,3,2499
2572,1,1,1999
2573,18,3,699
2573,6,3,4999
2574,15,2,3199
2574,19,1,999
2574,2,2,3499
2575,16,3,899
2575,7,1,3299
2575,2,1,3499
2575,11,3,2799
2576,17,3,749
2576,14,3,799
2576,11,1,2799
2576,13,3,2999
2577,6,1,4999
2577,17,3,749
2578,12,1,1499
2578,7,2,3299
2579,16,1,899
2579,14,3,799
2579,20,2,849
2579,17,2,749
2580,19,1,999
2580,16,1,899
2580,11,1,2799
2581,20,3,849
2581,6,3,4999
2581,17,2,749
2582,10,3,1599
2583,20,3,849
2584,12,3,1499
2584,11,2,2799
2584,3,2,2499
2584,20,1,849
2585,2,3,3499
2586,7,3,3299
2586,2,2,3499
2586,3,3,2499
2586,11,3,2799
2587,18,3,699
2587,7,3,3299
2587,10,1,1599
2588,14,3,799
2588,2,3,3499
2588,3,1,2499
2589,3,2,2499
2590,13,2,2999
2590,16,2,899
2590,4,2,1299
2590,12,2,1499
2591,20,2,849
2592,5,2,2999
2592,2,3,3499
2592,11,2,2799
2592,7,3,3299
2593,14,3,799
2593,15,2,3199
2593,5,3,2999
2594,18,1,699
2594,8,3,999
2595,13,2,2999
2595,6,2,4999
2596,10,2,1599
2596,13,3,2999
2596,1,3,1999
2597,20,3,849
2598,10,3,1599
2598,4,1,1299
2598,20,2,849
2599,17,3,749
2599,11,3,2799
2600,19,1,999
2600,2,2,3499
2600,16,2,899
2601,8,2,999
2601,14,3,799
2601,18,2,699
2602,19,2,999
2603,12,1,1499
2604,4,1,1299
2605,8,3,999
2605,3,3,2499
2605,9,2,699
2606,9,2,699
2606,4,3,1299
2606,8,3,999
2606,11,3,2799
2607,15,1,3199
2607,7,1,3299
2607,11,1,2799
2608,16,2,899
2608,10,3,1599
2608,20,1,849
2609,7,2,3299
2610,10,1,1599
2611,9,3,699
2612,11,1,2799
2612,19,3,999
2612,20,3,849
2613,4,2,1299
2614,12,2,1499
2614,1,3,1999
2614,2,1,3499
2614,4,2,1299
2615,18,2,699
2615,14,2,799
2615,6,3,4999
2615,17,1,749
2616,15,1,3199
2616,13,2,2999
2616,8,2,999
2616,12,1,1499
2617,2,3,3499
2617,15,3,3199
2617,5,1,2999
2617,18,2,699
2618,3,2,2499
2619,20,2,849
2619,8,3,999
2619,14,1,799
2620,17,3,749
2620,1,3,1999
2620,7,1,3299
2621,12,1,1499
2621,18,3,699
2621,5,1,2999
2621,13,2,2999
2622,5,3,2999
2623,7,1,3299
2623,6,2,4999
2624,18,3,699
2624,19,2,999
2624,5,2,2999
2624,11,2,2799
2625,6,3,4999
2625,12,2,1499
2626,3,2,2499
2626,7,1,3299
2626,13,3,2999
2627,19,1,999
2628,3,1,2499
2628,9,1,699
2628,13,1,2999
2628,5,2,2999
2629,4,1,1299
2630,17,2,749
2631,14,3,799
2632,5,2,2999
2632,12,3,1499
2632,1,2,1999
2632,16,3,899
2633,18,2,699
2633,17,3,749
2633,19,1,999
2634,6,2,4999
2634,13,3,2999
2635,19,3,999
2636,20,2,849
2636,1,2,1999
2637,8,2,999
2638,2,3,3499
2638,4,2,1299
2638,18,3,699
2638,3,3,2499
2639,1,1,1999
2639,15,2,3199
2639,9,1,699
2639,6,1,4999
2640,13,1,2999
2640,1,1,1999
2641,12,1,1499
2641,9,3,699
2641,17,1,749
2641,1,1,1999
2642,1,2,1999
2643,9,3,699
2643,13,3,2999
2643,7,2,3299
2644,3,1,2499
2645,19,2,999
2645,20,3,849
2645,1,2,1999
2645,8,1,999
2646,12,2,1499
2647,9,1,699
2647,13,2,2999
2648,7,2,3299
2648,8,3,999
2648,15,2,3199
2649,2,1,3499
2649,1,2,1999
2649,13,2,2999
2649,9,3,699
2650,16,1,899
2651,11,1,2799
2651,16,1,899
2651,9,2,699
2651,20,3,849
2652,7,2,3299
2652,4,2,1299
2652,18,1,699
2652,3,2,2499
2653,19,2,999
2653,10,1,1599
2653,16,1,899
2654,12,2,1499
2654,10,2,1599
2654,20,1,849
2654,14,3,799
2655,10,2,1599
2655,17,2,749
2656,17,2,749
2656,12,2,1499
2656,14,3,799
2656,1,3,1999
2657,7,3,3299
2658,15,2,3199
2658,20,1,849
2658,19,3,999
2658,12,1,1499
2659,15,1,3199
2659,19,3,999
2659,6,1,4999
2659,20,1,849
2660,6,3,4999
2660,20,3,849
2660,2,1,3499
2660,14,2,799
2661,5,1,2999
2662,13,3,2999
2663,13,3,2999
2664,5,1,2999
2664,10,3,1599
2664,3,2,2499
2665,9,2,699
2665,17,2,749
2665,18,3,699
2666,9,1,699
2667,8,2,999
2667,15,1,3199
2667,14,2,799
2668,18,1,699
2668,13,1,2999
2668,1,3,1999
2668,6,3,4999
2669,3,3,2499
2670,18,3,699
2670,16,3,899
2671,9,1,699
2672,19,1,999
2672,13,2,2999
2672,10,1,1599
2672,18,1,699
2673,1,2,1999
2674,5,1,2999
2675,16,2,899
2676,20,2,849
2676,5,2,2999
2676,3,2,2499
2676,2,1,3499
2677,19,1,999
2677,15,1,3199
2677,9,1,699
2677,18,3,699
2678,7,3,3299
2678,1,2,1999
2679,18,1,699
2679,1,2,1999
2679,14,2,799
2679,2,2,3499
2680,18,3,699
2680,11,1,2799
2680,17,3,749
2681,16,3,899
2681,20,1,849
2681,5,2,2999
2681,1,1,1999
2682,5,3,2999
2682,8,1,999
2682,19,3,999
2683,19,3,999
2683,11,1,2799
2683,17,2,749
2683,6,3,4999
2684,3,2,2499
2684,10,2,1599
2684,6,2,4999
2684,1,2,1999
2685,19,1,999
2685,14,2,799
2686,3,2,2499
2686,6,3,4999
2687,15,2,3199
2687,16,1,899
2687,6,3,4999
2687,9,2,699
2688,6,1,4999
2688,13,2,2999
2688,12,2,1499
2688,16,3,899
2689,20,1,849
2689,19,1,999
2690,16,1,899
2690,19,3,999
2690,14,1,799
2691,16,2,899
2691,8,1,999
2691,20,2,849
2692,12,3,1499
2692,9,1,699
2693,9,3,699
2694,4,2,1299
2695,14,1,799
2695,19,3,999
2695,1,1,1999
2696,15,1,3199
2696,10,3,1599
2696,6,3,4999
2697,16,3,899
2697,3,1,2499
2697,12,1,1499
2697,8,1,999
2698,11,1,2799
2698,1,3,1999
2698,2,3,3499
2698,7,1,3299
2699,14,1,799
2699,3,2,2499
2699,10,3,1599
2699,18,2,699
2700,6,2,4999
2700,8,3,999
2700,4,2,1299
2701,15,3,3199
2701,12,1,1499
2701,9,2,699
2701,8,1,999
2702,12,3,1499
2702,6,2,4999
2703,8,1,999
2704,2,1,3499
2704,6,2,4999
2705,1,2,1999
2705,19,1,999
2705,18,3,699
2706,3,1,2499
2706,13,1,2999
2706,2,1,3499
2707,12,2,1499
2707,11,1,2799
2707,18,3,699
2708,11,1,2799
2708,13,1,2999
2708,10,3,1599
2709,17,2,749
2709,2,3,3499
2710,12,3,1499
2711,4,2,1299
2711,11,2,2799
2711,16,1,899
2711,19,2,999
2712,14,2,799
2712,8,1,999
2712,1,3,1999
2713,14,1,799
2713,8,1,999
2713,11,1,2799
2714,2,3,3499
2714,11,3,2799
2715,15,3,3199
2715,3,1,2499
2715,10,3,1599
2715,7,2,3299
2716,10,2,1599
2717,18,3,699
2718,18,1,699
2718,17,2,749
2719,14,3,799
2719,2,1,3499
2719,12,3,1499
2720,16,1,899
2720,6,2,4999
2720,17,1,749
2720,2,3,3499
2721,10,2,1599
2722,15,3,3199
2723,17,3,749
2723,19,2,999
2723,12,2,1499
2723,4,2,1299
2724,13,3,2999
2724,16,1,899
2724,9,2,699
2725,16,2,899
2725,4,2,1299
2725,3,2,2499
2726,7,3,3299
2726,10,1,1599
2726,8,3,999
2726,3,3,2499
2727,12,2,1499
2727,17,2,749
2728,1,1,1999
2728,7,2,3299
2729,4,3,1299
2729,12,1,1499
2729,10,1,1599
2729,16,1,899
2730,11,2,2799
2730,1,2,1999
2730,2,3,3499
2731,19,2,999
2731,16,3,899
2732,4,1,1299
2732,13,2,2999
2732,7,1,3299
2732,1,3,1999
2733,11,3,2799
2733,6,2,4999
2734,15,3,3199
2735,17,3,749
2735,16,1,899
2736,5,3,2999
2736,15,2,3199
2736,11,1,2799
2737,2,3,3499
2737,12,2,1499
2737,13,2,2999
2738,9,1,699
2739,13,1,2999
2739,14,1,799
2739,2,3,3499
2739,4,1,1299
2740,19,3,999
2741,20,2,849
2741,11,2,2799
2741,18,1,699
2741,10,1,1599
2742,18,1,699
2742,20,3,849
2742,13,1,2999
2743,8,1,999
2744,19,3,999
2744,4,1,1299
2744,9,3,699
2744,20,3,849
2745,17,3,749
2746,13,3,2999
2746,5,2,2999
2746,10,2,1599
2747,9,2,699
2747,3,1,2499
2748,10,1,1599
2749,15,3,3199
2750,1,2,1999
2750,19,2,999
2750,9,1,699
2750,2,2,3499
2751,9,2,699
2752,11,2,2799
2752,16,3,899
2752,9,2,699
2752,2,1,3499
2753,1,3,1999
2753,8,1,999
2753,19,2,999
2753,4,3,1299
2754,1,2,1999
2755,18,1,699
2756,3,1,2499
2757,6,2,4999
2758,15,2,3199
2758,10,2,1599
2758,17,3,749
2759,17,1,749
2759,9,2,699
2759,20,1,849
2760,1,1,1999
2760,3,3,2499
2760,15,2,3199
2760,16,2,899
2761,17,2,749
2761,4,1,1299
2761,19,3,999
2761,3,3,2499
2762,9,2,699
2763,15,1,3199
2763,9,3,699
2763,8,3,999
2763,18,3,699
2764,6,2,4999
2764,8,3,999
2764,4,1,1299
2765,20,2,849
2765,19,3,999
2765,6,2,4999
2766,15,1,3199
2766,8,3,999
2766,4,2,1299
2766,20,2,849
2767,18,3,699
2767,12,2,1499
2768,18,3,699
2768,15,1,3199
2768,3,1,2499
2768,9,2,699
2769,15,2,3199
2769,2,2,3499
2769,14,3,799
2769,1,3,1999
2770,4,2,1299
2770,20,1,849
2771,12,2,1499
2771,9,2,699
2772,1,2,1999
2772,4,2,1299
2772,10,1,1599
2772,11,1,2799
2773,18,2,699
2774,11,1,2799
2775,4,3,1299
2776,19,2,999
2777,5,1,2999
2778,7,2,3299
2778,17,3,749
2779,16,1,899
2779,5,1,2999
2779,7,2,3299
2779,18,3,699
2780,14,2,799
2780,12,3,1499
2781,5,2,2999
2781,1,1,1999
2782,3,1,2499
2782,8,2,999
2782,1,2,1999
2782,5,1,2999
2783,14,2,799
2784,19,3,999
2785,15,3,3199
2785,4,1,1299
2785,6,2,4999
2785,13,3,2999
2786,11,3,2799
2786,6,2,4999
2787,18,1,699
2787,14,1,799
2787,17,2,749
2787,4,1,1299
2788,11,3,2799
2789,13,3,2999
2790,19,1,999
2790,4,3,1299
2790,5,3,2999
2791,6,1,4999
2791,13,1,2999
2791,19,1,999
2791,1,2,1999
2792,12,2,1499
2792,19,1,999
2792,16,3,899
2793,12,2,1499
2793,3,3,2499
2793,5,2,2999
2794,15,2,3199
2794,1,1,1999
2794,7,2,3299
2794,17,2,749
2795,6,1,4999
2795,7,1,3299
2795,19,3,999
2796,19,3,999
2796,6,2,4999
2797,2,2,3499
2798,14,2,799
2798,12,3,1499
2799,20,2,849
2800,14,3,799
2801,11,2,2799
2801,3,2,2499
2801,6,1,4999
2801,20,3,849
2802,20,2,849
2803,2,1,3499
2803,1,2,1999
2804,17,1,749
2804,8,3,999
2805,11,3,2799
2805,7,1,3299
2805,4,3,1299
2805,14,1,799
2806,14,2,799
2807,1,1,1999
2807,8,2,999
2807,7,2,3299
2808,9,1,699
2808,19,3,999
2808,15,3,3199
2808,1,2,1999
2809,16,2,899
2810,19,1,999
2811,20,3,849
2811,19,3,999
2811,14,1,799
2811,4,1,1299
2812,6,3,4999
2812,5,3,2999
2813,10,3,1599
2813,8,1,999
2813,12,3,1499
2813,9,3,699
2814,20,1,849
2814,12,1,1499
2815,17,2,749
2815,14,2,799
2815,6,3,4999
2816,15,2,3199
2817,19,2,999
2818,20,2,849
2818,8,3,999
2819,11,3,2799
2820,4,3,1299
2821,11,1,2799
2821,15,2,3199
2821,14,2,799
2822,17,1,749
2822,19,1,999
2822,15,2,3199
2823,2,2,3499
2823,1,2,1999
2823,17,2,749
2823,7,3,3299
2824,1,2,1999
2824,16,2,899
2825,19,3,999
2825,5,2,2999
2825,15,3,3199
2825,4,2,1299
2826,5,3,2999
2826,17,3,749
2826,12,3,1499
2827,8,2,999
2827,19,3,999
2827,15,1,3199
2828,19,2,999
2828,10,2,1599
2828,20,3,849
2828,9,3,699
2829,14,2,799
2829,5,3,2999
2830,19,1,999
2830,4,3,1299
2830,13,2,2999
2831,19,3,999
2831,2,3,3499
2831,15,3,3199
2832,11,2,2799
2832,14,2,799
2832,18,3,699
2832,3,2,2499
2833,2,3,3499
2833,15,3,3199
2834,11,3,2799
2834,1,3,1999
2835,5,1,2999
2835,7,3,3299
2836,19,3,999
2836,20,2,849
2836,11,3,2799
2836,5,1,2999
2837,7,1,3299
2837,6,2,4999
2837,15,3,3199
2838,7,1,3299
2839,20,3,849
2839,11,2,2799
2839,2,2,3499
2839,8,2,999
2840,16,2,899
2841,16,1,899
2841,13,1,2999
2841,4,3,1299
2842,16,2,899
2842,1,2,1999
2843,5,3,2999
2843,18,1,699
2844,8,2,999
2844,1,2,1999
2844,9,2,699
2845,14,2,799
2845,1,2,1999
2845,16,3,899
2846,14,3,799
2846,7,2,3299
2846,2,1,3499
2846,9,1,699
2847,14,1,799
2847,19,1,999
2848,13,1,2999
2849,3,2,2499
2850,10,2,1599
2850,2,3,3499
2850,15,2,3199
2851,8,3,999
2851,20,3,849
2852,4,2,1299
2852,1,1,1999
2853,2,3,3499
2854,6,2,4999
2854,15,2,3199
2854,2,3,3499
2855,18,1,699
2855,5,2,2999
2856,3,1,2499
2857,12,3,1499
2857,17,2,749
2857,11,2,2799
2857,5,2,2999
2858,15,2,3199
2858,5,1,2999
2858,9,2,699
2859,16,1,899
2859,18,2,699
2859,19,1,999
2859,9,3,699
2860,14,1,799
2861,5,1,2999
2861,13,3,2999
2861,17,1,749
2862,9,1,699
2862,4,2,1299
2862,15,1,3199
2862,1,2,1999
2863,18,1,699
2863,17,3,749
2863,1,3,1999
2863,7,2,3299
2864,15,3,3199
2864,19,1,999
2865,8,1,999
2865,12,2,1499
2865,9,1,699
2866,18,2,699
2866,1,1,1999
2866,17,3,749
2867,16,1,899
2867,4,2,1299
2867,12,2,1499
2867,6,3,4999
2868,14,3,799
2868,18,2,699
2869,14,2,799
2869,3,1,2499
2869,2,1,3499
2870,4,2,1299
2871,12,3,1499
2871,10,2,1599
2872,1,3,1999
2873,9,3,699
2873,15,2,3199
2873,11,2,2799
2873,8,3,999
2874,6,1,4999
2874,2,2,3499
2874,10,2,1599
2875,3,2,2499
2875,7,3,3299
2875,8,1,999
2876,13,1,2999
2876,18,3,699
2876,4,2,1299
2876,20,2,849
2877,12,3,1499
2878,9,3,699
2878,19,1,999
2878,2,1,3499
2879,15,2,3199
2879,9,1,699
2879,19,3,999
2880,8,2,999
2880,11,3,2799
2880,5,3,2999
2881,3,2,2499
2881,18,3,699
2881,9,2,699
2882,6,1,4999
2882,3,2,2499
2883,7,1,3299
2883,9,1,699
2883,18,1,699
2883,1,3,1999
2884,1,2,1999
2884,11,2,2799
2885,20,1,849
2886,15,1,3199
2886,10,2,1599
2886,13,1,2999
2887,16,2,899
2887,6,2,4999
2887,3,1,2499
2888,5,2,2999
2888,6,2,4999
2888,14,3,799
2889,16,2,899
2889,11,3,2799
2889,10,2,1599
2889,9,2,699
2890,19,2,999
2890,7,1,3299
2891,19,1,999
2892,5,2,2999
2893,12,2,1499
2893,14,2,799
2893,4,3,1299
2893,3,2,2499
2894,14,2,799
2895,2,3,3499
2895,5,2,2999
2895,19,1,999
2895,15,1,3199
2896,3,2,2499
2896,18,2,699
2896,14,2,799
2896,6,2,4999
2897,7,3,3299
2898,13,2,2999
2899,17,1,749
2899,13,2,2999
2899,19,2,999
2900,11,1,2799
2900,5,1,2999
2901,13,2,2999
2901,19,1,999
2901,17,3,749
2902,5,1,2999
2902,2,3,3499
2902,8,1,999
2903,7,1,3299
2903,6,1,4999
2904,18,3,699
2904,13,3,2999
2904,5,3,2999
2904,14,2,799
2905,8,1,999
2906,15,2,3199
2906,3,1,2499
2906,1,3,1999
2907,12,2,1499
2907,16,2,899
2907,8,1,999
2908,2,2,3499
2909,7,1,3299
2909,2,3,3499
2909,5,3,2999
2909,15,3,3199
2910,6,3,4999
2910,9,1,699
2910,2,2,3499
2911,19,2,999
2911,15,3,3199
2912,12,3,1499
2913,11,2,2799
2913,13,3,2999
2913,1,3,1999
2913,10,2,1599
2914,20,3,849
2914,3,1,2499
2915,1,1,1999
2915,20,3,849
2915,14,3,799
2915,6,2,4999
2916,14,1,799
2916,9,2,699
2917,3,1,2499
2918,8,3,999
2919,12,3,1499
2919,14,3,799
2920,4,2,1299
2921,1,1,1999
2921,5,3,2999
2921,15,2,3199
2921,16,1,899
2922,15,2,3199
2922,19,2,999
2922,10,2,1599
2923,11,1,2799
2923,8,3,999
2923,13,3,2999
2924,18,1,699
2925,5,3,2999
2925,2,3,3499
2925,15,3,3199
2926,3,3,2499
2927,11,1,2799
2927,5,1,2999
2927,2,3,3499
2928,7,2,3299
2928,1,1,1999
2928,17,1,749
2928,5,3,2999
2929,1,2,1999
2929,6,1,4999
2929,7,2,3299
2930,18,1,699
2931,1,2,1999
2932,5,2,2999
2932,11,2,2799
2933,10,2,1599
2933,8,3,999
2934,6,1,4999
2934,15,1,3199
2934,14,2,799
2934,18,1,699
2935,7,3,3299
2936,6,3,4999
2937,19,2,999
2938,19,3,999
2939,13,1,2999
2939,18,2,699
2939,7,1,3299
2940,3,1,2499
2940,16,3,899
2940,20,1,849
2941,10,1,1599
2941,2,1,3499
2941,11,3,2799
2941,1,1,1999
2942,14,1,799
2942,1,2,1999
2942,16,3,899
2943,5,1,2999
2943,12,1,1499
2943,15,1,3199
2944,17,2,749
2944,3,3,2499
2944,19,2,999
2944,2,1,3499
2945,15,3,3199
2945,1,3,1999
2945,19,2,999
2945,12,2,1499
2946,8,3,999
2946,7,2,3299
2947,1,3,1999
2948,8,1,999
2948,6,2,4999
2949,10,3,1599
2949,20,1,849
2949,18,3,699
2949,17,3,749
2950,6,3,4999
2950,5,3,2999
2950,17,1,749
2950,11,3,2799
2951,4,3,1299
2951,7,2,3299
2951,20,1,849
2952,18,1,699
2952,16,2,899
2953,8,2,999
2953,14,2,799
2953,9,3,699
2954,9,2,699
2954,4,1,1299
2954,13,1,2999
2954,8,1,999
2955,16,2,899
2955,13,2,2999
2955,2,3,3499
2955,4,2,1299
2956,3,1,2499
2956,12,3,1499
2956,15,1,3199
2957,4,1,1299
2957,20,1,849
2957,10,2,1599
2957,13,1,2999
2958,11,2,2799
2959,17,2,749
2959,8,1,999
2959,13,2,2999
2959,20,2,849
2960,11,3,2799
2960,9,2,699
2960,20,3,849
2961,20,2,849
2962,9,3,699
2962,5,1,2999
2962,4,2,1299
2962,15,3,3199
2963,1,1,1999
2963,19,3,999
2963,7,3,3299
2963,9,3,699
2964,7,2,3299
2965,7,1,3299
2965,16,1,899
2965,15,3,3199
2966,4,3,1299
2966,10,2,1599
2966,6,2,4999
2967,5,3,2999
2967,3,3,2499
2967,16,2,899
2968,4,2,1299
2969,11,1,2799
2969,19,2,999
2969,6,3,4999
2970,9,3,699
2970,17,3,749
2970,16,1,899
2970,3,1,2499
2971,11,1,2799
2971,15,3,3199
2971,13,3,2999
2972,3,3,2499
2972,10,3,1599
2972,6,3,4999
2973,7,1,3299
2973,16,3,899
2974,7,1,3299
2975,16,3,899
2975,4,3,1299
2975,3,1,2499
2975,11,3,2799
2976,3,3,2499
2976,1,3,1999
2976,16,1,899
2977,9,1,699
2977,13,3,2999
2977,3,3,2499
2978,10,1,1599
2978,16,3,899
2979,16,2,899
2979,20,3,849
2980,5,2,2999
2981,18,1,699
2982,13,3,2999
2982,14,2,799
2982,1,2,1999
2982,5,3,2999
2983,14,2,799
2984,16,3,899
2984,1,3,1999
2985,14,1,799
2985,19,2,999
2985,8,3,999
2985,6,1,4999
2986,14,3,799
2986,16,2,899
2987,12,3,1499
2987,2,2,3499
2987,16,2,899
2987,10,2,1599
2988,3,3,2499
2988,17,1,749
2988,6,2,4999
2989,7,2,3299
2990,13,1,2999
2990,8,1,999
2991,8,2,999
2991,20,2,849
2991,1,1,1999
2991,2,3,3499
2992,5,2,2999
2992,9,2,699
2993,16,3,899
2993,19,1,999
2994,7,2,3299
2994,5,2,2999
2995,6,1,4999
2995,17,1,749
2995,8,2,999
2995,15,3,3199
2996,8,3,999
2996,16,3,899
2997,9,1,699
2997,2,3,3499
2998,18,3,699
2999,12,3,1499
2999,16,3,899
3000,4,3,1299
3000,16,3,899
3000,14,2,799
3001,12,3,1499
3001,10,3,1599
3001,19,1,999
3002,20,1,849
3002,6,2,4999
3002,14,1,799
3002,10,3,1599
3003,20,3,849
3003,7,1,3299
3003,9,3,699
3004,20,3,849
3004,15,1,3199
3004,17,1,749
3004,7,3,3299
3005,19,2,999
3005,14,1,799
3005,12,3,1499
3006,2,2,3499
3006,13,2,2999
3006,15,2,3199
3006,8,2,999
3007,8,3,999
3007,5,3,2999
3007,18,1,699
3007,12,3,1499
3008,13,2,2999
3008,6,2,4999
3008,5,3,2999
3008,4,2,1299
3009,20,3,849
3009,9,2,699
3010,10,2,1599
3010,14,3,799
3010,12,3,1499
3011,2,1,3499
3011,20,3,849
3012,13,1,2999
3012,20,3,849
3013,6,3,4999
3013,20,1,849
3014,14,3,799
3015,10,3,1599
3016,14,2,799
3016,10,2,1599
3017,20,1,849
3017,12,2,1499
3017,9,2,699
3018,14,2,799
3019,9,2,699
3019,14,3,799
3020,18,3,699
3020,2,3,3499
3020,11,1,2799
3020,5,3,2999
3021,18,1,699
3021,10,3,1599
3021,15,3,3199
3021,20,3,849
3022,2,2,3499
3022,13,3,2999
3022,17,1,749
3023,8,3,999
3023,2,3,3499
3024,8,2,999
3024,10,2,1599
3024,20,3,849
3025,13,3,2999
3025,2,2,3499
3025,8,1,999
3026,20,1,849
3026,10,2,1599
3026,13,3,2999
3026,14,1,799
3027,19,1,999
3027,4,1,1299
3027,3,1,2499
3027,14,1,799
3028,11,3,2799
3028,12,3,1499
3028,18,3,699
3028,14,3,799
3029,11,3,2799
3030,13,3,2999
3030,1,2,1999
3030,4,2,1299
3030,8,3,999
3031,17,1,749
3031,1,1,1999
3032,18,1,699
3033,20,2,849
3034,2,1,3499
3034,12,3,1499
3034,11,1,2799
3035,17,2,749
3036,20,3,849
3036,5,1,2999
3036,7,3,3299
3037,5,3,2999
3038,19,1,999
3038,12,1,1499
3038,6,3,4999
3039,16,2,899
3040,9,2,699
3040,18,1,699
3040,1,1,1999
3040,13,3,2999
3041,2,3,3499
3041,13,2,2999
3042,4,3,1299
3043,5,3,2999
3044,11,3,2799
3044,12,3,1499
3045,4,3,1299
3045,10,2,1599
3046,1,3,1999
3047,1,1,1999
3047,12,1,1499
3047,6,1,4999
3048,9,2,699
3048,4,2,1299
3048,18,3,699
3048,1,2,1999
3049,9,1,699
3050,19,2,999
3050,12,1,1499
3050,1,3,1999
3051,11,3,2799
3051,13,3,2999
3051,14,1,799
3052,9,2,699
3052,5,1,2999
3052,20,3,849
3052,3,3,2499
3053,14,3,799
3053,6,3,4999
3053,11,3,2799
3053,7,2,3299
3054,7,2,3299
3054,2,2,3499
3054,4,2,1299
3055,17,3,749
3055,11,2,2799
3055,1,1,1999
3055,5,3,2999
3056,14,3,799
3056,1,3,1999
3056,7,1,3299
3056,10,2,1599
3057,4,2,1299
3058,2,2,3499
3058,6,2,4999
3058,3,1,2499
3059,7,1,3299
3059,11,2,2799
3060,20,2,849
3060,13,1,2999
3060,3,1,2499
3061,11,1,2799
3061,7,1,3299
3062,10,1,1599
3062,5,1,2999
3063,9,2,699
3063,8,3,999
3063,4,3,1299
3064,9,3,699
3064,7,3,3299
3065,5,1,2999
3066,16,3,899
3066,19,3,999
3067,5,2,2999
3067,10,2,1599
3067,6,3,4999
3067,14,3,799
3068,10,1,1599
3068,12,3,1499
3068,5,2,2999
3068,14,3,799
3069,11,2,2799
3069,10,3,1599
3070,15,3,3199
3071,11,3,2799
3071,12,3,1499
3071,8,3,999
3072,13,2,2999
3072,16,3,899
3072,14,1,799
3072,20,3,849
3073,3,2,2499
3073,5,1,2999
3073,2,1,3499
3073,16,3,899
3074,5,1,2999
3074,13,3,2999
3074,20,3,849
3075,9,3,699
3075,8,1,999
3075,1,1,1999
3076,10,2,1599
3076,12,1,1499
3076,15,1,3199
3076,20,1,849
3077,8,2,999
3077,20,3,849
3077,19,2,999
3078,2,3,3499
3079,12,3,1499
3079,18,1,699
3079,20,3,849
3079,14,3,799
3080,4,3,1299
3080,12,3,1499
3081,17,2,749
3081,5,2,2999
3082,6,3,4999
3082,8,2,999
3083,4,3,1299
3083,10,3,1599
3084,16,2,899
3084,20,1,849
3084,9,1,699
3084,1,2,1999
3085,13,1,2999
3085,5,1,2999
3085,6,3,4999
3085,19,3,999
3086,18,2,699
3086,6,1,4999
3086,16,2,899
3086,9,2,699
3087,19,3,999
3087,14,1,799
3087,6,2,4999
3088,6,1,4999
3089,19,1,999
3089,18,3,699
3089,3,3,2499
3090,1,2,1999
3091,10,3,1599
3092,11,3,2799
3092,19,3,999
3092,12,3,1499
3092,18,3,699
3093,16,1,899
3093,19,1,999
3094,6,2,4999
3094,16,3,899
3094,13,2,2999
3094,15,2,3199
3095,3,2,2499
3095,7,2,3299
3095,10,3,1599
3095,20,1,849
3096,6,1,4999
3096,14,1,799
3096,16,1,899
3097,12,1,1499
3098,10,2,1599
3098,17,2,749
3098,1,1,1999
3099,9,3,699
3100,13,2,2999
3101,11,2,2799
3102,15,1,3199
3102,8,1,999
3102,13,3,2999
3102,20,3,849
3103,10,2,1599
3103,8,3,999
3103,6,2,4999
3103,2,3,3499
3104,12,2,1499
3105,4,3,1299
3106,7,3,3299
3106,6,2,4999
3106,14,3,799
3106,1,2,1999
3107,3,3,2499
3107,2,3,3499
3107,17,2,749
3107,11,1,2799
3108,14,2,799
3108,9,2,699
3109,14,3,799
3109,12,2,1499
3109,13,3,2999
3109,9,2,699
3110,3,2,2499
3110,12,2,1499
3110,19,2,999
3110,8,2,999
3111,6,3,4999
3111,1,3,1999
3111,18,3,699
3111,9,3,699
3112,1,2,1999
3112,8,2,999
3112,15,3,3199
3113,7,2,3299
3113,18,2,699
3114,10,1,1599
3114,17,2,749
3114,2,1,3499
3114,9,2,699
3115,7,2,3299
3115,6,1,4999
3115,9,1,699
3115,1,3,1999
3116,19,2,999
3116,14,2,799
3116,7,2,3299
3116,18,2,699
3117,7,2,3299
3117,5,1,2999
3118,2,2,3499
3118,19,1,999
3119,16,3,899
3120,19,3,999
3120,15,3,3199
3120,16,2,899
3121,9,2,699
3121,7,3,3299
3121,11,2,2799
3122,12,3,1499
3123,17,2,749
3123,16,1,899
3123,11,2,2799
3123,14,1,799
3124,4,1,1299
3124,7,2,3299
3124,20,2,849
3124,5,2,2999
3125,7,1,3299
3126,16,3,899
3127,14,2,799
3128,15,3,3199
3128,17,1,749
3128,9,1,699
3129,10,2,1599
3129,1,3,1999
3129,20,1,849
3130,15,3,3199
3131,3,2,2499
3131,14,3,799
3132,9,3,699
3132,2,3,3499
3132,18,3,699
3133,15,3,3199
3134,4,3,1299
3135,13,3,2999
3135,7,1,3299
3135,8,1,999
3135,1,2,1999
3136,12,2,1499
3137,4,1,1299
3138,1,2,1999
3139,13,3,2999
3140,19,1,999
3141,17,2,749
3141,12,2,1499
3142,9,3,699
3142,11,3,2799
3143,16,3,899
3143,5,1,2999
3144,17,2,749
3145,11,2,2799
3146,20,3,849
3146,11,3,2799
3146,10,2,1599
3146,9,2,699
3147,19,3,999
3147,4,1,1299
3147,11,3,2799
3148,2,1,3499
3148,8,2,999
3148,11,2,2799
3149,11,1,2799
3149,17,1,749
3149,19,3,999
3150,16,3,899
3150,20,1,849
3150,9,2,699
3150,12,2,1499
3151,16,3,899
3151,20,1,849
3152,20,2,849
3152,10,3,1599
3152,18,3,699
3153,14,2,799
3153,5,3,2999
3153,7,2,3299
3153,11,1,2799
3154,15,2,3199
3154,14,2,799
3155,16,3,899
3155,5,2,2999
3156,7,2,3299
3157,12,1,1499
3157,11,2,2799
3157,18,2,699
3158,4,3,1299
3158,14,3,799
3159,17,1,749
3159,2,2,3499
3159,18,3,699
3159,12,3,1499
3160,3,1,2499
3160,16,2,899
3161,19,3,999
3161,8,2,999
3161,20,1,849
3161,13,3,2999
3162,1,2,1999
3162,3,2,2499
3162,2,3,3499
3163,2,2,3499
3163,6,2,4999
3164,7,2,3299
3164,19,1,999
3165,18,3,699
3165,20,2,849
3166,17,2,749
3166,10,2,1599
3167,9,3,699
3167,5,1,2999
3168,6,2,4999
3168,13,2,2999
3168,14,2,799
3169,6,3,4999
3169,16,2,899
3170,18,2,699
3171,17,2,749
3171,15,2,3199
3171,3,3,2499
3171,10,1,1599
3172,14,3,799
3172,13,1,2999
3172,10,1,1599
3173,18,3,699
3174,4,3,1299
3175,5,2,2999
3175,9,3,699
3176,16,2,899
3176,18,1,699
3177,16,1,899
3177,17,2,749
3177,8,2,999
3178,12,3,1499
3178,15,3,3199
3178,17,1,749
3178,13,1,2999
3179,14,1,799
3179,9,2,699
3179,19,1,999
3179,18,1,699
3180,7,1,3299
3180,9,1,699
3180,19,1,999
3181,15,1,3199
3181,4,1,1299
3181,12,1,1499
3182,1,2,1999
3182,11,3,2799
3182,14,1,799
3183,9,1,699
3184,14,3,799
3184,7,3,3299
3184,6,3,4999
3184,16,3,899
3185,13,1,2999
3186,2,2,3499
3187,10,3,1599
3187,19,3,999
3187,14,1,799
3187,12,2,1499
3188,4,2,1299
3188,20,3,849
3188,10,1,1599
3188,7,1,3299
3189,4,2,1299
3189,8,1,999
3189,2,1,3499
3190,10,1,1599
3190,11,2,2799
3190,7,2,3299
3190,15,1,3199
3191,10,2,1599
3191,8,2,999
3191,3,2,2499
3191,6,2,4999
3192,12,2,1499
3192,11,1,2799
3192,17,2,749
3192,1,2,1999
3193,8,2,999
3194,1,2,1999
3195,15,1,3199
3195,3,1,2499
3195,19,3,999
3196,6,2,4999
3196,8,1,999
3197,9,3,699
3197,17,3,749
3197,10,3,1599
3198,19,1,999
3198,10,3,1599
3198,7,3,3299
3198,5,1,2999
3199,17,3,749
3199,11,1,2799
3199,19,1,999
3199,4,3,1299
3200,18,2,699
3200,17,1,749
3200,2,1,3499
3201,8,1,999
3201,14,1,799
3202,15,1,3199
3202,2,3,3499
3203,2,1,3499
3203,5,3,2999
3203,4,2,1299
3203,15,2,3199
3204,18,1,699
3204,8,3,999
3205,13,2,2999
3205,17,2,749
3205,4,3,1299
3206,19,1,999
3206,8,3,999
3207,13,3,2999
3208,13,3,2999
3208,10,2,1599
3209,12,3,1499
3209,10,2,1599
3209,20,3,849
3209,5,1,2999
3210,1,2,1999
3210,19,1,999
3210,9,1,699
3211,15,3,3199
3211,4,3,1299
3212,4,3,1299
3213,14,3,799
3213,1,3,1999
3214,15,1,3199
3215,17,2,749
3215,1,3,1999
3216,9,3,699
3217,4,3,1299
3218,14,2,799
3218,1,1,1999
3218,16,3,899
3219,19,1,999
3220,19,2,999
3220,15,3,3199
3221,4,3,1299
3221,14,2,799
3221,15,3,3199
3222,18,1,699
3223,16,2,899
3223,15,3,3199
3223,8,3,999
3224,20,1,849
3224,19,2,999
3224,16,1,899
3224,4,1,1299
3225,19,2,999
3225,4,1,1299
3225,5,3,2999
3225,13,1,2999
3226,8,3,999
3226,2,1,3499
3226,7,1,3299
3227,17,2,749
3227,5,1,2999
3227,20,1,849
3227,16,2,899
3228,18,2,699
3228,16,3,899
3228,9,1,699
3229,10,1,1599
3229,12,2,1499
3230,3,3,2499
3230,15,2,3199
3231,15,2,3199
3231,12,2,1499
3231,2,2,3499
3232,3,3,2499
3232,5,2,2999
3233,3,3,2499
3234,2,3,3499
3234,9,1,699
3235,14,1,799
3235,6,1,4999
3235,9,3,699
3236,11,3,2799
3236,1,2,1999
3236,13,1,2999
3237,1,2,1999
3238,12,3,1499
3238,9,1,699
3239,20,3,849
3239,4,3,1299
3239,7,1,3299
3239,5,2,2999
3240,4,1,1299
3241,2,3,3499
3241,3,1,2499
3241,14,2,799
3241,10,1,1599
3242,6,1,4999
3243,5,3,2999
3243,8,2,999
3244,8,2,999
3244,9,1,699
3244,13,3,2999
3245,14,1,799
3246,4,2,1299
3246,13,1,2999
3246,7,1,3299
3247,10,2,1599
3247,4,2,1299
3248,14,3,799
3248,9,3,699
3248,3,2,2499
3249,12,2,1499
3249,1,3,1999
3249,5,1,2999
3249,17,2,749
3250,12,3,1499
3251,10,1,1599
3251,19,1,999
3252,6,3,4999
3252,19,1,999
3252,9,2,699
3253,13,3,2999
3253,19,1,999
3253,7,2,3299
3254,1,2,1999
3254,4,2,1299
3255,14,3,799
3255,17,2,749
3255,19,2,999
3256,15,3,3199
3256,6,1,4999
3257,10,1,1599
3257,9,1,699
3257,4,3,1299
3257,11,1,2799
3258,5,2,2999
3258,7,2,3299
3258,4,3,1299
3259,5,1,2999
3260,6,1,4999
3260,1,2,1999
3261,15,2,3199
3262,19,2,999
3262,18,3,699
3263,16,2,899
3263,5,3,2999
3263,3,2,2499
3263,2,1,3499
3264,3,1,2499
3264,1,2,1999
3264,16,2,899
3265,14,3,799
3266,8,3,999
3266,19,1,999
3266,18,1,699
3266,11,3,2799
3267,6,3,4999
3267,15,3,3199
3268,6,2,4999
3268,8,3,999
3268,12,1,1499
3269,3,3,2499
3270,11,2,2799
3270,8,3,999
3271,16,2,899
3272,19,2,999
3272,13,2,2999
3272,7,2,3299
3273,18,2,699
3273,1,3,1999
3274,9,2,699
3274,6,3,4999
3274,19,2,999
3275,20,2,849
3275,3,1,2499
3275,12,3,1499
3276,1,3,1999
3277,8,2,999
3277,13,3,2999
3277,12,1,1499
3277,1,2,1999
3278,5,3,2999
3278,14,2,799
3278,16,1,899
3279,15,1,3199
3280,11,1,2799
3280,5,2,2999
3280,4,3,1299
3280,3,2,2499
3281,20,1,849
3281,7,1,3299
3281,8,3,999
3282,19,1,999
3282,9,1,699
3282,1,3,1999
3283,18,3,699
3283,12,1,1499
3283,3,1,2499
3284,1,2,1999
3284,18,1,699
3284,3,1,2499
3285,18,1,699
3285,15,2,3199
3285,7,3,3299
3285,6,3,4999
3286,9,1,699
3287,5,2,2999
3287,4,2,1299
3287,2,1,3499
3288,4,1,1299
3288,7,2,3299
3288,20,2,849
3289,5,2,2999
3289,20,3,849
3289,8,2,999
3289,12,1,1499
3290,18,2,699
3290,15,3,3199
3290,16,2,899
3290,14,2,799
3291,7,1,3299
3291,18,3,699
3292,9,3,699
3293,11,2,2799
3293,20,3,849
3293,17,1,749
3294,16,3,899
3295,12,2,1499
3296,18,3,699
3297,9,1,699
3297,10,3,1599
3297,7,1,3299
3298,8,2,999
3298,17,1,749
3298,11,1,2799
3298,14,1,799
3299,6,2,4999
3299,2,3,3499
3299,12,3,1499
3300,2,3,3499
3300,15,3,3199
3300,17,3,749
3301,5,1,2999
3301,4,3,1299
3302,1,1,1999
3302,10,1,1599
3302,16,1,899
3303,18,1,699
3303,1,3,1999
3303,9,2,699
3303,4,3,1299
3304,5,2,2999
3304,14,2,799
3304,20,2,849
3305,1,1,1999
3306,15,3,3199
3306,2,2,3499
3306,10,1,1599
3307,17,3,749
3307,19,3,999
3307,16,1,899
3307,9,1,699
3308,20,2,849
3308,17,3,749
3308,5,1,2999
3308,9,2,699
3309,2,3,3499
3309,3,2,2499
3310,13,3,2999
3310,12,1,1499
3310,4,1,1299
3311,9,2,699
3311,8,2,999
3312,11,1,2799
3313,4,2,1299
3313,3,2,2499
3314,13,1,2999
3315,2,2,3499
3316,15,3,3199
3316,8,2,999
3316,12,3,1499
3316,7,1,3299
3317,20,2,849
3317,19,3,999
3317,10,1,1599
3318,11,3,2799
3318,18,1,699
3318,5,3,2999
3318,13,3,2999
3319,2,1,3499
3319,6,1,4999
3319,7,2,3299
3320,11,3,2799
3320,6,3,4999
3321,19,3,999
3322,6,2,4999
3322,9,2,699
3322,16,2,899
3323,2,2,3499
3323,10,2,1599
3324,13,3,2999
3324,10,2,1599
3325,18,3,699
3325,12,2,1499
3326,1,2,1999
3326,15,2,3199
3326,6,2,4999
3327,19,3,999
3328,15,3,3199
3329,10,1,1599
3329,7,1,3299
3329,4,1,1299
3329,13,2,2999
3330,8,2,999
3330,17,2,749
3330,19,1,999
3331,3,3,2499
3331,16,2,899
3331,9,2,699
3331,14,2,799
3332,6,2,4999
3333,15,3,3199
3333,4,1,1299
3334,7,2,3299
3334,20,3,849
3335,9,1,699
3336,18,1,699
3336,13,3,2999
3337,18,1,699
3337,6,2,4999
3338,15,2,3199
3338,14,2,799
3339,7,1,3299
3339,8,3,999
3339,15,1,3199
3340,3,1,2499
3340,12,1,1499
3341,9,1,699
3342,7,2,3299
3342,16,2,899
3342,3,2,2499
3343,3,2,2499
3343,18,1,699
3344,15,1,3199
3344,20,1,849
3345,17,1,749
3345,11,3,2799
3345,2,3,3499
3346,14,3,799
3346,18,1,699
3347,3,3,2499
3347,6,2,4999
3347,4,2,1299
3347,17,1,749
3348,5,1,2999
3349,12,2,1499
3349,4,3,1299
3349,15,1,3199
3349,20,1,849
3350,1,2,1999
3350,10,1,1599
3350,3,1,2499
3350,15,3,3199
3351,16,2,899
3351,12,2,1499
3351,17,3,749
3351,20,3,849
3352,11,3,2799
3352,2,2,3499
3352,10,1,1599
3353,15,3,3199
3353,6,2,4999
3354,2,1,3499
3354,10,3,1599
3355,13,2,2999
3355,5,2,2999
3355,4,2,1299
3356,14,3,799
3357,19,2,999
3357,17,2,749
3357,12,3,1499
3357,11,1,2799
3358,14,1,799
3358,10,3,1599
3359,7,1,3299
3359,15,1,3199
3359,16,1,899
3360,20,2,849
3360,17,1,749
3360,5,2,2999
3361,19,1,999
3361,7,3,3299
3361,13,2,2999
3361,12,2,1499
3362,2,3,3499
3362,8,3,999
3363,5,2,2999
3364,1,3,1999
3365,12,1,1499
3366,19,3,999
3367,7,1,3299
3368,5,3,2999
3368,19,2,999
3369,1,1,1999
3369,16,1,899
3369,2,2,3499
3369,14,2,799
3370,2,2,3499
3371,13,2,2999
3371,18,1,699
3372,12,2,1499
3373,17,1,749
3373,14,3,799
3373,19,1,999
3374,16,2,899
3374,17,1,749
3375,14,3,799
3375,7,2,3299
3376,19,3,999
3376,20,1,849
3377,7,1,3299
3378,15,3,3199
3378,16,2,899
3378,3,1,2499
3378,12,3,1499
3379,19,1,999
3379,3,2,2499
3380,13,2,2999
3380,12,2,1499
3380,16,2,899
3380,14,2,799
3381,5,2,2999
3381,19,2,999
3381,14,2,799
3382,17,2,749
3382,5,1,2999
3382,18,2,699
3382,20,2,849
3383,2,3,3499
3383,14,3,799
3383,6,2,4999
3384,16,2,899
3384,5,1,2999
3384,10,3,1599
3384,14,1,799
3385,3,3,2499
3385,18,1,699
3386,1,2,1999
3386,13,3,2999
3386,12,3,1499
3387,12,1,1499
3387,5,2,2999
3387,13,1,2999
3388,15,2,3199
3388,17,1,749
3388,7,2,3299
3389,8,2,999
3390,18,2,699
3390,19,3,999
3391,11,1,2799
3391,13,3,2999
3392,5,3,2999
3392,9,2,699
3392,14,2,799
3392,10,3,1599
3393,5,2,2999
3393,14,1,799
3393,17,2,749
3394,3,1,2499
3395,5,3,2999
3395,1,3,1999
3395,7,2,3299
3396,19,1,999
3397,14,1,799
3397,6,1,4999
3397,5,2,2999
3398,12,3,1499
3398,2,1,3499
3399,18,2,699
3399,3,1,2499
3400,3,1,2499
3400,9,1,699
3400,6,2,4999
3401,1,1,1999
3401,7,3,3299
3401,8,1,999
3402,1,1,1999
3402,10,1,1599
3402,7,3,3299
3403,11,1,2799
3403,8,2,999
3404,13,2,2999
3404,3,2,2499
3404,15,2,3199
3404,5,1,2999
3405,6,2,4999
3406,19,3,999
3406,5,2,2999
3407,4,1,1299
3408,16,3,899
3408,18,3,699
3409,19,1,999
3409,3,3,2499
3410,5,2,2999
3411,15,1,3199
3411,3,1,2499
3411,10,3,1599
3412,11,3,2799
3412,3,2,2499
3412,2,2,3499
3412,1,1,1999
3413,7,3,3299
3413,6,1,4999
3413,14,2,799
3414,5,3,2999
3414,6,3,4999
3414,15,1,3199
3414,13,2,2999
3415,16,3,899
3415,4,1,1299
3415,2,1,3499
3416,2,3,3499
3417,16,2,899
3417,15,2,3199
3417,11,3,2799
3417,10,2,1599
3418,8,2,999
3419,13,3,2999
3419,12,2,1499
3419,14,1,799
3420,15,2,3199
3421,13,3,2999
3421,19,3,999
3421,20,2,849
3421,12,3,1499
3422,8,3,999
3422,15,2,3199
3423,5,3,2999
3423,3,1,2499
3423,1,1,1999
3424,7,1,3299
3424,15,2,3199
3424,5,2,2999
3425,7,3,3299
3425,2,2,3499
3425,6,1,4999
3426,4,3,1299
3426,1,1,1999
3427,20,1,849
3427,12,1,1499
3428,14,3,799
3428,19,1,999
3428,11,3,2799
3428,7,2,3299
3429,15,3,3199
3429,1,1,1999
3429,2,2,3499
3429,20,2,849
3430,14,3,799
3430,1,3,1999
3431,1,2,1999
3431,17,3,749
3431,11,1,2799
3432,13,1,2999
3432,19,2,999
3432,5,2,2999
3432,7,3,3299
3433,16,3,899
3433,2,3,3499
3434,9,2,699
3434,14,1,799
3434,19,1,999
3435,3,3,2499
3435,18,2,699
3435,2,1,3499
3435,13,3,2999
3436,9,3,699
3436,20,2,849
3437,3,3,2499
3437,17,3,749
3437,14,2,799
3438,8,3,999
3438,4,1,1299
3439,16,1,899
3439,14,3,799
3439,3,1,2499
3440,3,3,2499
3441,17,2,749
3442,12,1,1499
3443,3,1,2499
3443,10,3,1599
3444,4,3,1299
3444,18,2,699
3445,8,1,999
3446,1,3,1999
3447,15,2,3199
3448,9,3,699
3448,7,2,3299
3449,10,2,1599
3449,14,3,799
3449,4,1,1299
3449,18,3,699
3450,2,1,3499
3450,9,1,699
3451,10,3,1599
3451,19,1,999
3452,1,2,1999
3453,5,1,2999
3453,12,3,1499
3454,3,1,2499
3454,8,1,999
3455,6,2,4999
3455,13,3,2999
3456,4,2,1299
3457,4,3,1299
3457,11,2,2799
3457,7,2,3299
3458,20,3,849
3459,10,3,1599
3460,3,1,2499
3460,2,2,3499
3460,11,2,2799
3461,14,1,799
3461,16,1,899
3461,15,2,3199
3462,18,3,699
3463,2,1,3499
3463,11,2,2799
3463,17,2,749
3464,8,3,999
3464,5,1,2999
3464,18,1,699
3464,6,3,4999
3465,3,2,2499
3465,7,1,3299
3466,12,1,1499
3467,9,2,699
3467,16,1,899
3467,3,3,2499
3467,18,2,699
3468,7,1,3299
3468,3,2,2499
3468,6,3,4999
3468,9,3,699
3469,8,3,999
3470,14,2,799
3470,16,2,899
3470,13,2,2999
3471,1,3,1999
3471,4,1,1299
3471,16,1,899
3471,2,2,3499
3472,5,1,2999
3473,15,2,3199
3473,17,2,749
3473,6,3,4999
3474,19,2,999
3474,6,3,4999
3474,18,3,699
3475,6,1,4999
3475,15,3,3199
3475,20,3,849
3475,7,2,3299
3476,19,2,999
3476,17,3,749
3477,18,1,699
3477,10,3,1599
3477,9,2,699
3478,5,3,2999
3478,8,3,999
3478,3,3,2499
3479,8,1,999
3479,20,2,849
3479,10,3,1599
3480,9,1,699
3480,2,2,3499
3481,6,2,4999
3481,14,1,799
3481,7,3,3299
3482,10,2,1599
3483,7,1,3299
3483,9,1,699
3483,10,1,1599
3484,16,1,899
3484,10,3,1599
3484,6,3,4999
3485,12,1,1499
3486,9,2,699
3486,13,1,2999
3487,7,2,3299
3487,11,2,2799
3487,20,3,849
3487,17,3,749
3488,9,2,699
3489,8,2,999
3489,2,2,3499
3490,17,1,749
3491,6,3,4999
3491,10,1,1599
3491,7,2,3299
3491,2,3,3499
3492,4,1,1299
3492,1,3,1999
3492,13,2,2999
3492,14,2,799
3493,13,2,2999
3494,4,1,1299
3495,2,1,3499
3495,1,2,1999
3495,9,1,699
3495,20,3,849
3496,6,1,4999
3497,5,2,2999
3497,12,3,1499
3497,2,2,3499
3498,2,3,3499
3498,20,1,849
3499,16,1,899
3500,12,3,1499
3501,15,3,3199
3501,11,2,2799
3501,16,1,899
3502,11,3,2799
3502,16,2,899
3502,19,3,999
3503,16,2,899
3504,11,1,2799
3505,5,3,2999
3506,1,2,1999
3506,14,3,799
3506,7,2,3299
3506,12,2,1499
3507,17,2,749
3508,4,1,1299
3508,17,2,749
3508,1,2,1999
3509,11,2,2799
3509,13,1,2999
3510,19,3,999
3510,11,2,2799
3510,2,3,3499
3510,15,2,3199
3511,5,1,2999
3511,11,1,2799
3511,3,2,2499
3512,3,3,2499
3513,20,3,849
3513,9,3,699
3514,16,1,899
3514,9,1,699
3514,2,3,3499
3514,5,3,2999
3515,3,1,2499
3515,11,2,2799
3515,20,1,849
3516,18,1,699
3516,11,3,2799
3517,6,1,4999
3517,10,2,1599
3517,14,1,799
3518,1,1,1999
3518,13,1,2999
3519,7,1,3299
3519,15,3,3199
3519,5,2,2999
3519,17,2,749
3520,4,1,1299
3520,3,2,2499
3520,16,1,899
3521,10,3,1599
3521,20,3,849
3521,3,2,2499
3522,20,1,849
3523,3,3,2499
3523,2,1,3499
3524,8,2,999
3524,14,2,799
3524,11,2,2799
3524,15,2,3199
3525,20,2,849
3526,13,3,2999
3526,7,2,3299
3527,7,1,3299
3527,8,3,999
3528,11,1,2799
3528,1,1,1999
3528,15,2,3199
3529,10,3,1599
3529,4,2,1299
3529,11,2,2799
3529,19,3,999
3530,9,2,699
3530,5,3,2999
3531,14,3,799
3532,6,1,4999
3533,12,1,1499
3533,18,3,699
3534,20,2,849
3534,12,3,1499
3534,3,3,2499
3535,11,2,2799
3535,13,2,2999
3535,10,2,1599
3536,12,1,1499
3537,11,1,2799
3537,9,1,699
3537,16,3,899
3538,4,3,1299
3539,14,1,799
3539,16,3,899
3540,10,3,1599
3541,8,3,999
3541,9,1,699
3541,14,1,799
3541,2,2,3499
3542,3,2,2499
3542,13,2,2999
3543,17,1,749
3543,7,3,3299
3544,2,3,3499
3544,14,3,799
3544,13,1,2999
3545,14,2,799
3545,20,2,849
3545,3,3,2499
3546,13,2,2999
3546,9,3,699
3547,4,3,1299
3547,3,2,2499
3547,8,2,999
3547,7,1,3299
3548,13,3,2999
3548,20,1,849
3548,3,1,2499
3549,18,3,699
3549,13,2,2999
3549,16,3,899
3550,3,2,2499
3550,19,1,999
3551,13,1,2999
3551,19,1,999
3552,1,1,1999
3552,4,2,1299
3553,4,3,1299
3553,3,3,2499
3554,12,1,1499
3554,8,2,999
3554,13,1,2999
3555,7,2,3299
3555,12,2,1499
3555,16,3,899
3555,15,3,3199
3556,10,1,1599
3557,5,3,2999
3557,10,1,1599
3558,5,2,2999
3558,8,1,999
3558,11,1,2799
3559,14,3,799
3560,18,2,699
3561,15,2,3199
3562,13,2,2999
3562,8,1,999
3562,20,3,849
3562,10,1,1599
3563,1,3,1999
3563,7,2,3299
3563,19,3,999
3564,16,1,899
3564,12,2,1499
3565,5,2,2999
3565,15,2,3199
3565,11,1,2799
3566,18,1,699
3566,2,3,3499
3566,15,2,3199
3566,3,2,2499
3567,17,2,749
3568,1,2,1999
3568,3,1,2499
3569,8,2,999
3570,17,1,749
3570,6,3,4999
3571,19,3,999
3571,1,2,1999
3571,5,3,2999
3572,11,2,2799
3572,15,2,3199
3572,16,1,899
3573,2,3,3499
3574,15,1,3199
3574,17,3,749
3574,7,3,3299
3574,5,3,2999
3575,19,2,999
3576,18,2,699
3577,15,1,3199
3578,3,1,2499
3579,8,1,999
3579,15,3,3199
3579,6,2,4999
3579,1,1,1999
3580,1,2,1999
3580,15,2,3199
3580,4,3,1299
3580,20,2,849
3581,2,2,3499
3581,11,1,2799
3581,9,3,699
3581,13,1,2999
3582,9,3,699
3582,14,3,799
3582,18,2,699
3583,2,1,3499
3584,14,2,799
3584,5,3,2999
3584,11,1,2799
3584,9,3,699
3585,10,2,1599
3586,3,3,2499
3587,13,3,2999
3587,15,2,3199
3587,8,3,999
3588,18,3,699
3589,16,1,899
3589,3,1,2499
3589,17,1,749
3589,8,1,999
3590,12,1,1499
3590,3,1,2499
3591,19,2,999
3592,20,1,849
3592,19,1,999
3592,2,3,3499
3592,8,3,999
3593,6,1,4999
3593,17,2,749
3593,11,1,2799
3593,3,3,2499
3594,10,3,1599
3594,20,1,849
3594,7,3,3299
3594,1,1,1999
3595,1,1,1999
3595,6,3,4999
3595,13,1,2999
3595,18,1,699
3596,4,1,1299
3596,8,1,999
3596,19,2,999
3597,15,3,3199
3597,16,3,899
3597,3,3,2499
3597,5,3,2999
3598,11,2,2799
3598,15,3,3199
3598,9,3,699
3598,2,1,3499
3599,17,2,749
3599,16,3,899
3599,4,2,1299
3599,6,3,4999
3600,10,2,1599
3600,19,3,999
3600,14,2,799
3600,16,1,899
3601,15,3,3199
3601,10,3,1599
3601,19,3,999
3602,4,3,1299
3603,16,1,899
3603,8,2,999
3603,19,2,999
3603,12,2,1499
3604,18,3,699
3604,1,3,1999
3604,20,1,849
3604,7,1,3299
3605,16,3,899
3605,11,2,2799
3606,13,1,2999
3606,7,3,3299
3606,8,3,999
3607,15,1,3199
3607,2,2,3499
3607,11,2,2799
3608,7,1,3299
3609,6,3,4999
3609,17,2,749
3609,13,2,2999
3609,15,2,3199
3610,9,2,699
3610,16,3,899
3610,18,1,699
3611,6,2,4999
3611,19,1,999
3612,12,3,1499
3612,8,3,999
3613,9,3,699
3613,3,1,2499
3613,18,2,699
3614,8,2,999
3615,16,3,899
3615,7,1,3299
3615,11,2,2799
3615,10,2,1599
3616,17,1,749
3616,19,1,999
3616,14,1,799
3616,5,3,2999
3617,18,3,699
3617,11,1,2799
3617,13,2,2999
3617,10,2,1599
3618,7,3,3299
3618,1,1,1999
3619,13,2,2999
3619,15,1,3199
3619,7,1,3299
3620,4,2,1299
3621,7,2,3299
3621,13,3,2999
3622,3,2,2499
3623,8,1,999
3624,6,2,4999
3624,5,2,2999
3624,17,2,749
3624,9,1,699
3625,5,1,2999
3625,6,3,4999
3625,12,1,1499
3625,3,3,2499
3626,2,1,3499
3626,20,2,849
3626,6,2,4999
3626,13,3,2999
3627,17,3,749
3627,4,2,1299
3628,18,2,699
3628,20,1,849
3628,10,1,1599
3628,11,1,2799
3629,17,1,749
3629,19,2,999
3630,15,1,3199
3631,12,3,1499
3632,8,1,999
3632,20,2,849
3632,7,1,3299
3633,6,3,4999
3634,17,1,749
3634,18,2,699
3635,15,2,3199
3636,11,2,2799
3636,2,1,3499
3637,8,3,999
3638,2,2,3499
3638,6,3,4999
3638,16,2,899
3639,8,2,999
3640,5,3,2999
3640,18,3,699
3640,12,1,1499
3641,10,3,1599
3642,1,2,1999
3642,11,3,2799
3642,2,3,3499
3643,18,1,699
3644,16,2,899
3645,3,2,2499
3646,9,2,699
3646,12,3,1499
3647,7,3,3299
3647,16,2,899
3647,10,2,1599
3647,9,2,699
3648,10,2,1599
3649,7,2,3299
3650,18,3,699
3650,19,2,999
3651,13,1,2999
3652,5,3,2999
3652,14,2,799
3652,19,3,999
3653,17,1,749
3653,3,2,2499
3653,15,3,3199
3653,11,3,2799
3654,20,1,849
3654,17,3,749
3655,5,3,2999
3655,13,3,2999
3655,2,3,3499
3656,10,1,1599
3656,1,1,1999
3657,15,3,3199
3657,11,2,2799
3657,9,1,699
3658,15,2,3199
3658,18,2,699
3658,3,2,2499
3658,10,3,1599
3659,9,2,699
3659,1,2,1999
3660,10,1,1599
3661,16,3,899
3662,15,2,3199
3662,3,2,2499
3662,14,3,799
3662,4,2,1299
3663,2,2,3499
3664,5,2,2999
3665,19,1,999
3665,4,2,1299
3666,9,3,699
3666,19,3,999
3667,4,2,1299
3667,12,2,1499
3667,18,1,699
3668,7,2,3299
3668,4,3,1299
3668,17,2,749
3668,11,2,2799
3669,9,2,699
3669,18,3,699
3669,4,2,1299
3670,14,1,799
3670,2,1,3499
3670,5,1,2999
3671,6,3,4999
3671,19,1,999
3671,14,1,799
3671,17,3,749
3672,15,3,3199
3672,7,2,3299
3673,12,3,1499
3673,4,3,1299
3674,15,2,3199
3674,12,3,1499
3674,17,3,749
3675,7,2,3299
3675,19,3,999
3675,5,3,2999
3676,4,3,1299
3676,18,2,699
3676,11,1,2799
3676,7,3,3299
3677,6,2,4999
3678,13,1,2999
3678,16,2,899
3678,15,1,3199
3678,12,2,1499
3679,4,3,1299
3679,15,2,3199
3679,14,1,799
3679,7,2,3299
3680,10,1,1599
3681,15,2,3199
3681,13,1,2999
3681,5,1,2999
3681,6,3,4999
3682,11,3,2799
3683,10,2,1599
3684,20,2,849
3684,1,3,1999
3684,13,3,2999
3684,4,2,1299
3685,8,3,999
3685,3,1,2499
3685,5,3,2999
3685,18,2,699
3686,11,1,2799
3687,19,1,999
3687,9,3,699
3687,8,1,999
3687,11,3,2799
3688,8,3,999
3689,15,2,3199
3689,18,2,699
3689,19,2,999
3689,13,2,2999
3690,12,3,1499
3691,18,2,699
3692,11,3,2799
3692,19,3,999
3693,20,2,849
3693,5,2,2999
3693,13,1,2999
3693,8,1,999
3694,16,3,899
3695,19,1,999
3695,11,1,2799
3695,7,2,3299
3696,3,3,2499
3697,3,1,2499
3697,13,2,2999
3697,9,1,699
3697,19,3,999
3698,15,1,3199
3698,2,1,3499
3698,17,1,749
3699,3,1,2499
3699,18,3,699
3699,19,3,999
3699,9,3,699
3700,5,2,2999
3701,17,1,749
3702,17,1,749
3702,2,2,3499
3702,18,1,699
3703,2,2,3499
3704,19,1,999
3704,20,1,849
3704,2,1,3499
3704,6,1,4999
3705,6,2,4999
3706,5,3,2999
3707,15,2,3199
3708,20,2,849
3708,3,1,2499
3708,6,3,4999
3709,12,3,1499
3709,14,1,799
3709,20,2,849
3709,16,2,899
3710,10,3,1599
3711,10,2,1599
3711,4,1,1299
3711,13,3,2999
3711,9,2,699
3712,8,2,999
3712,1,1,1999
3713,14,1,799
3713,4,3,1299
3714,4,3,1299
3714,17,1,749
3714,1,3,1999
3714,11,1,2799
3715,5,3,2999
3715,16,2,899
3715,17,3,749
3716,12,2,1499
3716,13,3,2999
3716,7,3,3299
3716,6,2,4999
3717,18,2,699
3717,8,2,999
3717,3,1,2499
3717,6,2,4999
3718,11,3,2799
3718,16,1,899
3718,18,1,699
3719,14,1,799
3720,9,2,699
3720,15,3,3199
3720,8,1,999
3721,1,3,1999
3722,14,2,799
3722,15,3,3199
3722,2,2,3499
3722,20,3,849
3723,3,3,2499
3724,15,1,3199
3724,18,2,699
3725,20,3,849
3725,12,2,1499
3725,8,1,999
3725,7,1,3299
3726,5,2,2999
3726,12,2,1499
3726,16,1,899
3727,6,1,4999
3728,17,1,749
3728,10,1,1599
3728,14,3,799
3729,18,1,699
3729,17,3,749
3729,10,3,1599
3729,6,2,4999
3730,12,3,1499
3730,17,2,749
3731,19,3,999
3731,6,2,4999
3732,14,3,799
3732,3,3,2499
3732,20,3,849
3733,17,2,749
3733,3,1,2499
3733,20,3,849
3733,18,2,699
3734,11,3,2799
3734,19,1,999
3734,5,1,2999
3735,2,2,3499
3735,3,1,2499
3735,9,2,699
3736,12,3,1499
3736,10,1,1599
3736,16,3,899
3736,15,2,3199
3737,1,1,1999
3738,13,1,2999
3739,9,3,699
3740,17,1,749
3741,9,3,699
3741,6,1,4999
3742,5,1,2999
3742,10,1,1599
3742,17,2,749
3743,3,2,2499
3743,6,1,4999
3743,7,1,3299
3744,16,2,899
3744,20,3,849
3744,15,1,3199
3744,7,2,3299
3745,1,2,1999
3746,3,2,2499
3746,6,1,4999
3746,17,3,749
3746,1,3,1999
3747,20,1,849
3747,16,3,899
3747,9,1,699
3747,19,2,999
3748,2,1,3499
3748,7,2,3299
3749,11,3,2799
3749,18,3,699
3749,15,2,3199
3750,16,1,899
3751,9,3,699
3751,14,2,799
3751,3,1,2499
3751,6,2,4999
3752,19,2,999
3753,19,3,999
3753,2,2,3499
3754,1,3,1999
3754,2,2,3499
3755,3,1,2499
3755,13,2,2999
3755,9,3,699
3756,12,3,1499
3756,7,3,3299
3757,6,2,4999
3757,11,2,2799
3757,18,2,699
3757,13,3,2999
3758,16,1,899
3759,11,2,2799
3760,19,1,999
3760,8,3,999
3761,9,1,699
3761,14,1,799
3761,1,2,1999
3761,6,3,4999
3762,20,3,849
3762,3,2,2499
3763,16,2,899
3764,12,2,1499
3764,5,3,2999
3764,18,2,699
3765,20,1,849
3765,8,2,999
3766,12,3,1499
3767,6,3,4999
3767,14,2,799
3767,17,2,749
3767,10,2,1599
3768,4,1,1299
3768,1,3,1999
3769,11,1,2799
3769,13,3,2999
3769,10,3,1599
3769,12,2,1499
3770,1,3,1999
3771,16,3,899
3771,14,1,799
3771,3,2,2499
3772,13,1,2999
3772,11,1,2799
3772,8,2,999
3773,19,1,999
3773,5,3,2999
3773,20,1,849
3773,14,3,799
3774,18,1,699
3774,16,2,899
3775,11,3,2799
3776,19,2,999
3776,14,2,799
3776,6,3,4999
3776,3,2,2499
3777,19,1,999
3777,4,2,1299
3777,18,2,699
3778,17,2,749
3778,20,2,849
3778,12,3,1499
3778,19,3,999
3779,4,2,1299
3779,18,2,699
3780,19,1,999
3780,11,2,2799
3781,6,3,4999
3781,3,2,2499
3781,5,3,2999
3781,8,2,999
3782,11,1,2799
3782,12,3,1499
3782,16,1,899
3782,8,3,999
3783,10,2,1599
3783,12,1,1499
3783,4,2,1299
3784,19,1,999
3785,4,1,1299
3785,5,1,2999
3785,7,2,3299
3785,8,2,999
3786,11,3,2799
3786,19,2,999
3786,18,1,699
3786,1,3,1999
3787,11,3,2799
3787,16,2,899
3787,17,1,749
3787,5,2,2999
3788,14,2,799
3788,13,1,2999
3789,1,2,1999
3789,2,2,3499
3789,10,3,1599
3790,3,1,2499
3791,12,1,1499
3791,5,2,2999
3791,15,2,3199
3791,17,2,749
3792,14,1,799
3792,16,2,899
3792,4,2,1299
3793,9,3,699
3793,11,1,2799
3794,1,3,1999
3794,16,2,899
3794,11,1,2799
3795,5,3,2999
3795,14,2,799
3795,17,1,749
3795,7,2,3299
3796,15,3,3199
3796,6,1,4999
3796,3,2,2499
3796,5,2,2999
3797,17,3,749
3797,11,3,2799
3797,8,1,999
3797,15,1,3199
3798,16,1,899
3799,17,2,749
3799,7,3,3299
3799,2,2,3499
3800,15,2,3199
3800,6,2,4999
3800,7,3,3299
3800,13,2,2999
3801,15,2,3199
3801,8,1,999
3801,11,1,2799
3802,2,3,3499
3802,6,3,4999
3802,11,3,2799
3803,11,1,2799
3803,17,1,749
3803,15,2,3199
3804,17,1,749
3805,12,1,1499
3806,17,3,749
3807,13,1,2999
3807,14,3,799
3807,3,2,2499
3808,2,2,3499
3809,5,1,2999
3809,16,2,899
3810,20,2,849
3810,8,3,999
3810,11,2,2799
3811,7,2,3299
3811,18,2,699
3811,20,1,849
3811,13,1,2999
3812,17,3,749
3813,9,3,699
3813,20,3,849
3814,2,3,3499
3815,9,3,699
3816,4,3,1299
3816,10,3,1599
3816,1,2,1999
3817,3,1,2499
3817,16,3,899
3818,8,1,999
3819,18,2,699
3819,4,1,1299
3820,5,1,2999
3820,12,1,1499
3820,15,2,3199
3820,8,1,999
3821,13,2,2999
3821,6,3,4999
3821,19,3,999
3821,12,3,1499
3822,4,1,1299
3822,15,2,3199
3822,8,2,999
3822,18,1,699
3823,9,2,699
3823,15,2,3199
3823,3,1,2499
3824,10,3,1599
3824,12,3,1499
3824,17,1,749
3825,3,1,2499
3825,19,3,999
3825,4,2,1299
3826,1,3,1999
3826,7,1,3299
3827,6,1,4999
3827,16,3,899
3827,14,2,799
3828,6,2,4999
3829,11,3,2799
3829,13,1,2999
3829,3,1,2499
3830,12,2,1499
3831,5,1,2999
3831,16,2,899
3831,11,2,2799
3832,1,1,1999
3832,15,2,3199
3833,20,2,849
3833,7,3,3299
3834,8,2,999
3834,5,1,2999
3835,17,3,749
3835,20,3,849
3835,4,2,1299
3836,19,2,999
3836,5,3,2999
3836,10,3,1599
3837,6,2,4999
3837,13,3,2999
3837,14,3,799
3837,17,1,749
3838,6,1,4999
3838,2,1,3499
3839,15,2,3199
3839,1,1,1999
3839,11,1,2799
3839,8,3,999
3840,17,1,749
3841,8,1,999
3841,14,3,799
3842,7,2,3299
3842,3,2,2499
3842,4,3,1299
3843,9,2,699
3843,3,3,2499
3844,6,1,4999
3844,8,2,999
3844,13,2,2999
3844,12,1,1499
3845,16,1,899
3845,18,2,699
3845,5,1,2999
3846,2,1,3499
3846,14,1,799
3846,5,3,2999
3847,1,1,1999
3847,13,1,2999
3847,5,3,2999
3847,17,3,749
3848,2,2,3499
3848,18,3,699
3848,7,1,3299
3849,15,1,3199
3850,7,1,3299
3850,19,3,999
3850,1,1,1999
3851,6,1,4999
3851,13,3,2999
3851,2,1,3499
3851,16,3,899
3852,20,3,849
3852,17,1,749
3852,18,1,699
3852,19,1,999
3853,5,1,2999
3853,7,1,3299
3854,2,3,3499
3854,4,3,1299
3854,10,3,1599
3855,8,3,999
3855,3,2,2499
3855,17,2,749
3856,19,1,999
3856,6,2,4999
3856,9,2,699
3856,14,3,799
3857,1,3,1999
3857,9,1,699
3857,11,3,2799
3858,2,1,3499
3858,19,2,999
3858,20,1,849
3858,7,1,3299
3859,10,1,1599
3860,9,1,699
3860,1,2,1999
3860,4,2,1299
3860,2,1,3499
3861,14,1,799
3862,9,1,699
3862,5,1,2999
3862,13,1,2999
3862,18,2,699
3863,3,2,2499
3864,9,3,699
3864,2,3,3499
3864,11,3,2799
3864,4,3,1299
3865,1,2,1999
3866,8,2,999
3866,12,2,1499
3866,19,1,999
3866,3,2,2499
3867,17,2,749
3867,13,1,2999
3868,10,1,1599
3868,19,1,999
3869,19,2,999
3869,2,1,3499
3869,12,2,1499
3870,12,2,1499
3870,6,3,4999
3870,13,2,2999
3870,4,3,1299
3871,4,1,1299
3871,16,2,899
3872,6,2,4999
3873,7,2,3299
3874,13,3,2999
3874,11,1,2799
3874,10,3,1599
3874,19,2,999
3875,16,2,899
3876,4,1,1299
3877,15,1,3199
3878,14,1,799
3878,9,1,699
3878,1,3,1999
3879,18,1,699
3879,5,2,2999
3879,10,2,1599
3879,3,1,2499
3880,9,2,699
3881,5,1,2999
3881,8,3,999
3882,13,3,2999
3882,2,3,3499
3882,8,2,999
3883,13,2,2999
3883,11,2,2799
3883,5,2,2999
3883,3,2,2499
3884,1,2,1999
3884,14,3,799
3884,2,2,3499
3885,8,3,999
3886,16,3,899
3887,15,1,3199
3887,13,3,2999
3887,2,3,3499
3888,10,2,1599
3888,16,1,899
3888,20,1,849
3889,8,1,999
3889,14,3,799
3889,16,2,899
3889,2,3,3499
3890,11,3,2799
3890,2,1,3499
3890,9,2,699
3890,1,1,1999
3891,9,3,699
3891,1,1,1999
3891,12,2,1499
3891,6,3,4999
3892,17,3,749
3892,3,2,2499
3893,20,2,849
3893,6,1,4999
3894,13,1,2999
3895,13,3,2999
3896,19,1,999
3896,11,1,2799
3896,5,1,2999
3896,18,1,699
3897,7,3,3299
3898,9,1,699
3899,7,3,3299
3899,5,2,2999
3899,20,1,849
3899,11,3,2799
3900,1,1,1999
3900,9,1,699
3901,3,1,2499
3901,10,3,1599
3901,5,2,2999
3901,11,3,2799
3902,12,2,1499
3902,18,3,699
3902,16,3,899
3903,7,1,3299
3903,15,1,3199
3903,12,3,1499
3903,19,3,999
3904,3,2,2499
3904,8,1,999
3905,16,2,899
3906,19,3,999
3906,9,3,699
3906,17,1,749
3906,10,1,1599
3907,18,2,699
3908,19,2,999
3909,18,1,699
3909,15,2,3199
3909,17,3,749
3910,5,3,2999
3910,13,1,2999
3911,4,2,1299
3911,8,3,999
3911,3,2,2499
3912,15,3,3199
3912,9,2,699
3913,2,1,3499
3913,9,2,699
3913,19,2,999
3913,13,2,2999
3914,12,3,1499
3914,11,3,2799
3915,4,3,1299
3916,17,1,749
3916,11,1,2799
3917,17,1,749
3917,16,2,899
3917,12,1,1499
3918,2,1,3499
3918,15,2,3199
3919,7,3,3299
3919,8,1,999
3919,3,3,2499
3919,4,2,1299
3920,1,2,1999
3920,8,1,999
3921,20,1,849
3921,3,2,2499
3921,15,3,3199
3921,1,3,1999
3922,1,2,1999
3923,6,1,4999
3923,9,2,699
3923,15,2,3199
3923,10,3,1599
3924,14,2,799
3925,13,3,2999
3925,15,3,3199
3926,20,2,849
3927,11,1,2799
3927,1,3,1999
3927,18,3,699
3928,15,3,3199
3928,18,2,699
3928,3,2,2499
3929,3,2,2499
3929,12,2,1499
3929,11,2,2799
3930,16,1,899
3930,11,1,2799
3930,8,1,999
3930,2,2,3499
3931,13,3,2999
3932,12,1,1499
3932,10,1,1599
3932,17,1,749
3932,9,1,699
3933,9,3,699
3933,15,1,3199
3933,13,2,2999
3934,18,2,699
3934,19,2,999
3934,5,2,2999
3935,16,3,899
3936,13,2,2999
3937,20,1,849
3937,1,1,1999
3937,10,2,1599
3938,9,1,699
3938,16,1,899
3938,19,3,999
3938,13,1,2999
3939,16,2,899
3939,2,2,3499
3939,6,1,4999
3939,12,2,1499
3940,10,2,1599
3940,12,3,1499
3940,17,2,749
3940,6,1,4999
3941,15,2,3199
3941,5,3,2999
3942,19,3,999
3942,15,3,3199
3943,1,2,1999
3943,20,2,849
3943,10,3,1599
3944,18,3,699
3944,17,1,749
3944,16,3,899
3945,14,2,799
3945,9,3,699
3945,16,1,899
3945,7,2,3299
3946,18,2,699
3947,14,3,799
3947,15,2,3199
3947,20,1,849
3947,18,3,699
3948,13,1,2999
3948,9,2,699
3949,1,2,1999
3949,17,2,749
3949,12,3,1499
3949,14,1,799
3950,16,2,899
3950,2,2,3499
3950,10,2,1599
3950,9,1,699
3951,12,3,1499
3951,1,1,1999
3952,20,3,849
3953,7,3,3299
3953,16,3,899
3953,9,2,699
3953,18,2,699
3954,7,1,3299
3954,8,1,999
3954,11,3,2799
3954,9,2,699
3955,6,3,4999
3955,16,3,899
3955,19,3,999
3955,5,3,2999
3956,2,3,3499
3956,18,3,699
3956,9,2,699
3956,6,2,4999
3957,15,3,3199
3957,14,2,799
3958,12,1,1499
3958,2,2,3499
3959,16,1,899
3959,15,2,3199
3959,17,2,749
3959,9,1,699
3960,14,2,799
3960,19,1,999
3961,13,3,2999
3962,20,1,849
3962,17,2,749
3962,5,3,2999
3962,7,1,3299
3963,19,1,999
3963,1,2,1999
3963,5,2,2999
3964,9,1,699
3964,10,3,1599
3965,20,3,849
3965,4,3,1299
3965,19,1,999
3966,18,1,699
3967,4,1,1299
3967,3,1,2499
3967,5,1,2999
3968,19,3,999
3968,9,2,699
3968,5,1,2999
3968,7,3,3299
3969,17,2,749
3969,20,2,849
3970,2,3,3499
3970,8,1,999
3970,1,2,1999
3971,13,1,2999
3972,15,3,3199
3972,5,3,2999
3972,9,3,699
3972,10,1,1599
3973,19,3,999
3973,8,2,999
3973,17,3,749
3973,18,1,699
3974,16,3,899
3974,9,1,699
3974,20,1,849
3974,13,2,2999
3975,11,3,2799
3975,6,2,4999
3975,10,2,1599
3975,4,1,1299
3976,3,1,2499
3976,1,3,1999
3976,15,1,3199
3977,15,1,3199
3977,2,2,3499
3978,12,1,1499
3978,11,1,2799
3979,4,3,1299
3980,8,2,999
3981,9,2,699
3981,19,2,999
3981,7,2,3299
3981,3,1,2499
3982,7,3,3299
3982,15,2,3199
3982,20,3,849
3982,8,3,999
3983,14,1,799
3983,6,3,4999
3984,1,2,1999
3985,13,1,2999
3985,2,2,3499
3985,6,1,4999
3985,11,2,2799
3986,2,2,3499
3987,19,2,999
3988,9,2,699
3988,16,3,899
3989,13,2,2999
3989,5,2,2999
3989,11,1,2799
3990,13,3,2999
3991,9,1,699
3991,4,2,1299
3991,17,2,749
3992,2,1,3499
3992,12,3,1499
3992,18,2,699
3992,1,3,1999
3993,16,1,899
3993,18,2,699
3993,13,2,2999
3993,11,3,2799
3994,5,3,2999
3994,13,1,2999
3994,16,3,899
3995,8,2,999
3996,2,1,3499
3996,10,2,1599
3996,5,3,2999
3996,9,3,699
3997,15,3,3199
3998,14,3,799
3998,12,2,1499
3999,2,2,3499
4000,16,2,899
4001,1,2,1999
4002,15,3,3199
4002,14,3,799
4002,4,2,1299
4003,3,1,2499
4003,6,3,4999
4004,4,1,1299
4004,12,2,1499
4005,15,3,3199
4005,9,3,699
4005,2,1,3499
4005,17,1,749
4006,13,1,2999
4006,19,1,999
4006,18,3,699
4006,1,1,1999
4007,4,1,1299
4007,1,2,1999
4007,18,2,699
4007,2,3,3499
4008,13,3,2999
4009,20,1,849
4009,4,2,1299
4009,11,2,2799
4010,12,2,1499
4010,18,1,699
4010,13,1,2999
4010,7,2,3299
4011,20,1,849
4012,13,3,2999
4013,18,1,699
4013,16,3,899
4014,14,2,799
4015,1,2,1999
4015,20,2,849
4016,18,3,699
4017,16,3,899
4017,12,1,1499
4018,2,2,3499
4018,9,1,699
4019,14,1,799
4019,9,1,699
4019,12,3,1499
4019,4,1,1299
4020,11,3,2799
4020,10,3,1599
4020,16,1,899
4020,7,3,3299
4021,17,1,749
4021,11,2,2799
4022,18,1,699
4022,12,2,1499
4023,3,2,2499
4023,20,3,849
4023,15,2,3199
4023,17,1,749
4024,3,2,2499
4024,17,3,749
4024,1,1,1999
4025,9,1,699
4025,2,2,3499
4025,20,2,849
4025,12,3,1499
4026,13,3,2999
4026,18,3,699
4027,2,1,3499
4027,19,3,999
4028,12,2,1499
4029,4,1,1299
4029,7,3,3299
4029,16,2,899
4030,14,3,799
4030,13,2,2999
4031,3,3,2499
4031,10,2,1599
4032,2,1,3499
4032,18,2,699
4032,11,2,2799
4033,14,1,799
4033,8,1,999
4033,19,1,999
4033,2,2,3499
4034,4,2,1299
4034,19,1,999
4035,16,2,899
4035,1,1,1999
4036,17,2,749
4036,10,3,1599
4036,15,1,3199
4036,2,2,3499
4037,14,1,799
4037,7,2,3299
4037,20,1,849
4037,17,2,749
4038,2,2,3499
4038,19,1,999
4039,16,1,899
4039,2,3,3499
4039,15,3,3199
4039,12,2,1499
4040,7,3,3299
4040,13,1,2999
4040,15,3,3199
4040,17,3,749
4041,13,1,2999
4041,17,2,749
4041,19,3,999
4041,3,1,2499
4042,11,3,2799
4042,17,1,749
4042,1,3,1999
4042,14,2,799
4043,20,1,849
4043,15,1,3199
4043,1,3,1999
4043,7,1,3299
4044,9,2,699
4044,20,3,849
4044,17,3,749
4045,11,3,2799
4045,18,3,699
4045,13,1,2999
4045,15,2,3199
4046,14,3,799
4047,10,2,1599
4047,8,3,999
4047,1,3,1999
4047,17,1,749
4048,15,1,3199
4048,4,2,1299
4049,11,3,2799
4049,16,1,899
4049,18,1,699
4050,16,3,899
4051,9,1,699
4051,8,2,999
4051,7,3,3299
4052,14,3,799
4052,20,2,849
4052,5,1,2999
4052,2,2,3499
4053,11,2,2799
4054,17,3,749
4054,11,1,2799
4054,14,2,799
4054,19,2,999
4055,15,2,3199
4055,6,1,4999
4055,19,1,999
4055,2,3,3499
4056,4,2,1299
4057,18,3,699
4057,14,3,799
4058,5,2,2999
4058,20,3,849
4058,12,3,1499
4058,9,3,699
4059,12,2,1499
4059,13,2,2999
4060,10,3,1599
4061,13,1,2999
4062,2,2,3499
4062,19,3,999
4062,14,1,799
4062,3,3,2499
4063,19,2,999
4063,11,2,2799
4063,10,3,1599
4064,13,3,2999
4064,5,2,2999
4064,16,3,899
4065,11,3,2799
4065,18,3,699
4066,13,1,2999
4066,12,3,1499
4066,20,2,849
4066,4,1,1299
4067,7,3,3299
4068,9,2,699
4068,6,2,4999
4068,5,1,2999
4068,15,2,3199
4069,12,2,1499
4069,2,2,3499
4069,11,2,2799
4069,7,3,3299
4070,19,3,999
4070,12,3,1499
4070,7,3,3299
4071,11,2,2799
4071,19,3,999
4071,6,1,4999
4071,2,3,3499
4072,2,2,3499
4072,4,2,1299
4073,15,1,3199
4073,9,1,699
4073,10,3,1599
4073,18,1,699
4074,10,2,1599
4074,2,1,3499
4074,20,2,849
4074,16,3,899
4075,10,3,1599
4075,4,1,1299
4076,18,3,699
4076,10,3,1599
4076,19,1,999
4076,6,3,4999
4077,5,3,2999
4078,6,2,4999
4079,19,3,999
4079,20,3,849
4079,3,2,2499
4079,12,1,1499
4080,8,1,999
4080,10,2,1599
4081,14,3,799
4082,8,3,999
4082,11,3,2799
4082,15,3,3199
4083,5,3,2999
4084,5,1,2999
4084,4,2,1299
4084,17,2,749
4085,15,2,3199
4085,2,1,3499
4085,16,2,899
4085,19,1,999
4086,5,2,2999
4086,13,2,2999
4086,7,1,3299
4086,6,2,4999
4087,20,3,849
4087,17,2,749
4087,2,1,3499
4087,9,2,699
4088,16,3,899
4088,11,3,2799
4088,6,3,4999
4088,7,2,3299
4089,9,3,699
4089,4,1,1299
4089,18,3,699
4090,5,2,2999
4090,1,1,1999
4090,4,2,1299
4090,14,3,799
4091,4,1,1299
4091,12,1,1499
4091,11,1,2799
4091,8,3,999
4092,10,2,1599
4092,16,2,899
4093,12,1,1499
4093,2,1,3499
4093,5,1,2999
4093,4,1,1299
4094,17,1,749
4094,15,2,3199
4094,2,1,3499
4095,7,1,3299
4095,4,2,1299
4095,1,2,1999
4095,11,3,2799
4096,16,3,899
4096,10,2,1599
4097,7,3,3299
4097,3,2,2499
4097,19,1,999
4098,15,2,3199
4099,9,3,699
4099,20,3,849
4099,4,3,1299
4100,6,1,4999
4100,9,3,699
4100,7,3,3299
4100,19,1,999
4101,8,1,999
4101,14,3,799
4101,17,2,749
4101,11,1,2799
4102,1,1,1999
4103,19,2,999
4103,4,3,1299
4103,9,2,699
4104,13,1,2999
4104,1,3,1999
4104,3,2,2499
4104,11,1,2799
4105,11,3,2799
4105,15,2,3199
4105,13,2,2999
4106,7,2,3299
4106,5,1,2999
4106,16,1,899
4106,18,2,699
4107,8,1,999
4107,20,3,849
4108,1,2,1999
4108,14,1,799
4108,4,2,1299
4108,13,1,2999
4109,16,3,899
4110,19,3,999
4111,13,1,2999
4111,4,2,1299
4111,20,2,849
4111,2,1,3499
4112,15,3,3199
4112,14,3,799
4112,7,2,3299
4112,4,2,1299
4113,9,1,699
4113,14,3,799
4113,3,3,2499
4113,5,1,2999
4114,15,3,3199
4114,19,1,999
4114,18,2,699
4114,17,1,749
4115,6,1,4999
4115,15,3,3199
4115,9,1,699
4115,17,1,749
4116,16,1,899
4116,11,1,2799
4116,12,1,1499
4117,11,2,2799
4118,18,2,699
4118,6,2,4999
4119,14,2,799
4120,4,3,1299
4120,12,2,1499
4121,12,1,1499
4122,1,2,1999
4123,20,2,849
4123,9,3,699
4123,2,3,3499
4124,16,3,899
4124,18,1,699
4125,1,3,1999
4126,10,2,1599
4127,4,3,1299
4127,20,1,849
4127,16,3,899
4127,15,2,3199
4128,17,1,749
4128,12,2,1499
4128,18,3,699
4129,16,1,899
4129,6,1,4999
4129,10,1,1599
4130,3,1,2499
4130,15,1,3199
4130,12,3,1499
4130,14,2,799
4131,20,2,849
4132,20,3,849
4133,20,2,849
4133,5,2,2999
4133,19,3,999
4134,14,1,799
4134,17,1,749
4135,9,1,699
4135,18,1,699
4135,6,3,4999
4136,13,1,2999
4136,9,1,699
4136,4,3,1299
4136,12,3,1499
4137,12,3,1499
4137,1,2,1999
4137,17,1,749
4137,7,1,3299
4138,5,1,2999
4138,9,2,699
4139,19,1,999
4139,14,3,799
4139,11,1,2799
4139,20,2,849
4140,11,1,2799
4140,20,2,849
4140,17,3,749
4141,17,1,749
4141,13,2,2999
4142,1,3,1999
4142,14,2,799
4142,6,3,4999
4142,12,1,1499
4143,5,1,2999
4143,14,1,799
4144,7,3,3299
4144,5,1,2999
4144,15,1,3199
4145,18,3,699
4145,17,2,749
4145,14,1,799
4145,7,1,3299
4146,11,1,2799
4147,5,3,2999
4147,8,3,999
4148,13,1,2999
4148,9,1,699
4148,10,3,1599
4148,11,2,2799
4149,9,2,699
4149,14,3,799
4150,7,3,3299
4151,14,3,799
4152,13,3,2999
4153,5,1,2999
4153,19,2,999
4153,17,3,749
4153,13,1,2999
4154,8,2,999
4155,6,3,4999
4155,11,2,2799
4155,2,1,3499
4155,13,1,2999
4156,18,3,699
4157,15,1,3199
4158,8,2,999
4159,9,2,699
4159,20,1,849
4159,7,1,3299
4160,18,1,699
4160,8,3,999
4161,17,3,749
4161,10,1,1599
4162,6,1,4999
4162,4,3,1299
4162,18,1,699
4163,8,1,999
4164,10,1,1599
4164,13,1,2999
4164,1,3,1999
4164,7,1,3299
4165,10,1,1599
4166,3,3,2499
4167,9,1,699
4168,18,3,699
4169,3,2,2499
4170,5,3,2999
4170,7,3,3299
4171,19,3,999
4172,13,3,2999
4172,20,1,849
4172,3,2,2499
4173,12,1,1499
4173,2,2,3499
4173,18,3,699
4174,13,3,2999
4175,13,1,2999
4175,4,1,1299
4175,16,2,899
4176,19,2,999
4177,10,3,1599
4177,3,3,2499
4177,7,3,3299
4177,11,2,2799
4178,8,2,999
4178,17,1,749
4178,12,1,1499
4178,16,3,899
4179,18,2,699
4180,3,3,2499
4181,12,3,1499
4181,1,2,1999
4181,19,3,999
4181,8,2,999
4182,10,3,1599
4182,6,1,4999
4182,2,3,3499
4182,4,3,1299
4183,4,3,1299
4183,17,1,749
4183,18,2,699
4184,4,2,1299
4184,19,2,999
4184,6,2,4999
4185,5,3,2999
4185,17,2,749
4186,6,2,4999
4186,1,3,1999
4186,5,2,2999
4186,19,1,999
4187,13,2,2999
4187,10,1,1599
4187,3,3,2499
4187,9,3,699
4188,3,2,2499
4188,10,3,1599
4189,14,3,799
4190,5,3,2999
4190,15,2,3199
4190,20,1,849
4191,9,1,699
4191,11,3,2799
4192,2,1,3499
4192,5,2,2999
4192,7,2,3299
4192,14,1,799
4193,6,1,4999
4193,11,3,2799
4193,19,3,999
4194,18,3,699
4194,1,2,1999
4195,13,1,2999
4196,18,2,699
4196,4,1,1299
4197,1,3,1999
4198,5,1,2999
4199,9,2,699
4199,15,1,3199
4199,18,2,699
4199,12,1,1499
4200,10,1,1599
4201,17,1,749
4201,14,1,799
4202,8,2,999
4202,17,3,749
4202,5,2,2999
4203,11,3,2799
4203,19,3,999
4203,4,1,1299
4203,18,2,699
4204,7,2,3299
4204,1,1,1999
4204,14,1,799
4205,1,3,1999
4205,4,2,1299
4205,14,2,799
4206,1,2,1999
4207,16,2,899
4207,10,3,1599
4207,19,2,999
4208,14,1,799
4208,16,1,899
4208,7,3,3299
4208,10,3,1599
4209,20,3,849
4209,6,2,4999
4209,13,1,2999
4209,19,1,999
4210,20,3,849
4210,3,3,2499
4211,3,1,2499
4211,8,1,999
4211,10,2,1599
4212,13,1,2999
4212,18,2,699
4212,3,3,2499
4212,14,3,799
4213,6,3,4999
4213,8,1,999
4213,14,2,799
4214,3,2,2499
4214,17,1,749
4215,14,3,799
4216,15,1,3199
4216,13,2,2999
4216,6,1,4999
4217,4,2,1299
4217,9,2,699
4217,11,2,2799
4218,19,2,999
4218,6,1,4999
4218,13,2,2999
4219,8,1,999
4219,18,1,699
4219,7,2,3299
4220,12,3,1499
4220,14,1,799
4220,1,3,1999
4220,17,2,749
4221,10,2,1599
4221,20,3,849
4222,9,1,699
4222,13,3,2999
4223,3,1,2499
4223,17,1,749
4224,10,2,1599
4225,9,1,699
4225,19,3,999
4226,16,3,899
4226,7,3,3299
4227,5,3,2999
4227,6,1,4999
4227,16,2,899
4227,4,2,1299
4228,2,1,3499
4228,6,1,4999
4229,17,1,749
4229,10,3,1599
4230,10,2,1599
4230,1,3,1999
4230,16,3,899
4230,6,2,4999
4231,19,2,999
4231,3,2,2499
4232,20,3,849
4232,8,3,999
4232,18,1,699
4232,11,1,2799
4233,9,2,699
4234,8,1,999
4234,6,2,4999
4235,11,2,2799
4236,3,3,2499
4237,5,3,2999
4238,18,1,699
4239,13,2,2999
4239,6,3,4999
4239,7,3,3299
4240,15,2,3199
4240,20,1,849
4241,8,2,999
4242,10,3,1599
4242,3,1,2499
4242,14,2,799
4242,9,2,699
4243,12,2,1499
4243,8,2,999
4243,11,2,2799
4244,11,2,2799
4244,17,1,749
4244,8,3,999
4245,7,1,3299
4245,13,2,2999
4246,16,2,899
4246,2,3,3499
4246,5,1,2999
4246,4,3,1299
4247,1,1,1999
4248,17,2,749
4248,1,1,1999
4249,17,3,749
4250,20,3,849
4251,20,3,849
4251,7,1,3299
4252,12,2,1499
4252,19,1,999
4252,10,1,1599
4252,6,2,4999
4253,7,1,3299
4253,5,3,2999
4253,18,3,699
4253,3,2,2499
4254,17,1,749
4254,10,1,1599
4255,14,3,799
4256,6,2,4999
4257,17,1,749
4258,11,2,2799
4258,15,2,3199
4258,20,1,849
4258,12,2,1499
4259,8,3,999
4259,17,1,749
4260,2,2,3499
4260,18,2,699
4260,4,3,1299
4260,17,3,749
4261,8,2,999
4261,10,2,1599
4261,17,1,749
4261,15,1,3199
4262,6,1,4999
4263,10,3,1599
4263,7,1,3299
4263,3,1,2499
4264,2,2,3499
4265,2,3,3499
4265,13,1,2999
4266,12,1,1499
4267,13,3,2999
4267,16,1,899
4267,12,3,1499
4267,7,1,3299
4268,16,3,899
4268,11,1,2799
4268,19,1,999
4268,15,1,3199
4269,10,3,1599
4269,7,3,3299
4269,18,1,699
4270,13,2,2999
4270,20,2,849
4271,17,2,749
4272,11,1,2799
4272,19,3,999
4273,15,2,3199
4273,9,1,699
4273,6,2,4999
4274,18,3,699
4274,14,2,799
4274,3,2,2499
4274,2,2,3499
4275,20,1,849
4276,15,1,3199
4276,18,3,699
4277,1,3,1999
4278,12,3,1499
4278,1,3,1999
4278,4,3,1299
4278,7,3,3299
4279,10,2,1599
4279,13,2,2999
4279,8,1,999
4279,3,3,2499
4280,3,3,2499
4280,13,2,2999
4280,8,1,999
4280,18,3,699
4281,10,2,1599
4281,17,2,749
4282,15,2,3199
4282,1,2,1999
4282,11,2,2799
4282,8,1,999
4283,15,2,3199
4284,17,2,749
4284,8,3,999
4285,12,1,1499
4286,20,1,849
4286,14,3,799
4286,2,1,3499
4286,18,1,699
4287,9,1,699
4288,15,3,3199
4288,14,2,799
4289,8,1,999
4289,20,2,849
4290,9,2,699
4290,11,2,2799
4290,15,1,3199
4291,14,2,799
4292,8,1,999
4292,6,1,4999
4292,14,2,799
4292,12,3,1499
4293,5,3,2999
4294,6,3,4999
4294,14,1,799
4294,9,1,699
4294,10,3,1599
4295,10,3,1599
4296,14,3,799
4296,5,2,2999
4296,18,3,699
4297,15,1,3199
4297,11,3,2799
4297,3,2,2499
4298,1,1,1999
4298,12,3,1499
4298,18,2,699
4299,3,2,2499
4299,5,3,2999
4299,2,1,3499
4300,7,1,3299
4300,15,1,3199
4300,5,1,2999
4300,11,1,2799
4301,9,1,699
4301,5,3,2999
4301,18,2,699
4302,4,2,1299
4302,19,1,999
4303,19,1,999
4303,1,1,1999
4304,5,3,2999
4304,1,2,1999
4304,11,3,2799
4304,12,2,1499
4305,13,3,2999
4305,12,3,1499
4305,15,1,3199
4306,3,3,2499
4306,1,3,1999
4307,18,3,699
4307,15,1,3199
4307,17,3,749
4307,6,3,4999
4308,1,3,1999
4308,3,3,2499
4309,13,2,2999
4309,1,2,1999
4309,15,2,3199
4310,6,1,4999
4310,15,3,3199
4311,19,3,999
4312,2,2,3499
4312,9,3,699
4313,9,2,699
4313,18,1,699
4313,20,3,849
4313,16,1,899
4314,16,1,899
4315,4,1,1299
4316,13,3,2999
4317,14,1,799
4317,9,2,699
4317,16,3,899
4317,3,3,2499
4318,1,1,1999
4318,18,1,699
4319,17,1,749
4320,16,2,899
4321,2,2,3499
4321,18,1,699
4322,5,2,2999
4322,7,3,3299
4322,20,2,849
4322,10,2,1599
4323,14,2,799
4324,3,1,2499
4324,9,3,699
4325,17,3,749
4326,4,2,1299
4327,11,2,2799
4327,18,2,699
4327,12,3,1499
4327,15,1,3199
4328,19,3,999
4328,9,1,699
4328,16,1,899
4329,16,2,899
4329,17,3,749
4330,11,2,2799
4330,7,1,3299
4330,19,1,999
4331,1,1,1999
4332,12,3,1499
4332,7,1,3299
4332,14,2,799
4332,10,1,1599
4333,2,2,3499
4333,7,3,3299
4334,1,1,1999
4334,18,3,699
4335,3,3,2499
4335,4,1,1299
4335,6,2,4999
4335,12,2,1499
4336,5,2,2999
4336,3,1,2499
4336,4,3,1299
4336,20,2,849
4337,14,1,799
4337,20,1,849
4337,8,2,999
4337,12,1,1499
4338,15,1,3199
4339,10,1,1599
4339,4,2,1299
4339,20,3,849
4339,16,2,899
4340,6,2,4999
4340,11,2,2799
4340,20,2,849
4341,8,2,999
4341,19,3,999
4341,12,2,1499
4341,3,1,2499
4342,1,3,1999
4342,4,2,1299
4342,9,3,699
4342,20,3,849
4343,20,3,849
4344,16,1,899
4344,5,3,2999
4344,11,1,2799
4344,14,2,799
4345,17,1,749
4345,10,2,1599
4346,11,3,2799
4347,12,1,1499
4348,14,2,799
4348,8,2,999
4349,10,1,1599
4349,16,2,899
4350,18,2,699
4351,5,2,2999
4351,7,3,3299
4351,20,1,849
4352,19,1,999
4352,11,2,2799
4353,9,2,699
4353,17,1,749
4353,5,2,2999
4354,5,3,2999
4355,4,2,1299
4355,15,2,3199
4355,9,2,699
4356,17,3,749
4356,11,1,2799
4356,4,1,1299
4356,14,2,799
4357,18,2,699
4357,10,2,1599
4358,12,2,1499
4359,10,2,1599
4359,18,1,699
4359,15,1,3199
4359,17,3,749
4360,7,3,3299
4360,12,2,1499
4361,18,2,699
4361,20,1,849
4361,4,3,1299
4362,12,2,1499
4362,10,1,1599
4362,14,1,799
4362,4,3,1299
4363,8,3,999
4363,19,3,999
4363,3,3,2499
4363,6,1,4999
4364,4,1,1299
4365,11,2,2799
4366,15,2,3199
4367,7,1,3299
4368,13,2,2999
4369,2,2,3499
4369,5,2,2999
4369,8,2,999
4370,5,1,2999
4370,17,3,749
4370,1,2,1999
4370,6,2,4999
4371,19,3,999
4371,18,1,699
4371,1,3,1999
4372,11,1,2799
4373,6,1,4999
4373,5,2,2999
4373,2,1,3499
4373,7,1,3299
4374,7,2,3299
4374,19,2,999
4375,19,3,999
4376,20,3,849
4376,6,3,4999
4377,10,1,1599
4377,19,3,999
4378,9,1,699
4378,11,3,2799
4378,12,1,1499
4378,3,3,2499
4379,5,2,2999
4379,17,3,749
4379,8,1,999
4379,9,3,699
4380,12,2,1499
4381,19,1,999
4381,14,2,799
4382,3,3,2499
4382,14,2,799
4382,15,3,3199
4383,9,2,699
4384,6,3,4999
4384,17,2,749
4384,9,3,699
4384,11,3,2799
4385,14,3,799
4385,6,3,4999
4386,1,3,1999
4386,2,3,3499
4387,7,2,3299
4387,11,3,2799
4387,15,1,3199
4388,17,2,749
4388,1,3,1999
4388,18,3,699
4388,9,1,699
4389,7,1,3299
4389,13,2,2999
4390,1,1,1999
4391,5,1,2999
4391,10,3,1599
4391,9,2,699
4391,14,2,799
4392,15,1,3199
4392,13,3,2999
4392,8,3,999
4393,20,1,849
4394,10,2,1599
4394,3,1,2499
4394,17,1,749
4394,1,3,1999
4395,12,2,1499
4395,15,3,3199
4395,8,3,999
4395,7,1,3299
4396,12,3,1499
4396,5,2,2999
4396,11,3,2799
4397,13,3,2999
4397,9,1,699
4397,17,3,749
4397,16,2,899
4398,6,2,4999
4399,10,3,1599
4399,15,3,3199
4400,10,2,1599
4400,15,1,3199
4400,1,3,1999
4401,7,1,3299
4401,16,2,899
4402,4,2,1299
4402,7,3,3299
4402,18,3,699
4402,15,2,3199
4403,7,1,3299
4404,3,1,2499
4404,20,3,849
4404,17,3,749
4404,1,2,1999
4405,19,3,999
4406,19,3,999
4406,9,1,699
4406,16,3,899
4406,20,2,849
4407,3,3,2499
4407,13,2,2999
4407,20,2,849
4407,17,2,749
4408,3,3,2499
4408,14,2,799
4409,1,2,1999
4410,10,2,1599
4410,2,3,3499
4410,5,2,2999
4410,20,3,849
4411,14,1,799
4411,17,1,749
4412,17,3,749
4413,9,3,699
4413,11,3,2799
4414,10,2,1599
4414,12,2,1499
4415,9,2,699
4415,7,3,3299
4415,11,1,2799
4415,4,3,1299
4416,4,2,1299
4416,15,3,3199
4417,13,1,2999
4417,8,1,999
4417,10,2,1599
4417,9,3,699
4418,12,2,1499
4418,13,1,2999
4419,11,1,2799
4419,5,2,2999
4420,16,1,899
4421,18,2,699
4421,12,1,1499
4421,6,3,4999
4422,9,2,699
4422,2,3,3499
4423,1,2,1999
4424,7,1,3299
4424,9,3,699
4425,8,2,999
4425,11,2,2799
4426,18,1,699
4426,9,3,699
4427,2,2,3499
4428,15,3,3199
4429,1,2,1999
4429,10,2,1599
4429,9,1,699
4430,12,3,1499
4430,11,2,2799
4430,17,2,749
4430,2,3,3499
4431,6,1,4999
4431,10,1,1599
4432,19,1,999
4433,13,2,2999
4433,8,3,999
4434,18,1,699
4434,13,1,2999
4435,1,2,1999
4435,5,2,2999
4435,10,1,1599
4436,1,1,1999
4436,5,3,2999
4437,17,2,749
4437,6,3,4999
4437,18,1,699
4437,19,2,999
4438,11,1,2799
4438,8,3,999
4439,17,3,749
4439,9,2,699
4439,14,2,799
4440,19,1,999
4440,12,2,1499
4440,7,1,3299
4440,13,3,2999
4441,8,1,999
4441,20,2,849
4441,13,1,2999
4441,2,1,3499
4442,14,3,799
4442,6,1,4999
4443,15,3,3199
4443,20,2,849
4443,7,1,3299
4443,6,3,4999
4444,6,3,4999
4444,20,1,849
4445,6,2,4999
4445,7,3,3299
4446,2,2,3499
4446,4,1,1299
4446,9,1,699
4447,12,3,1499
4447,13,1,2999
4447,15,3,3199
4448,2,1,3499
4448,9,3,699
4448,14,3,799
4449,11,3,2799
4449,18,1,699
4450,20,1,849
4451,11,2,2799
4451,18,3,699
4451,16,2,899
4452,8,3,999
4452,6,3,4999
4453,18,2,699
4454,15,3,3199
4454,12,3,1499
4454,6,1,4999
4455,18,3,699
4456,6,2,4999
4457,4,3,1299
4458,5,2,2999
4459,2,2,3499
4459,11,2,2799
4459,13,1,2999
4460,7,2,3299
4460,5,2,2999
4460,1,2,1999
4461,2,1,3499
4461,7,2,3299
4461,16,1,899
4462,14,3,799
4462,18,1,699
4462,8,3,999
4463,6,3,4999
4463,13,2,2999
4463,9,2,699
4464,10,2,1599
4464,20,3,849
4464,6,1,4999
4464,17,1,749
4465,2,1,3499
4466,13,1,2999
4466,10,1,1599
4466,5,3,2999
4467,9,1,699
4467,19,3,999
4467,3,3,2499
4468,19,2,999
4468,6,3,4999
4468,1,3,1999
4469,5,1,2999
4470,1,2,1999
4471,18,2,699
4471,11,1,2799
4471,2,2,3499
4471,13,2,2999
4472,3,1,2499
4472,11,3,2799
4472,13,2,2999
4473,3,1,2499
4473,11,3,2799
4474,6,1,4999
4474,16,2,899
4474,4,3,1299
4474,9,1,699
4475,1,1,1999
4475,9,2,699
4475,16,2,899
4476,3,2,2499
4476,6,1,4999
4476,5,2,2999
4476,1,3,1999
4477,10,3,1599
4477,1,3,1999
4478,11,1,2799
4478,8,2,999
4479,3,1,2499
4479,19,3,999
4480,6,3,4999
4481,6,3,4999
4481,17,2,749
4482,12,3,1499
4482,9,1,699
4483,6,3,4999
4483,16,3,899
4483,8,2,999
4484,2,2,3499
4485,5,3,2999
4485,9,2,699
4485,7,2,3299
4485,1,2,1999
4486,17,1,749
4486,3,3,2499
4486,1,3,1999
4486,16,1,899
4487,8,1,999
4488,8,2,999
4488,14,1,799
4489,4,3,1299
4489,5,2,2999
4489,13,1,2999
4490,1,3,1999
4491,16,2,899
4491,13,1,2999
4492,19,1,999
4492,12,2,1499
4493,12,3,1499
4493,1,1,1999
4493,17,3,749
4494,2,3,3499
4494,14,3,799
4495,12,2,1499
4496,3,1,2499
4496,5,2,2999
4496,9,1,699
4497,15,2,3199
4498,20,2,849
4498,18,2,699
4498,7,3,3299
4499,15,2,3199
4499,9,2,699
4499,3,2,2499
4499,4,2,1299
4500,7,3,3299
4500,16,1,899
4500,11,3,2799
4501,6,1,4999
4501,11,3,2799
4502,7,2,3299
4503,16,1,899
4503,12,2,1499
4503,7,1,3299
4503,11,2,2799
4504,6,1,4999
4505,1,1,1999
4506,9,2,699
4506,4,1,1299
4507,4,1,1299
4507,13,3,2999
4507,19,1,999
4508,9,1,699
4509,14,3,799
4510,14,1,799
4510,4,2,1299
4511,14,3,799
4511,12,1,1499
4511,11,1,2799
4512,20,1,849
4512,19,3,999
4512,7,3,3299
4513,6,1,4999
4514,10,3,1599
4514,9,3,699
4514,8,1,999
4515,17,2,749
4516,7,3,3299
4516,4,2,1299
4516,17,1,749
4516,20,3,849
4517,16,2,899
4517,18,1,699
4518,4,2,1299
4518,14,2,799
4519,13,2,2999
4520,10,3,1599
4520,5,2,2999
4521,9,3,699
4521,2,2,3499
4521,10,3,1599
4522,17,3,749
4522,7,2,3299
4523,20,1,849
4523,17,1,749
4523,13,3,2999
4524,3,3,2499
4524,12,1,1499
4525,10,3,1599
4526,17,3,749
4527,20,2,849
4527,9,2,699
4528,10,3,1599
4529,17,1,749
4529,5,1,2999
4530,15,3,3199
4531,7,3,3299
4531,11,3,2799
4531,16,2,899
4532,9,1,699
4533,8,2,999
4533,5,3,2999
4533,11,1,2799
4533,14,3,799
4534,14,3,799
4534,10,2,1599
4535,16,1,899
4535,20,2,849
4535,7,1,3299
4536,20,2,849
4537,11,3,2799
4537,14,3,799
4538,15,1,3199
4538,17,3,749
4539,5,1,2999
4540,15,3,3199
4540,9,1,699
4541,11,2,2799
4541,6,2,4999
4541,8,2,999
4541,13,1,2999
4542,8,2,999
4543,20,1,849
4543,12,2,1499
4543,11,3,2799
4544,15,2,3199
4544,2,2,3499
4544,11,2,2799
4545,3,3,2499
4546,9,1,699
4547,17,3,749
4547,8,3,999
4547,9,2,699
4548,8,2,999
4548,18,1,699
4548,11,2,2799
4548,10,1,1599
4549,14,2,799
4549,17,3,749
4549,19,3,999
4550,13,2,2999
4550,7,1,3299
4550,9,2,699
4550,6,2,4999
4551,16,1,899
4551,18,2,699
4552,7,1,3299
4552,13,3,2999
4552,16,3,899
4552,3,3,2499
4553,3,3,2499
4553,19,1,999
4554,20,2,849
4554,18,2,699
4554,17,1,749
4554,14,3,799
4555,5,2,2999
4555,9,2,699
4556,15,3,3199
4556,3,3,2499
4556,9,2,699
4556,17,2,749
4557,7,1,3299
4557,11,3,2799
4558,15,2,3199
4558,8,2,999
4559,17,1,749
4559,6,3,4999
4559,19,1,999
4560,15,1,3199
4561,4,1,1299
4561,7,2,3299
4562,6,1,4999
4562,12,1,1499
4562,11,2,2799
4563,6,2,4999
4564,19,1,999
4564,15,1,3199
4564,16,1,899
4565,12,1,1499
4565,18,1,699
4566,13,2,2999
4566,7,3,3299
4566,20,3,849
4567,10,1,1599
4567,20,1,849
4567,17,3,749
4568,19,3,999
4568,5,1,2999
4569,3,3,2499
4569,20,1,849
4570,2,3,3499
4570,14,1,799
4570,16,1,899
4571,4,1,1299
4572,19,1,999
4572,2,2,3499
4573,14,3,799
4574,1,2,1999
4575,4,1,1299
4575,9,1,699
4576,4,1,1299
4576,20,2,849
4577,19,3,999
4577,3,2,2499
4578,20,1,849
4579,19,2,999
4579,5,3,2999
4579,1,2,1999
4580,3,2,2499
4581,14,3,799
4581,1,2,1999
4582,20,1,849
4582,16,1,899
4582,7,1,3299
4583,1,1,1999
4583,12,1,1499
4584,10,3,1599
4585,11,3,2799
4585,12,2,1499
4585,4,3,1299
4586,10,2,1599
4586,4,1,1299
4586,3,3,2499
4586,7,1,3299
4587,13,3,2999
4587,16,3,899
4587,15,2,3199
4587,1,1,1999
4588,9,3,699
4589,11,3,2799
4589,18,2,699
4590,7,2,3299
4591,2,3,3499
4591,12,3,1499
4592,2,2,3499
4592,15,3,3199
4593,4,2,1299
4593,9,1,699
4593,1,3,1999
4594,3,1,2499
4594,16,2,899
4594,2,3,3499
4594,1,2,1999
4595,17,3,749
4595,4,3,1299
4595,1,2,1999
4596,5,1,2999
4596,11,2,2799
4596,12,2,1499
4596,14,1,799
4597,5,2,2999
4597,4,1,1299
4598,10,3,1599
4599,5,1,2999
4599,14,1,799
4599,3,2,2499
4600,1,1,1999
4601,14,2,799
4602,8,2,999
4602,6,3,4999
4602,20,2,849
4602,7,1,3299
4603,17,3,749
4603,1,2,1999
4604,11,3,2799
4605,14,3,799
4606,1,3,1999
4607,12,3,1499
4608,12,2,1499
4609,6,1,4999
4609,14,3,799
4609,9,2,699
4610,5,2,2999
4610,9,3,699
4610,17,3,749
4611,20,3,849
4611,3,2,2499
4612,5,3,2999
4612,2,2,3499
4612,10,2,1599
4613,12,1,1499
4613,8,1,999
4614,4,1,1299
4615,8,3,999
4615,15,3,3199
4615,16,3,899
4616,16,1,899
4616,20,3,849
4617,20,3,849
4617,19,1,999
4617,17,2,749
4617,15,2,3199
4618,1,2,1999
4618,15,3,3199
4618,14,3,799
4619,7,2,3299
4619,19,3,999
4620,11,1,2799
4620,2,1,3499
4620,12,1,1499
4620,6,1,4999
4621,12,3,1499
4621,19,1,999
4622,7,2,3299
4622,4,1,1299
4623,14,1,799
4623,19,2,999
4623,16,1,899
4624,4,2,1299
4625,7,2,3299
4626,13,1,2999
4626,10,1,1599
4627,13,2,2999
4627,19,1,999
4627,7,2,3299
4628,12,3,1499
4629,9,1,699
4629,2,3,3499
4629,19,2,999
4630,15,2,3199
4630,7,2,3299
4631,4,1,1299
4631,20,2,849
4631,18,1,699
4631,17,3,749
4632,15,3,3199
4632,10,3,1599
4632,14,2,799
4632,20,2,849
4633,17,3,749
4634,7,2,3299
4635,15,3,3199
4636,11,1,2799
4636,7,1,3299
4636,1,2,1999
4637,12,1,1499
4637,19,1,999
4638,9,2,699
4638,2,2,3499
4639,14,3,799
4639,11,2,2799
4639,5,2,2999
4640,5,1,2999
4640,1,1,1999
4641,2,2,3499
4641,15,1,3199
4641,6,3,4999
4641,13,1,2999
4642,15,2,3199
4642,8,1,999
4642,20,1,849
4642,6,3,4999
4643,20,2,849
4643,7,3,3299
4643,6,1,4999
4643,2,2,3499
4644,11,3,2799
4645,9,1,699
4645,19,3,999
4645,20,1,849
4645,3,1,2499
4646,10,1,1599
4647,15,2,3199
4648,1,2,1999
4648,11,1,2799
4648,17,1,749
4648,14,2,799
4649,10,1,1599
4650,18,2,699
4650,15,3,3199
4651,16,1,899
4651,10,1,1599
4651,6,2,4999
4651,13,2,2999
4652,4,1,1299
4653,7,1,3299
4653,17,2,749
4654,10,2,1599
4654,17,3,749
4654,1,1,1999
4655,14,1,799
4655,2,3,3499
4655,9,1,699
4656,15,1,3199
4656,19,1,999
4657,3,2,2499
4657,13,3,2999
4657,2,2,3499
4657,10,1,1599
4658,9,3,699
4658,10,3,1599
4658,3,1,2499
4659,15,1,3199
4659,2,2,3499
4659,11,2,2799
4659,1,1,1999
4660,11,2,2799
4660,13,3,2999
4660,1,2,1999
4661,13,1,2999
4661,8,3,999
4661,6,2,4999
4662,4,3,1299
4662,6,3,4999
4662,12,1,1499
4663,5,3,2999
4663,20,1,849
4663,19,2,999
4664,13,2,2999
4664,3,3,2499
4664,16,2,899
4664,20,1,849
4665,14,1,799
4665,20,2,849
4666,7,3,3299
4666,16,1,899
4667,17,1,749
4667,13,3,2999
4667,19,1,999
4667,20,2,849
4668,6,1,4999
4669,9,2,699
4670,3,1,2499
4670,9,2,699
4670,5,2,2999
4670,4,2,1299
4671,14,3,799
4671,17,2,749
4672,20,3,849
4672,8,3,999
4673,1,3,1999
4673,16,1,899
4673,6,3,4999
4674,3,1,2499
4674,17,3,749
4674,1,3,1999
4674,19,3,999
4675,15,2,3199
4675,5,2,2999
4676,13,1,2999
4676,16,1,899
4677,8,1,999
4677,5,1,2999
4677,11,2,2799
4678,12,3,1499
4678,4,3,1299
4678,3,2,2499
4679,19,1,999
4679,11,1,2799
4679,4,3,1299
4680,5,2,2999
4680,19,3,999
4680,13,2,2999
4681,5,2,2999
4681,1,1,1999
4682,13,1,2999
4682,11,2,2799
4682,12,1,1499
4683,15,3,3199
4683,14,3,799
4683,12,3,1499
4683,18,1,699
4684,6,1,4999
4685,4,2,1299
4685,10,3,1599
4685,8,1,999
4686,14,1,799
4687,5,1,2999
4687,6,1,4999
4687,20,3,849
4688,7,1,3299
4688,17,2,749
4688,3,2,2499
4688,1,1,1999
4689,18,2,699
4689,8,1,999
4689,20,3,849
4690,7,1,3299
4690,11,2,2799
4690,3,3,2499
4691,3,1,2499
4691,20,2,849
4691,13,2,2999
4691,8,2,999
4692,11,1,2799
4692,10,2,1599
4693,13,3,2999
4694,11,1,2799
4694,18,3,699
4694,2,2,3499
4695,19,3,999
4696,4,2,1299
4696,10,1,1599
4697,4,3,1299
4697,8,2,999
4697,14,2,799
4697,15,1,3199
4698,15,2,3199
4698,1,3,1999
4699,16,3,899
4699,1,2,1999
4699,14,1,799
4700,1,1,1999
4700,13,3,2999
4700,15,2,3199
4701,6,3,4999
4701,7,2,3299
4701,3,2,2499
4701,4,3,1299
4702,16,1,899
4702,9,3,699
4702,1,1,1999
4703,9,2,699
4704,2,1,3499
4704,8,2,999
4704,15,2,3199
4705,19,2,999
4706,13,3,2999
4706,7,3,3299
4706,14,1,799
4707,7,1,3299
4707,4,1,1299
4708,12,3,1499
4708,18,3,699
4709,8,2,999
4709,17,3,749
4709,12,3,1499
4709,19,3,999
4710,16,1,899
4710,14,2,799
4711,14,2,799
4712,12,3,1499
4712,2,3,3499
4712,14,3,799
4713,8,3,999
4713,2,2,3499
4713,15,2,3199
4713,5,3,2999
4714,8,3,999
4714,3,3,2499
4714,10,1,1599
4715,19,2,999
4716,9,2,699
4716,2,1,3499
4716,10,3,1599
4716,1,3,1999
4717,14,2,799
4717,13,3,2999
4717,8,2,999
4717,2,3,3499
4718,13,3,2999
4719,9,1,699
4719,14,2,799
4720,17,1,749
4721,7,3,3299
4722,3,2,2499
4723,12,2,1499
4724,9,3,699
4725,10,1,1599
4725,5,1,2999
4725,13,1,2999
4726,3,1,2499
4726,19,3,999
4726,2,2,3499
4727,7,1,3299
4728,19,2,999
4728,2,3,3499
4728,7,3,3299
4729,7,3,3299
4729,20,3,849
4729,10,1,1599
4729,8,3,999
4730,3,3,2499
4730,13,1,2999
4731,15,3,3199
4731,17,1,749
4731,4,3,1299
4731,3,1,2499
4732,1,3,1999
4732,5,2,2999
4732,12,1,1499
4732,15,2,3199
4733,12,2,1499
4733,10,3,1599
4734,6,1,4999
4734,10,3,1599
4734,1,3,1999
4734,20,2,849
4735,20,2,849
4735,3,1,2499
4735,9,3,699
4736,16,2,899
4736,5,3,2999
4736,17,1,749
4737,13,3,2999
4738,11,1,2799
4738,7,3,3299
4738,10,2,1599
4738,2,3,3499
4739,18,3,699
4739,12,2,1499
4740,10,3,1599
4740,20,2,849
4740,19,2,999
4741,18,2,699
4742,15,2,3199
4742,11,2,2799
4742,2,3,3499
4742,5,3,2999
4743,1,1,1999
4743,9,3,699
4744,5,3,2999
4745,5,2,2999
4746,7,1,3299
4746,20,2,849
4746,1,1,1999
4746,6,2,4999
4747,6,2,4999
4748,19,1,999
4748,12,3,1499
4748,18,3,699
4749,20,3,849
4749,11,1,2799
4750,12,1,1499
4750,7,2,3299
4750,15,3,3199
4750,14,3,799
4751,18,2,699
4751,14,2,799
4751,10,2,1599
4752,1,2,1999
4752,11,1,2799
4752,4,2,1299
4752,14,2,799
4753,19,3,999
4753,1,1,1999
4753,11,2,2799
4754,9,1,699
4754,13,3,2999
4754,16,3,899
4754,12,1,1499
4755,17,3,749
4755,6,2,4999
4756,1,3,1999
4756,6,3,4999
4756,20,1,849
4757,6,3,4999
4758,8,3,999
4758,11,2,2799
4758,4,2,1299
4758,10,3,1599
4759,9,3,699
4759,12,1,1499
4759,18,3,699
4760,19,3,999
4760,3,2,2499
4760,14,1,799
4761,11,3,2799
4761,3,3,2499
4761,5,1,2999
4761,1,1,1999
4762,8,2,999
4762,3,3,2499
4762,4,2,1299
4762,19,1,999
4763,2,2,3499
4764,20,3,849
4765,12,3,1499
4765,17,2,749
4765,7,2,3299
4765,9,3,699
4766,17,2,749
4767,9,2,699
4767,19,3,999
4767,2,2,3499
4768,11,1,2799
4769,1,3,1999
4769,15,2,3199
4769,13,1,2999
4769,20,3,849
4770,6,3,4999
4771,18,2,699
4771,6,3,4999
4771,16,1,899
4772,12,2,1499
4773,16,1,899
4773,14,1,799
4774,1,2,1999
4774,9,3,699
4775,20,3,849
4775,9,2,699
4775,7,3,3299
4776,19,3,999
4776,3,3,2499
4776,8,3,999
4777,3,1,2499
4778,7,1,3299
4778,20,2,849
4779,15,1,3199
4780,17,3,749
4780,16,3,899
4781,2,1,3499
4781,17,1,749
4782,11,3,2799
4782,4,2,1299
4783,4,3,1299
4783,2,2,3499
4783,10,3,1599
4783,5,3,2999
4784,5,1,2999
4784,9,2,699
4785,8,2,999
4786,16,2,899
4786,19,3,999
4786,6,3,4999
4787,8,2,999
4788,5,3,2999
4788,16,2,899
4788,14,2,799
4789,14,1,799
4790,13,3,2999
4790,14,1,799
4790,10,2,1599
4790,11,1,2799
4791,2,1,3499
4791,4,2,1299
4791,19,2,999
4792,19,3,999
4792,3,2,2499
4793,20,2,849
4793,15,2,3199
4793,5,2,2999
4794,4,2,1299
4794,15,2,3199
4795,4,2,1299
4795,10,2,1599
4795,19,2,999
4796,6,3,4999
4796,11,3,2799
4796,5,3,2999
4797,1,1,1999
4797,9,1,699
4798,8,2,999
4799,20,2,849
4799,7,2,3299
4800,5,1,2999
4800,6,1,4999
4800,9,2,699
4801,6,2,4999
4802,15,2,3199
4803,2,2,3499
4804,15,1,3199
4804,7,1,3299
4804,8,1,999
4804,12,3,1499
4805,14,1,799
4805,8,1,999
4806,17,3,749
4806,19,3,999
4806,20,1,849
4807,18,2,699
4807,4,3,1299
4808,7,2,3299
4808,20,1,849
4808,11,2,2799
4809,20,2,849
4810,10,2,1599
4810,5,1,2999
4811,8,1,999
4811,4,1,1299
4811,13,2,2999
4811,7,3,3299
4812,6,3,4999
4812,10,1,1599
4812,9,3,699
4812,16,3,899
4813,16,3,899
4813,18,1,699
4813,14,1,799
4814,16,2,899
4814,6,2,4999
4815,12,1,1499
4816,4,2,1299
4816,14,1,799
4816,13,1,2999
4817,15,2,3199
4817,20,1,849
4818,12,1,1499
4818,3,1,2499
4818,1,2,1999
4818,2,2,3499
4819,18,2,699
4819,9,3,699
4820,2,1,3499
4820,6,1,4999
4821,5,1,2999
4821,11,3,2799
4821,4,3,1299
4821,3,3,2499
4822,8,1,999
4822,15,2,3199
4823,12,1,1499
4823,6,3,4999
4824,16,1,899
4824,13,2,2999
4824,8,3,999
4825,13,1,2999
4825,11,2,2799
4826,14,1,799
4826,15,2,3199
4826,13,3,2999
4826,5,2,2999
4827,9,2,699
4828,12,3,1499
4829,18,1,699
4829,2,2,3499
4829,13,1,2999
4829,9,3,699
4830,8,1,999
4830,3,1,2499
4830,4,2,1299
4830,14,2,799
4831,4,3,1299
4832,1,3,1999
4832,9,2,699
4832,7,3,3299
4833,11,3,2799
4833,17,3,749
4834,9,2,699
4834,18,3,699
4834,15,2,3199
4835,10,3,1599
4835,6,2,4999
4835,2,1,3499
4836,19,2,999
4836,16,1,899
4836,17,3,749
4837,11,1,2799
4837,8,3,999
4838,17,1,749
4838,9,3,699
4838,12,1,1499
4838,4,3,1299
4839,15,1,3199
4839,11,1,2799
4840,20,2,849
4840,13,1,2999
4840,7,3,3299
4841,19,3,999
4842,10,2,1599
4843,3,2,2499
4843,2,2,3499
4843,7,2,3299
4844,2,2,3499
4844,3,1,2499
4844,19,1,999
4845,4,2,1299
4845,17,3,749
4845,9,1,699
4845,14,3,799
4846,14,3,799
4847,2,2,3499
4847,3,3,2499
4847,20,3,849
4847,1,3,1999
4848,2,1,3499
4848,3,2,2499
4848,17,3,749
4848,7,3,3299
4849,1,3,1999
4850,1,1,1999
4851,13,1,2999
4851,18,3,699
4852,13,3,2999
4853,14,1,799
4853,17,1,749
4853,16,2,899
4853,3,3,2499
4854,5,1,2999
4854,12,3,1499
4855,4,1,1299
4855,14,1,799
4855,15,2,3199
4855,5,1,2999
4856,2,3,3499
4856,6,1,4999
4856,9,3,699
4857,11,3,2799
4858,5,2,2999
4858,9,1,699
4858,20,1,849
4859,10,2,1599
4859,17,1,749
4859,15,3,3199
4860,20,1,849
4860,5,1,2999
4861,9,1,699
4861,10,3,1599
4861,17,3,749
4861,6,2,4999
4862,20,1,849
4862,14,3,799
4862,8,3,999
4863,2,3,3499
4863,6,3,4999
4863,14,1,799
4863,10,3,1599
4864,9,2,699
4864,11,3,2799
4864,17,2,749
4865,4,1,1299
4865,12,2,1499
4865,7,3,3299
4865,9,3,699
4866,5,2,2999
4866,6,2,4999
4867,10,2,1599
4867,20,3,849
4867,14,2,799
4867,19,3,999
4868,10,1,1599
4869,7,1,3299
4869,5,2,2999
4870,5,3,2999
4870,17,3,749
4871,1,3,1999
4871,8,3,999
4872,13,3,2999
4872,3,2,2499
4872,19,2,999
4872,12,1,1499
4873,17,1,749
4873,4,1,1299
4873,13,1,2999
4874,12,3,1499
4875,7,2,3299
4875,15,2,3199
4875,12,3,1499
4875,1,3,1999
4876,2,1,3499
4877,16,3,899
4877,8,2,999
4877,5,2,2999
4877,1,2,1999
4878,18,3,699
4878,1,3,1999
4879,14,2,799
4879,8,1,999
4879,4,1,1299
4879,3,3,2499
4880,9,1,699
4881,13,3,2999
4882,17,2,749
4882,3,2,2499
4883,2,2,3499
4883,12,3,1499
4883,18,2,699
4884,17,2,749
4884,19,1,999
4885,6,2,4999
4885,10,2,1599
4886,1,1,1999
4887,17,1,749
4887,11,3,2799
4887,9,3,699
4887,12,3,1499
4888,5,1,2999
4888,14,3,799
4888,6,2,4999
4888,7,1,3299
4889,12,3,1499
4889,7,1,3299
4889,11,3,2799
4890,4,2,1299
4890,6,1,4999
4891,4,1,1299
4892,18,1,699
4892,7,2,3299
4892,14,3,799
4893,10,2,1599
4893,8,3,999
4893,18,2,699
4894,12,3,1499
4894,17,3,749
4895,14,1,799
4895,6,3,4999
4895,16,2,899
4896,1,3,1999
4896,5,2,2999
4897,16,1,899
4897,11,2,2799
4897,4,3,1299
4897,19,2,999
4898,2,3,3499
4898,13,3,2999
4898,19,1,999
4899,10,2,1599
4899,3,3,2499
4899,14,1,799
4900,10,2,1599
4900,1,3,1999
4900,6,1,4999
4901,8,2,999
4902,6,2,4999
4902,5,2,2999
4902,3,2,2499
4903,3,3,2499
4903,10,2,1599
4903,17,2,749
4903,19,2,999
4904,16,3,899
4904,20,2,849
4904,10,2,1599
4904,4,3,1299
4905,6,1,4999
4905,12,1,1499
4906,17,2,749
4906,13,1,2999
4906,19,1,999
4906,2,2,3499
4907,19,2,999
4907,12,3,1499
4907,1,1,1999
4907,17,2,749
4908,7,2,3299
4908,5,2,2999
4908,13,2,2999
4909,7,3,3299
4909,19,2,999
4909,14,3,799
4910,18,3,699
4911,17,1,749
4911,18,3,699
4912,17,3,749
4913,4,2,1299
4913,14,1,799
4914,14,1,799
4914,1,3,1999
4914,4,2,1299
4914,17,3,749
4915,20,1,849
4915,3,3,2499
4915,11,3,2799
4916,11,1,2799
4916,3,1,2499
4916,16,1,899
4916,18,1,699
4917,11,3,2799
4917,5,3,2999
4918,16,3,899
4918,14,2,799
4919,11,3,2799
4919,4,1,1299
4919,13,2,2999
4919,7,1,3299
4920,14,3,799
4920,6,1,4999
4921,10,1,1599
4921,13,3,2999
4922,15,2,3199
4922,10,3,1599
4922,19,2,999
4923,20,3,849
4923,18,1,699
4924,16,1,899
4924,9,1,699
4924,2,1,3499
4924,12,2,1499
4925,11,3,2799
4925,14,2,799
4925,19,2,999
4925,8,2,999
4926,8,2,999
4926,17,1,749
4926,20,1,849
4927,14,1,799
4927,13,3,2999
4927,12,1,1499
4927,20,2,849
4928,15,2,3199
4928,16,1,899
4928,20,1,849
4928,9,3,699
4929,17,1,749
4930,11,1,2799
4930,17,2,749
4931,7,1,3299
4932,4,2,1299
4932,17,3,749
4932,9,3,699
4933,17,2,749
4933,16,3,899
4933,12,3,1499
4934,14,2,799
4934,3,3,2499
4934,2,3,3499
4935,5,3,2999
4935,16,3,899
4936,5,1,2999
4936,1,1,1999
4936,19,2,999
4937,9,1,699
4937,4,2,1299
4938,7,1,3299
4938,11,3,2799
4939,3,3,2499
4939,1,3,1999
4939,18,3,699
4939,9,1,699
4940,18,1,699
4940,15,3,3199
4940,13,3,2999
4940,3,2,2499
4941,10,1,1599
4941,11,2,2799
4941,13,3,2999
4942,10,3,1599
4942,18,3,699
4943,17,2,749
4944,4,1,1299
4944,15,2,3199
4944,2,3,3499
4945,3,2,2499
4945,7,3,3299
4946,13,2,2999
4946,6,3,4999
4946,3,3,2499
4946,16,3,899
4947,4,2,1299
4948,11,1,2799
4949,3,1,2499
4949,8,2,999
4950,3,1,2499
4950,13,2,2999
4950,19,1,999
4951,17,2,749
4951,14,3,799
4951,6,2,4999
4951,7,3,3299
4952,19,3,999
4953,16,2,899
4954,6,3,4999
4954,15,2,3199
4955,7,1,3299
4955,1,3,1999
4955,19,3,999
4956,11,3,2799
4956,19,3,999
4956,10,2,1599
4956,3,3,2499
4957,6,1,4999
4957,1,3,1999
4958,1,2,1999
4958,7,3,3299
4958,16,2,899
4958,12,3,1499
4959,7,2,3299
4959,1,3,1999
4959,5,2,2999
4960,6,2,4999
4960,12,2,1499
4961,8,3,999
4961,12,2,1499
4961,1,2,1999
4962,14,1,799
4962,20,1,849
4963,17,2,749
4963,2,1,3499
4964,9,3,699
4964,4,3,1299
4964,15,2,3199
4964,8,3,999
4965,8,1,999
4965,17,3,749
4966,17,2,749
4966,19,3,999
4966,20,1,849
4966,5,2,2999
4967,6,2,4999
4967,5,1,2999
4967,8,2,999
4968,5,1,2999
4968,4,2,1299
4968,17,3,749
4969,6,3,4999
4969,12,2,1499
4969,2,2,3499
4970,2,2,3499
4971,8,3,999
4971,16,1,899
4971,3,2,2499
4971,18,3,699
4972,7,2,3299
4972,2,1,3499
4973,13,1,2999
4973,4,3,1299
4974,7,3,3299
4974,13,3,2999
4974,12,2,1499
4974,4,3,1299
4975,19,1,999
4975,10,2,1599
4976,7,1,3299
4976,18,2,699
4976,12,3,1499
4976,16,3,899
4977,8,3,999
4977,17,1,749
4977,12,1,1499
4978,9,3,699
4978,11,1,2799
4979,8,2,999
4979,12,1,1499
4979,16,2,899
4979,19,2,999
4980,2,2,3499
4981,6,3,4999
4981,5,2,2999
4982,8,1,999
4982,2,1,3499
4983,14,3,799
4983,16,3,899
4983,20,1,849
4983,8,2,999
4984,4,2,1299
4985,1,2,1999
4986,19,1,999
4986,8,2,999
4986,6,2,4999
4987,5,2,2999
4987,4,3,1299
4988,3,3,2499
4988,15,3,3199
4988,13,1,2999
4989,19,1,999
4989,2,2,3499
4989,16,3,899
4990,14,3,799
4990,4,1,1299
4991,3,2,2499
4992,17,1,749
4992,5,2,2999
4993,5,3,2999
4993,17,1,749
4993,8,3,999
4993,1,2,1999
4994,13,1,2999
4994,2,3,3499
4994,18,1,699
4995,17,2,749
4995,19,2,999
4995,14,3,799
4996,18,2,699
4996,14,2,799
4997,9,2,699
4997,17,3,749
4997,15,2,3199
4998,12,2,1499
4999,12,1,1499
5000,14,2,799
