order_id,customer_id,order_date,status,discount,shipping_fee,total_amount
1,446,2025-06-08 23:21:00,Completed,2961.45,0,16781.55
2,464,2025-06-28 11:46:00,Returned,0,0,3597
3,309,2025-03-20 20:04:00,Completed,0,0,18042
4,227,2025-11-20 09:50:00,Completed,0,0,4497
5,237,2025-08-20 01:03:00,Completed,1341.45,0,7601.55
6,231,2025-10-20 20:12:00,Completed,3066.45,0,17376.55
7,21,2025-05-07 22:28:00,Completed,469.6,0,4226.4
8,348,2025-11-03 01:50:00,Returned,924.6,0,17567.4
9,371,2025-12-03 19:55:00,Completed,1599.3,0,14393.7
10,305,2025-12-29 02:19:00,Cancelled,1319.45,0,25069.55
11,186,2025-06-08 05:13:00,Completed,1558.95,0,8834.05
12,20,2025-12-05 10:56:00,Cancelled,0,0,3848
13,415,2025-03-26 23:28:00,Completed,0,0,14491
14,495,2025-08-29 06:23:00,Returned,2481.45,0,14061.55
15,447,2025-05-09 01:41:00,Completed,0,0,4046
16,231,2025-09-20 04:53:00,Completed,99.9,0,1898.1
17,213,2025-01-28 12:32:00,Completed,0,0,8497
18,477,2025-02-20 22:41:00,Completed,0,0,12996
19,230,2025-11-12 00:57:00,Completed,0,79,778
20,482,2025-11-08 16:27:00,Completed,779.4,0,4416.6
21,33,2025-02-26 15:38:00,Cancelled,0,0,2247
22,150,2025-08-08 00:39:00,Completed,0,0,3396
23,500,2025-07-04 02:33:00,Cancelled,0,0,5998
24,192,2025-05-10 23:01:00,Completed,0,79,1578
25,377,2025-06-20 04:02:00,Completed,0,0,19095
26,19,2025-05-31 06:02:00,Completed,839.7,0,4758.3
27,418,2025-10-06 15:16:00,Completed,304.8,0,5791.2
28,64,2025-07-08 13:56:00,Completed,1364.5,0,25925.5
29,373,2025-08-06 02:27:00,Cancelled,0,0,2997
30,339,2025-06-01 09:28:00,Cancelled,2059.1,0,18531.9
31,328,2025-01-30 02:42:00,Returned,0,0,22741
32,35,2025-05-01 20:23:00,Completed,2728.95,0,15464.05
33,272,2025-07-07 12:20:00,Returned,1244.1,0,7049.9
34,468,2025-10-15 03:16:00,Completed,0,0,7495
35,45,2025-12-16 10:42:00,Completed,104.85,0,1992.15
36,436,2025-03-22 22:45:00,Returned,0,0,2248
37,122,2025-09-10 00:23:00,Cancelled,664.75,0,12630.25
38,368,2025-09-03 16:26:00,Completed,0,0,5998
39,239,2025-12-15 16:22:00,Completed,0,0,9796
40,79,2025-06-05 05:10:00,Completed,187.35,0,3559.65
41,326,2025-10-10 08:08:00,Returned,1071.45,0,6071.55
42,79,2025-03-29 21:39:00,Returned,1574.25,0,8920.75
43,334,2025-04-18 18:26:00,Cancelled,404.55,0,2292.45
44,329,2025-06-04 15:15:00,Returned,1999.3,0,17993.7
45,175,2025-11-07 04:20:00,Returned,0,0,20992
46,124,2025-08-27 03:17:00,Completed,559.7,0,5037.3
47,215,2025-05-08 05:52:00,Completed,1084.65,0,20608.35
48,12,2025-02-16 12:32:00,Completed,0,0,7597
49,254,2025-11-02 20:43:00,Completed,299.75,0,5695.25
50,188,2025-01-24 12:03:00,Cancelled,369.7,0,3327.3
51,231,2025-10-09 08:52:00,Cancelled,299.9,0,2699.1
52,407,2025-06-23 17:23:00,Completed,0,0,3945
53,20,2025-03-12 22:21:00,Completed,2541.3,0,14400.7
54,304,2025-06-22 16:53:00,Cancelled,989.2,0,8902.8
55,158,2025-12-19 20:01:00,Cancelled,2338.65,0,13252.35
56,76,2025-12-15 07:02:00,Cancelled,329.9,0,2969.1
57,215,2025-03-19 13:44:00,Completed,1964.1,0,17676.9
58,193,2025-06-10 05:29:00,Cancelled,0,0,5794
59,286,2025-06-02 07:19:00,Completed,1109.4,0,6286.6
60,148,2025-03-04 18:43:00,Cancelled,829.65,0,15763.35
61,336,2025-05-12 23:30:00,Completed,209.7,0,3984.3
62,56,2025-11-12 23:37:00,Completed,0,0,5746
63,52,2025-07-31 10:45:00,Completed,449.85,0,2549.15
64,209,2025-12-01 15:30:00,Returned,0,0,11595
65,334,2025-10-21 07:34:00,Returned,0,0,9998
66,429,2025-07-23 15:11:00,Returned,904.65,0,17188.35
67,233,2025-11-25 17:33:00,Completed,0,0,4697
68,84,2025-08-23 20:16:00,Returned,0,0,12395
69,313,2025-11-24 12:52:00,Completed,404.8,0,7691.2
70,4,2025-05-14 12:15:00,Completed,0,0,14393
71,342,2025-03-02 14:19:00,Completed,0,0,8593
72,79,2025-08-21 23:38:00,Completed,1386.3,0,7855.7
73,271,2025-12-27 11:04:00,Cancelled,1574.55,0,8922.45
74,294,2025-10-02 04:10:00,Completed,0,0,16392
75,213,2025-08-22 18:03:00,Cancelled,0,0,12692
76,217,2025-06-26 22:04:00,Cancelled,0,0,4998
77,210,2025-04-03 04:49:00,Returned,2788.65,0,15802.35
78,335,2025-06-28 03:11:00,Cancelled,2211.3,0,12530.7
79,273,2025-07-14 07:15:00,Completed,1299.5,0,11695.5
80,393,2025-01-09 07:13:00,Completed,84.9,79,843.1
81,345,2025-12-27 01:15:00,Returned,0,0,5998
82,112,2025-01-29 04:32:00,Completed,569.7,0,10824.3
83,155,2025-03-15 21:33:00,Completed,2888.9,0,26000.1
84,498,2025-06-26 20:42:00,Completed,944.25,0,5350.75
85,124,2025-04-26 09:54:00,Returned,1659.5,0,14935.5
86,272,2025-03-10 12:15:00,Completed,0,0,10596
87,371,2025-04-08 01:17:00,Completed,374.85,0,2124.15
88,112,2025-09-03 06:55:00,Completed,1229.3,0,11063.7
89,357,2025-11-06 22:13:00,Completed,699.6,0,6296.4
90,333,2025-07-03 09:16:00,Completed,0,0,13193
91,443,2025-04-24 23:09:00,Completed,159.8,0,3036.2
92,195,2025-10-19 07:31:00,Cancelled,264.7,0,5029.3
93,72,2025-10-07 15:11:00,Cancelled,0,79,828
94,392,2025-01-04 13:08:00,Returned,824.7,0,4673.3
95,192,2025-01-31 19:40:00,Returned,414.6,0,7877.4
96,147,2025-01-09 16:52:00,Returned,1431.6,0,8112.4
97,418,2025-07-01 08:50:00,Completed,299.8,0,2698.2
98,125,2025-12-23 07:19:00,Returned,349.9,0,3149.1
99,194,2025-10-10 15:03:00,Returned,499.9,0,4499.1
100,331,2025-06-19 18:54:00,Completed,149.85,79,928.15
101,139,2025-01-24 02:43:00,Completed,0,0,9998
102,301,2025-03-15 22:52:00,Completed,239.85,0,1359.15
103,291,2025-07-19 21:57:00,Cancelled,0,0,22992
104,224,2025-04-29 02:21:00,Cancelled,1859.2,0,16732.8
105,96,2025-12-15 18:42:00,Completed,0,0,1698
106,43,2025-05-18 04:24:00,Returned,0,0,8797
107,483,2025-06-07 14:23:00,Completed,0,0,2999
108,230,2025-10-13 17:32:00,Completed,99.95,0,1899.05
109,48,2025-11-02 19:50:00,Completed,1828.8,0,10363.2
110,87,2025-12-17 12:10:00,Completed,319.7,0,2877.3
111,216,2025-06-03 15:50:00,Completed,599.3,0,5393.7
112,70,2025-06-05 00:25:00,Completed,1022.05,0,19418.95
113,486,2025-12-22 06:30:00,Completed,1439.5,0,12955.5
114,401,2025-05-05 10:24:00,Completed,2669.0,0,24021.0
115,225,2025-05-30 22:04:00,Completed,1499.1,0,13491.9
116,230,2025-11-03 15:37:00,Completed,809.6,0,15382.4
117,332,2025-11-10 01:36:00,Returned,1753.95,0,9939.05
118,298,2025-12-19 18:14:00,Completed,1014.6,0,9131.4
119,152,2025-08-01 02:07:00,Returned,0,0,6196
120,248,2025-06-28 15:06:00,Completed,0,0,19493
121,477,2025-05-05 16:11:00,Cancelled,0,0,6996
122,323,2025-04-05 05:40:00,Returned,0,0,22792
123,143,2025-12-27 02:36:00,Completed,0,0,7097
124,344,2025-09-08 16:40:00,Completed,654.6,0,12437.4
125,303,2025-02-13 21:08:00,Completed,0,0,1998
126,192,2025-12-22 04:32:00,Completed,0,0,18241
127,86,2025-09-08 09:08:00,Completed,0,0,11696
128,494,2025-10-15 16:41:00,Completed,0,0,12144
129,17,2025-05-21 07:34:00,Completed,1739.25,0,9855.75
130,58,2025-10-21 03:17:00,Cancelled,0,0,11994
131,153,2025-01-17 14:16:00,Completed,0,0,3199
132,416,2025-10-29 22:22:00,Returned,1134.55,0,21556.45
133,276,2025-03-28 10:45:00,Completed,444.5,0,4000.5
134,142,2025-12-02 04:44:00,Completed,1139.6,0,10256.4
135,73,2025-10-23 20:17:00,Returned,1224.5,0,23265.5
136,487,2025-09-07 10:37:00,Completed,479.85,0,9117.15
137,408,2025-10-01 12:13:00,Completed,159.8,0,3036.2
138,296,2025-03-08 18:54:00,Completed,0,0,13494
139,226,2025-08-22 00:27:00,Completed,409.85,0,7787.15
140,43,2025-07-10 21:57:00,Returned,0,0,16495
141,336,2025-02-16 22:06:00,Completed,0,0,8396
142,349,2025-08-16 00:00:00,Returned,639.6,0,5756.4
143,375,2025-02-22 03:20:00,Completed,0,0,18843
144,289,2025-01-05 19:41:00,Completed,0,0,21191
145,72,2025-03-05 18:46:00,Completed,0,0,15394
146,284,2025-11-04 19:46:00,Cancelled,0,0,20691
147,152,2025-11-27 01:50:00,Completed,0,0,16590
148,479,2025-06-12 04:24:00,Cancelled,0,0,18094
149,111,2025-01-21 01:50:00,Completed,726.6,0,4117.4
150,316,2025-03-20 08:05:00,Completed,0,79,828
151,168,2025-07-20 18:40:00,Returned,479.7,0,4317.3
152,30,2025-05-06 02:59:00,Completed,1439.55,0,8157.45
153,159,2025-12-08 23:42:00,Returned,0,0,5896
154,255,2025-06-27 16:33:00,Returned,0,0,26992
155,172,2025-08-08 08:33:00,Completed,0,0,11293
156,440,2025-10-18 05:23:00,Completed,0,0,6843
157,440,2025-01-07 07:02:00,Completed,2699.3,0,24293.7
158,165,2025-05-08 13:58:00,Returned,0,0,12693
159,115,2025-09-22 01:25:00,Completed,0,0,14292
160,289,2025-06-05 23:39:00,Completed,0,0,11692
161,13,2025-04-30 17:22:00,Returned,279.9,0,2519.1
162,54,2025-04-16 16:15:00,Completed,679.65,0,12913.35
163,499,2025-02-13 18:06:00,Cancelled,0,0,16494
164,340,2025-03-08 07:18:00,Completed,0,0,12595
165,70,2025-10-27 03:09:00,Completed,0,0,8096
166,184,2025-04-17 14:19:00,Completed,3583.8,0,20308.2
167,111,2025-06-17 04:05:00,Returned,374.8,0,7121.2
168,420,2025-03-31 00:25:00,Completed,0,0,4498
169,32,2025-04-24 04:12:00,Completed,0,0,4197
170,415,2025-03-07 02:57:00,Completed,0,0,6998
171,474,2025-10-21 13:52:00,Returned,434.75,0,8260.25
172,229,2025-03-18 01:39:00,Cancelled,589.5,0,5305.5
173,45,2025-05-24 12:08:00,Completed,0,0,5244
174,401,2025-07-03 15:34:00,Completed,0,0,6295
175,306,2025-04-23 00:57:00,Completed,134.85,0,2562.15
176,120,2025-03-23 03:15:00,Returned,0,0,2796
177,434,2025-07-18 11:59:00,Completed,249.75,0,4745.25
178,15,2025-12-27 22:22:00,Cancelled,594.75,0,11300.25
179,252,2025-01-20 02:03:00,Completed,237.35,0,4509.65
180,104,2025-03-08 10:45:00,Completed,0,0,19493
181,441,2025-07-06 02:23:00,Returned,1089.3,0,9803.7
182,333,2025-06-12 05:45:00,Cancelled,949.65,0,18043.35
183,91,2025-01-01 22:36:00,Completed,749.85,0,14247.15
184,114,2025-11-24 18:06:00,Completed,389.85,0,7407.15
185,326,2025-02-15 22:42:00,Returned,0,0,7295
186,132,2025-02-25 23:00:00,Completed,2099.1,0,18891.9
187,425,2025-09-03 18:41:00,Returned,409.9,0,7788.1
188,164,2025-05-14 03:04:00,Completed,2099.4,0,11896.6
189,174,2025-11-01 19:57:00,Completed,0,0,2397
190,456,2025-08-11 05:03:00,Completed,2226.15,0,12614.85
191,339,2025-05-25 09:15:00,Completed,1349.55,0,7647.45
192,79,2025-01-28 11:00:00,Completed,719.55,0,4077.45
193,103,2025-02-19 00:13:00,Completed,939.4,0,8454.6
194,47,2025-11-25 17:24:00,Completed,1749.5,0,15745.5
195,135,2025-04-26 08:36:00,Completed,1334.25,0,7560.75
196,498,2025-10-29 07:35:00,Completed,0,0,6242
197,463,2025-01-18 16:36:00,Cancelled,0,0,4498
198,65,2025-01-22 13:05:00,Returned,2878.95,0,16314.05
199,283,2025-06-16 08:33:00,Completed,382.05,0,2164.95
200,58,2025-08-01 04:09:00,Cancelled,0,0,3897
201,445,2025-10-02 11:56:00,Completed,589.6,0,5306.4
202,317,2025-11-08 21:44:00,Completed,0,0,5998
203,382,2025-09-01 08:57:00,Completed,279.9,0,5318.1
204,432,2025-09-09 22:43:00,Completed,609.75,0,11585.25
205,374,2025-08-02 19:41:00,Completed,1629.5,0,14665.5
206,445,2025-07-11 01:32:00,Completed,719.55,0,4077.45
207,70,2025-09-26 18:01:00,Completed,679.8,0,6118.2
208,471,2025-07-04 22:12:00,Completed,0,0,19343
209,191,2025-09-08 19:28:00,Completed,0,0,9441
210,15,2025-07-17 01:10:00,Cancelled,192.3,0,3653.7
211,263,2025-01-11 21:00:00,Completed,1349.55,0,7647.45
212,365,2025-12-30 20:17:00,Completed,3208.5,0,18181.5
213,300,2025-02-22 00:32:00,Returned,0,0,5694
214,142,2025-11-24 10:55:00,Completed,1664.25,0,9430.75
215,339,2025-06-13 21:08:00,Returned,89.9,0,1708.1
216,208,2025-07-18 23:02:00,Cancelled,1139.4,0,10254.6
217,260,2025-06-03 05:53:00,Returned,224.85,0,4272.15
218,391,2025-04-04 21:57:00,Completed,0,0,1998
219,216,2025-06-19 11:16:00,Cancelled,1468.95,0,8324.05
220,37,2025-08-30 06:32:00,Completed,1014.5,0,9130.5
221,458,2025-08-23 04:20:00,Returned,0,0,7695
222,325,2025-01-30 00:28:00,Completed,0,0,6997
223,315,2025-08-11 20:27:00,Completed,0,0,18691
224,388,2025-09-29 06:01:00,Returned,49.95,79,1028.05
225,67,2025-02-22 12:32:00,Cancelled,3299.1,0,18694.9
226,269,2025-06-22 13:56:00,Returned,0,0,6497
227,10,2025-04-27 07:46:00,Completed,0,0,6996
228,365,2025-11-30 01:24:00,Returned,0,0,8593
229,354,2025-03-01 13:28:00,Completed,139.8,79,1337.2
230,106,2025-12-22 21:40:00,Completed,0,0,7742
231,426,2025-02-23 16:46:00,Cancelled,0,0,1599
232,102,2025-11-08 06:49:00,Completed,0,0,3797
233,255,2025-04-17 22:59:00,Completed,899.25,0,5095.75
234,77,2025-02-16 16:04:00,Returned,0,0,2097
235,152,2025-05-16 14:03:00,Completed,589.75,0,11205.25
236,379,2025-03-01 03:54:00,Completed,0,0,8997
237,184,2025-08-13 19:17:00,Returned,0,0,2998
238,206,2025-07-24 14:17:00,Completed,0,0,21692
239,467,2025-10-30 15:51:00,Cancelled,2949.1,0,26541.9
240,455,2025-07-30 14:02:00,Completed,2496.15,0,14144.85
241,490,2025-12-09 10:33:00,Cancelled,0,0,2397
242,178,2025-12-06 21:41:00,Completed,0,0,11196
243,435,2025-08-29 15:55:00,Completed,0,0,1798
244,497,2025-05-23 01:32:00,Completed,1719.2,0,15472.8
245,162,2025-03-02 15:47:00,Returned,259.8,0,2338.2
246,286,2025-10-09 00:52:00,Completed,547.1,0,10394.9
247,423,2025-01-28 07:54:00,Completed,0,0,5394
248,2,2025-06-24 11:53:00,Returned,0,0,4345
249,72,2025-07-29 03:16:00,Cancelled,789.7,0,7107.3
250,367,2025-06-23 03:48:00,Completed,99.9,79,978.1
251,338,2025-10-29 16:08:00,Completed,0,0,2247
252,479,2025-08-10 18:30:00,Cancelled,0,0,7996
253,337,2025-11-04 19:56:00,Completed,0,0,7993
254,309,2025-12-25 23:32:00,Completed,679.65,0,12913.35
255,472,2025-12-11 04:45:00,Returned,217.2,0,4126.8
256,390,2025-06-30 17:30:00,Cancelled,0,0,8493
257,344,2025-01-29 06:17:00,Completed,1739.1,0,9854.9
258,184,2025-08-20 03:39:00,Returned,484.8,0,9211.2
259,475,2025-07-15 12:26:00,Returned,1664.1,0,9429.9
260,425,2025-04-26 20:45:00,Returned,1029.4,0,9264.6
261,350,2025-02-08 05:11:00,Returned,299.9,0,2699.1
262,285,2025-05-16 04:10:00,Cancelled,0,0,11995
263,306,2025-01-27 20:39:00,Returned,244.7,0,4649.3
264,113,2025-04-05 16:04:00,Cancelled,0,0,3795
265,114,2025-04-20 21:21:00,Completed,0,0,15342
266,343,2025-06-27 14:15:00,Returned,979.7,0,8817.3
267,277,2025-05-25 00:58:00,Cancelled,0,0,8745
268,264,2025-02-12 03:10:00,Cancelled,0,0,2499
269,428,2025-02-23 06:34:00,Returned,0,0,18693
270,92,2025-05-09 17:04:00,Cancelled,299.6,0,2696.4
271,162,2025-01-09 12:43:00,Completed,127.35,79,800.65
272,359,2025-02-07 11:59:00,Cancelled,239.85,0,4557.15
273,45,2025-05-25 14:24:00,Completed,134.85,79,843.15
274,70,2025-07-20 17:18:00,Returned,914.4,0,5181.6
275,64,2025-01-22 00:36:00,Cancelled,777.0,0,14763.0
276,212,2025-11-27 16:09:00,Completed,0,0,1698
277,437,2025-01-28 17:29:00,Returned,0,0,4797
278,51,2025-04-12 23:37:00,Completed,0,0,10494
279,163,2025-09-06 14:21:00,Cancelled,0,0,9495
280,127,2025-04-24 22:47:00,Returned,799.6,0,15192.4
281,283,2025-02-25 05:41:00,Cancelled,104.85,79,673.15
282,135,2025-11-17 02:46:00,Completed,0,0,2247
283,297,2025-07-27 18:13:00,Completed,474.4,0,4269.6
284,457,2025-10-29 23:54:00,Completed,1034.6,0,9311.4
285,258,2025-01-06 21:15:00,Cancelled,0,0,4497
286,486,2025-10-17 21:55:00,Completed,0,0,8794
287,343,2025-04-16 16:58:00,Completed,2203.65,0,12487.35
288,428,2025-05-15 18:34:00,Cancelled,0,0,8545
289,129,2025-07-12 07:33:00,Completed,0,0,8393
290,85,2025-04-28 02:32:00,Returned,0,0,24294
291,213,2025-06-19 23:07:00,Completed,1499.4,0,8496.6
292,83,2025-03-10 20:32:00,Completed,1799.55,0,10197.45
293,307,2025-10-16 20:01:00,Returned,0,0,20493
294,426,2025-07-30 19:09:00,Cancelled,122.35,0,2324.65
295,306,2025-10-30 02:14:00,Completed,0,0,25489
296,50,2025-04-01 15:57:00,Cancelled,0,0,2097
297,247,2025-12-04 04:57:00,Cancelled,239.7,0,2157.3
298,448,2025-01-23 22:33:00,Completed,1619.25,0,9175.75
299,218,2025-03-10 08:30:00,Completed,719.55,0,4077.45
300,132,2025-04-07 00:45:00,Returned,0,0,2997
301,4,2025-07-12 20:13:00,Returned,1154.1,0,6539.9
302,134,2025-10-02 13:36:00,Completed,0,0,20492
303,287,2025-10-12 15:16:00,Completed,0,0,14594
304,110,2025-09-18 12:50:00,Completed,0,0,9998
305,422,2025-03-16 15:59:00,Cancelled,894.3,0,8048.7
306,315,2025-12-02 16:18:00,Returned,1499.7,0,13497.3
307,6,2025-04-14 21:59:00,Cancelled,3171.45,0,17971.55
308,346,2025-01-19 11:15:00,Returned,249.95,0,4749.05
309,181,2025-12-09 12:25:00,Cancelled,0,0,8244
310,282,2025-05-26 23:53:00,Cancelled,719.4,0,6474.6
311,3,2025-05-14 05:26:00,Cancelled,104.85,79,673.15
312,175,2025-03-01 16:16:00,Cancelled,1099.5,0,9895.5
313,442,2025-01-15 15:07:00,Completed,0,0,8997
314,410,2025-06-11 13:22:00,Cancelled,34.95,79,743.05
315,205,2025-12-11 23:52:00,Completed,69.9,79,708.1
316,182,2025-04-22 18:17:00,Completed,0,0,10796
317,106,2025-04-28 06:53:00,Completed,989.3,0,8903.7
318,4,2025-10-05 01:54:00,Completed,0,0,9943
319,144,2025-07-23 07:48:00,Cancelled,1274.4,0,7221.6
320,258,2025-06-27 12:55:00,Returned,1349.4,0,12144.6
321,353,2025-01-05 00:43:00,Completed,644.55,0,12246.45
322,138,2025-08-30 19:21:00,Completed,124.85,0,2372.15
323,438,2025-07-25 08:28:00,Completed,199.8,0,3796.2
324,285,2025-08-10 12:12:00,Completed,489.7,0,4407.3
325,458,2025-11-19 16:34:00,Returned,819.3,0,7373.7
326,354,2025-03-25 01:13:00,Completed,974.5,0,18515.5
327,11,2025-07-30 03:22:00,Returned,831.6,0,4712.4
328,400,2025-05-26 11:20:00,Returned,924.65,0,17568.35
329,324,2025-11-10 18:25:00,Completed,0,0,9998
330,163,2025-12-01 09:45:00,Completed,0,0,10044
331,373,2025-05-01 21:16:00,Returned,329.9,0,2969.1
332,49,2025-02-02 15:35:00,Completed,0,0,8997
333,135,2025-11-13 04:05:00,Returned,1206.45,0,6836.55
334,15,2025-01-18 21:22:00,Completed,1236.3,0,7005.7
335,234,2025-11-20 23:40:00,Cancelled,669.3,0,6023.7
336,188,2025-07-31 08:09:00,Completed,0,0,5997
337,147,2025-08-29 17:00:00,Returned,1408.95,0,7984.05
338,97,2025-07-30 17:27:00,Completed,649.85,0,12347.15
339,217,2025-11-17 07:33:00,Cancelled,0,0,4596
340,149,2025-02-26 20:29:00,Cancelled,0,0,13294
341,498,2025-02-22 09:17:00,Completed,1249.4,0,11244.6
342,403,2025-09-13 11:29:00,Returned,0,0,2799
343,137,2025-07-20 02:34:00,Completed,0,0,7297
344,198,2025-08-15 07:47:00,Completed,0,0,13494
345,200,2025-12-15 09:59:00,Completed,559.8,0,10636.2
346,327,2025-06-02 06:23:00,Completed,294.75,0,5600.25
347,86,2025-05-22 18:07:00,Completed,1649.4,0,14844.6
348,80,2025-07-10 02:15:00,Completed,2848.65,0,16142.35
349,65,2025-09-07 07:20:00,Cancelled,0,0,20193
350,461,2025-01-21 15:45:00,Completed,644.65,0,12248.35
351,375,2025-08-28 08:55:00,Cancelled,199.85,0,3797.15
352,278,2025-07-07 14:00:00,Returned,3073.65,0,17417.35
353,98,2025-09-26 21:31:00,Cancelled,244.8,0,4651.2
354,50,2025-09-25 21:04:00,Completed,849.8,0,7648.2
355,51,2025-01-17 18:41:00,Completed,0,0,15091
356,477,2025-04-17 20:31:00,Completed,729.55,0,13861.45
357,21,2025-02-06 09:04:00,Completed,0,0,3897
358,198,2025-04-08 06:33:00,Returned,2699.1,0,15294.9
359,383,2025-02-24 20:36:00,Completed,0,0,21390
360,308,2025-08-15 11:57:00,Completed,0,0,9092
361,280,2025-04-20 12:49:00,Cancelled,0,0,9194
362,306,2025-01-09 16:08:00,Completed,0,0,1599
363,12,2025-12-20 08:58:00,Cancelled,0,0,9596
364,136,2025-07-07 18:15:00,Completed,0,0,16293
365,406,2025-09-05 05:31:00,Returned,127.35,0,2419.65
366,375,2025-10-23 12:05:00,Completed,794.25,0,4500.75
367,325,2025-11-20 12:03:00,Completed,1259.55,0,7137.45
368,168,2025-09-15 22:14:00,Completed,899.7,0,5098.3
369,259,2025-02-16 07:27:00,Completed,2916.15,0,16524.85
370,135,2025-02-13 12:32:00,Completed,989.6,0,8906.4
371,334,2025-10-20 06:35:00,Cancelled,349.8,0,6646.2
372,46,2025-02-27 21:26:00,Completed,0,0,21292
373,87,2025-06-29 19:52:00,Completed,334.9,0,6363.1
374,388,2025-02-13 03:47:00,Completed,234.85,0,4462.15
375,157,2025-08-19 15:01:00,Completed,1589.4,0,9006.6
376,281,2025-09-05 19:46:00,Completed,1349.55,0,7647.45
377,131,2025-03-29 01:18:00,Completed,794.7,0,15099.3
378,443,2025-02-25 00:18:00,Returned,0,0,14140
379,102,2025-09-14 14:35:00,Returned,524.85,0,2974.15
380,171,2025-09-08 12:47:00,Completed,224.85,0,4272.15
381,321,2025-06-04 07:32:00,Completed,0,79,1477
382,486,2025-05-24 07:09:00,Completed,0,0,27738
383,124,2025-10-21 04:27:00,Completed,1244.25,0,7050.75
384,351,2025-04-14 04:19:00,Returned,0,0,11394
385,35,2025-10-13 17:46:00,Completed,569.8,0,10826.2
386,493,2025-07-30 09:28:00,Returned,1139.55,0,6457.45
387,137,2025-11-07 18:39:00,Completed,399.7,0,3597.3
388,258,2025-11-06 15:45:00,Returned,0,0,13896
389,17,2025-07-29 00:59:00,Completed,779.6,0,14812.4
390,455,2025-05-07 13:25:00,Completed,0,0,20340
391,234,2025-01-22 07:33:00,Cancelled,1569.3,0,14123.7
392,453,2025-06-05 09:29:00,Completed,2728.8,0,15463.2
393,93,2025-10-27 22:34:00,Completed,0,0,21991
394,47,2025-05-09 10:44:00,Returned,879.6,0,7916.4
395,44,2025-09-26 22:24:00,Returned,0,0,6697
396,290,2025-12-04 04:10:00,Completed,859.6,0,7736.4
397,321,2025-04-03 03:57:00,Completed,339.7,0,3057.3
398,279,2025-01-03 19:56:00,Completed,1189.5,0,10705.5
399,227,2025-02-10 19:38:00,Completed,629.1,0,3564.9
400,26,2025-04-05 04:03:00,Returned,1102.05,0,20938.95
401,472,2025-02-14 01:06:00,Completed,2969.1,0,16824.9
402,404,2025-10-15 05:29:00,Returned,0,0,15194
403,432,2025-10-09 02:18:00,Completed,469.5,0,4225.5
404,108,2025-12-23 06:39:00,Completed,449.55,0,2547.45
405,248,2025-12-19 19:59:00,Returned,644.55,0,12246.45
406,315,2025-10-16 15:33:00,Returned,849.6,0,7646.4
407,378,2025-04-17 19:26:00,Completed,839.7,0,4758.3
408,6,2025-11-24 06:44:00,Completed,0,0,14292
409,352,2025-06-20 10:25:00,Returned,249.95,0,4749.05
410,473,2025-12-11 15:58:00,Completed,0,0,5998
411,457,2025-10-02 10:29:00,Completed,224.7,79,1352.3
412,285,2025-10-02 00:13:00,Cancelled,1149.5,0,10345.5
413,432,2025-03-26 18:38:00,Completed,279.75,0,5315.25
414,140,2025-07-31 02:31:00,Completed,0,0,16094
415,402,2025-01-20 06:58:00,Completed,936.6,0,5307.4
416,398,2025-06-17 04:49:00,Completed,2039.4,0,11556.6
417,3,2025-06-09 01:43:00,Cancelled,0,0,5598
418,267,2025-12-04 23:19:00,Completed,1589.25,0,9005.75
419,396,2025-08-14 21:07:00,Completed,854.7,0,4843.3
420,264,2025-02-22 06:34:00,Completed,0,0,6695
421,314,2025-06-23 17:28:00,Completed,0,0,6896
422,28,2025-02-14 13:25:00,Completed,0,0,18540
423,291,2025-03-09 02:52:00,Returned,1259.25,0,7135.75
424,468,2025-07-06 12:11:00,Returned,0,0,7796
425,246,2025-08-25 05:18:00,Completed,0,0,5395
426,285,2025-11-29 02:50:00,Completed,1339.2,0,12052.8
427,34,2025-06-24 06:52:00,Returned,1978.8,0,11213.2
428,59,2025-10-31 19:29:00,Completed,159.95,0,3039.05
429,36,2025-11-03 03:43:00,Cancelled,0,0,21692
430,339,2025-03-18 14:34:00,Completed,2526.3,0,14315.7
431,471,2025-08-11 22:58:00,Completed,149.85,79,928.15
432,207,2025-03-07 09:03:00,Completed,899.55,0,5097.45
433,57,2025-05-25 00:15:00,Completed,0,0,17691
434,72,2025-04-07 17:24:00,Completed,0,0,7844
435,337,2025-08-12 04:05:00,Completed,2789.0,0,25101.0
436,116,2025-04-06 13:38:00,Completed,0,0,7441
437,248,2025-12-27 11:07:00,Cancelled,2526.15,0,14314.85
438,126,2025-08-30 20:47:00,Returned,104.85,0,1992.15
439,28,2025-06-25 17:49:00,Completed,0,0,15292
440,356,2025-11-02 23:19:00,Returned,1319.65,0,25073.35
441,14,2025-05-27 15:05:00,Completed,0,79,1477
442,144,2025-05-21 08:00:00,Returned,127.35,79,800.65
443,338,2025-08-17 11:51:00,Completed,0,0,13894
444,305,2025-03-20 15:48:00,Completed,1294.55,0,24596.45
445,27,2025-03-27 14:25:00,Completed,689.2,0,6202.8
446,135,2025-03-16 16:55:00,Completed,319.8,0,2878.2
447,493,2025-09-29 21:02:00,Completed,289.75,0,5505.25
448,201,2025-08-25 21:47:00,Completed,0,0,10644
449,281,2025-01-06 21:00:00,Completed,119.85,79,758.15
450,351,2025-08-17 11:14:00,Returned,0,0,14095
451,337,2025-04-22 19:40:00,Completed,0,0,7497
452,337,2025-11-28 18:51:00,Completed,499.9,0,9498.1
453,339,2025-02-08 20:29:00,Completed,1064.65,0,20228.35
454,133,2025-05-16 05:28:00,Completed,0,0,23093
455,330,2025-02-24 14:45:00,Completed,0,0,3499
456,373,2025-05-09 14:01:00,Completed,649.75,0,12345.25
457,359,2025-06-18 12:36:00,Completed,1149.3,0,10343.7
458,291,2025-10-02 11:21:00,Returned,0,0,21493
459,390,2025-05-29 20:12:00,Completed,0,0,8997
460,357,2025-07-19 03:40:00,Returned,0,0,8395
461,13,2025-10-31 07:31:00,Completed,104.85,0,1992.15
462,274,2025-08-19 00:02:00,Completed,0,0,8397
463,61,2025-04-19 20:42:00,Cancelled,0,0,15693
464,465,2025-11-13 01:15:00,Returned,549.8,0,10446.2
465,234,2025-11-09 05:53:00,Cancelled,129.9,79,1248.1
466,410,2025-11-12 07:04:00,Completed,1062.0,0,20178.0
467,392,2025-01-24 18:11:00,Completed,0,0,2598
468,87,2025-12-23 11:35:00,Completed,0,0,20491
469,451,2025-09-07 02:00:00,Completed,699.6,0,6296.4
470,106,2025-03-15 20:17:00,Cancelled,3808.65,0,21582.35
471,322,2025-06-04 11:26:00,Completed,1679.4,0,9516.6
472,442,2025-10-04 16:14:00,Completed,0,0,4198
473,255,2025-04-01 05:42:00,Completed,0,0,2998
474,129,2025-06-21 19:51:00,Completed,0,0,3897
475,91,2025-03-22 00:31:00,Cancelled,249.9,0,2249.1
476,297,2025-06-16 13:12:00,Returned,509.7,0,4587.3
477,193,2025-04-23 02:30:00,Cancelled,1084.6,0,20607.4
478,235,2025-04-10 20:22:00,Completed,1769.4,0,10026.6
479,144,2025-03-11 03:54:00,Completed,3358.65,0,19032.35
480,296,2025-10-11 07:05:00,Completed,0,0,16692
481,168,2025-08-11 18:14:00,Cancelled,0,0,3997
482,376,2025-09-16 01:27:00,Cancelled,1264.4,0,11379.6
483,68,2025-07-03 09:15:00,Returned,199.9,0,3798.1
484,361,2025-08-24 18:47:00,Cancelled,0,0,6398
485,95,2025-07-09 20:29:00,Returned,249.9,0,4748.1
486,17,2025-06-01 13:48:00,Completed,1544.4,0,8751.6
487,455,2025-01-27 03:24:00,Completed,0,0,17940
488,364,2025-04-15 04:21:00,Completed,404.55,0,2292.45
489,386,2025-04-26 10:22:00,Completed,2683.65,0,15207.35
490,241,2025-12-30 17:43:00,Cancelled,0,0,8696
491,460,2025-04-02 09:04:00,Completed,339.6,0,3056.4
492,448,2025-04-15 16:40:00,Completed,899.4,0,8094.6
493,150,2025-04-07 02:01:00,Completed,1099.2,0,9892.8
494,341,2025-12-23 16:53:00,Cancelled,569.7,0,10824.3
495,395,2025-01-25 04:22:00,Completed,0,0,12742
496,122,2025-03-01 01:20:00,Cancelled,0,0,7097
497,363,2025-01-18 21:20:00,Completed,1154.4,0,6541.6
498,63,2025-01-13 12:59:00,Completed,899.7,0,5098.3
499,170,2025-11-28 22:18:00,Completed,1419.4,0,12774.6
500,72,2025-12-14 17:07:00,Completed,0,0,8997
501,183,2025-02-17 10:03:00,Cancelled,0,0,2497
502,43,2025-10-03 14:43:00,Returned,0,79,1577
503,163,2025-11-05 19:32:00,Completed,0,0,13594
504,177,2025-06-29 09:28:00,Cancelled,989.7,0,8907.3
505,412,2025-08-15 09:10:00,Returned,739.6,0,14052.4
506,478,2025-10-30 12:05:00,Completed,0,0,12692
507,149,2025-10-11 15:02:00,Completed,0,0,4797
508,154,2025-11-24 20:30:00,Completed,0,0,18293
509,392,2025-05-22 15:04:00,Cancelled,709.2,0,6382.8
510,192,2025-09-20 23:36:00,Completed,0,0,13995
511,84,2025-01-28 08:23:00,Completed,2443.95,0,13849.05
512,393,2025-11-18 05:48:00,Completed,489.75,0,9305.25
513,351,2025-12-24 22:23:00,Completed,1469.3,0,13223.7
514,175,2025-03-25 03:13:00,Completed,1799.1,0,10194.9
515,365,2025-10-10 22:48:00,Completed,839.65,0,15953.35
516,419,2025-08-15 19:33:00,Completed,0,0,6796
517,439,2025-12-22 04:44:00,Completed,0,0,12144
518,10,2025-09-05 13:02:00,Completed,1574.55,0,8922.45
519,31,2025-08-29 03:58:00,Completed,0,0,4998
520,401,2025-03-05 19:13:00,Cancelled,0,0,6498
521,486,2025-10-24 11:22:00,Completed,262.2,0,1485.8
522,271,2025-04-22 22:12:00,Completed,0,0,4096
523,436,2025-12-29 15:23:00,Returned,579.7,0,5217.3
524,110,2025-09-21 07:26:00,Completed,439.7,0,8354.3
525,286,2025-01-21 02:20:00,Completed,599.8,0,5398.2
526,377,2025-06-09 21:53:00,Completed,0,0,2996
527,459,2025-09-01 21:23:00,Completed,0,0,2697
528,225,2025-09-25 21:43:00,Completed,599.8,0,5398.2
529,53,2025-03-28 02:23:00,Completed,1319.4,0,11874.6
530,392,2025-10-25 18:17:00,Returned,0,0,11292
531,129,2025-09-08 15:14:00,Returned,0,0,7296
532,348,2025-01-14 05:24:00,Cancelled,1169.3,0,10523.7
533,104,2025-05-31 21:31:00,Completed,574.5,0,5170.5
534,197,2025-08-19 10:54:00,Completed,0,0,37089
535,221,2025-03-10 09:45:00,Completed,0,0,8591
536,135,2025-09-11 18:24:00,Cancelled,0,0,13495
537,179,2025-10-26 00:48:00,Returned,509.7,0,9684.3
538,339,2025-05-06 07:15:00,Returned,0,0,6195
539,276,2025-06-16 01:29:00,Returned,0,0,6941
540,194,2025-10-20 12:20:00,Cancelled,0,79,978
541,255,2025-09-15 21:21:00,Completed,1304.1,0,7389.9
542,148,2025-05-16 01:19:00,Cancelled,1679.1,0,15111.9
543,108,2025-06-27 02:41:00,Completed,389.75,0,7405.25
544,264,2025-08-21 21:48:00,Cancelled,424.6,0,3821.4
545,339,2025-08-28 08:59:00,Returned,0,0,13044
546,433,2025-08-11 13:20:00,Completed,0,0,3695
547,352,2025-11-04 07:25:00,Completed,0,0,2999
548,409,2025-06-08 14:31:00,Cancelled,919.7,0,17474.3
549,91,2025-11-26 01:46:00,Completed,174.95,0,3324.05
550,153,2025-02-02 13:57:00,Completed,0,0,8997
551,58,2025-10-20 23:32:00,Completed,359.7,0,6834.3
552,378,2025-07-19 23:47:00,Completed,1094.65,0,20798.35
553,29,2025-09-09 17:23:00,Returned,839.7,0,7557.3
554,350,2025-05-07 08:56:00,Completed,0,0,10193
555,354,2025-12-10 07:16:00,Cancelled,474.65,0,9018.35
556,47,2025-05-01 09:13:00,Completed,1349.2,0,12142.8
557,368,2025-08-05 03:52:00,Completed,2023.8,0,11468.2
558,233,2025-12-22 00:48:00,Completed,0,0,9197
559,161,2025-10-22 02:07:00,Completed,1124.4,0,10119.6
560,232,2025-09-02 23:08:00,Completed,0,0,4797
561,189,2025-04-04 12:56:00,Completed,1281.6,0,7262.4
562,465,2025-02-15 14:12:00,Completed,2474.25,0,14020.75
563,77,2025-02-15 11:10:00,Cancelled,899.55,0,5097.45
564,396,2025-08-21 21:31:00,Completed,829.6,0,7466.4
565,67,2025-08-09 06:38:00,Completed,619.8,0,11776.2
566,121,2025-11-13 14:58:00,Completed,494.8,0,9401.2
567,352,2025-04-19 22:24:00,Returned,0,0,8343
568,466,2025-07-01 19:42:00,Cancelled,599.7,0,3398.3
569,196,2025-06-04 12:42:00,Completed,279.8,0,5316.2
570,258,2025-09-10 10:56:00,Completed,1589.4,0,14304.6
571,134,2025-03-01 10:02:00,Completed,614.5,0,11675.5
572,458,2025-03-26 10:47:00,Completed,0,0,3898
573,118,2025-04-04 01:30:00,Completed,0,0,4797
574,183,2025-12-30 17:31:00,Completed,0,0,7495
575,422,2025-05-20 18:57:00,Returned,0,0,8994
576,472,2025-02-09 07:49:00,Completed,139.95,0,2659.05
577,202,2025-07-11 18:59:00,Completed,1949.2,0,17542.8
578,322,2025-05-18 19:42:00,Completed,0,0,28491
579,442,2025-01-25 20:18:00,Completed,1124.55,0,6372.45
580,48,2025-07-24 08:11:00,Completed,0,0,30591
581,153,2025-09-09 13:47:00,Completed,0,0,6895
582,229,2025-07-18 15:17:00,Cancelled,0,0,15392
583,175,2025-08-26 21:14:00,Returned,741.6,0,4202.4
584,149,2025-08-28 13:05:00,Completed,437.2,0,8306.8
585,25,2025-10-10 02:58:00,Completed,149.8,79,1427.2
586,238,2025-12-05 23:36:00,Completed,559.5,0,5035.5
587,403,2025-04-04 12:02:00,Completed,0,0,17492
588,41,2025-11-06 08:55:00,Returned,0,0,2397
589,203,2025-03-01 00:10:00,Returned,2518.9,0,22670.1
590,45,2025-03-06 04:00:00,Completed,0,0,5997
591,108,2025-09-04 20:09:00,Returned,74.9,79,1502.1
592,76,2025-08-31 13:01:00,Completed,0,0,12396
593,300,2025-05-05 06:18:00,Cancelled,2549.0,0,22941.0
594,306,2025-10-11 09:02:00,Completed,699.2,0,6292.8
595,162,2025-10-11 02:17:00,Returned,0,0,8892
596,372,2025-04-09 15:22:00,Completed,262.2,0,4981.8
597,437,2025-12-03 14:08:00,Completed,0,0,20691
598,67,2025-03-30 06:10:00,Cancelled,0,0,6394
599,452,2025-05-14 11:43:00,Completed,774.7,0,6972.3
600,317,2025-04-27 03:35:00,Completed,2953.65,0,16737.35
601,343,2025-02-23 22:03:00,Completed,0,0,16242
602,467,2025-07-05 05:46:00,Completed,0,0,9642
603,225,2025-08-01 00:15:00,Completed,1309.5,0,11785.5
604,323,2025-12-07 07:09:00,Cancelled,624.5,0,11865.5
605,227,2025-03-16 00:45:00,Cancelled,249.9,0,4748.1
606,396,2025-03-26 13:03:00,Completed,0,0,8997
607,499,2025-06-01 13:25:00,Returned,0,0,16092
608,229,2025-11-26 06:56:00,Cancelled,1759.3,0,15833.7
609,267,2025-10-04 09:13:00,Completed,2781.75,0,15763.25
610,124,2025-06-05 23:27:00,Cancelled,349.9,0,6648.1
611,182,2025-03-05 01:48:00,Returned,959.7,0,5438.3
612,233,2025-06-23 07:51:00,Returned,1169.25,0,6625.75
613,366,2025-07-13 16:47:00,Completed,1259.55,0,7137.45
614,422,2025-07-04 14:06:00,Completed,959.4,0,8634.6
615,190,2025-12-13 16:25:00,Cancelled,859.0,0,7731.0
616,74,2025-09-16 04:31:00,Returned,0,0,14342
617,484,2025-10-14 11:58:00,Completed,347.2,0,6596.8
618,192,2025-06-05 09:31:00,Completed,349.85,0,6647.15
619,111,2025-04-04 23:31:00,Completed,0,79,1477
620,214,2025-09-04 18:19:00,Cancelled,2049.1,0,18441.9
621,77,2025-06-16 02:51:00,Cancelled,907.05,0,17233.95
622,444,2025-03-26 22:01:00,Cancelled,681.75,0,3863.25
623,388,2025-01-28 18:33:00,Completed,1656.75,0,9388.25
624,44,2025-10-01 19:20:00,Completed,44.95,79,933.05
625,93,2025-08-01 00:55:00,Cancelled,0,0,11195
626,74,2025-04-04 08:49:00,Completed,0,0,5596
627,493,2025-06-16 05:01:00,Returned,0,0,3198
628,73,2025-07-31 10:16:00,Completed,0,0,3499
629,301,2025-05-02 15:32:00,Cancelled,1449.2,0,13042.8
630,209,2025-11-21 07:58:00,Completed,0,0,7593
631,291,2025-07-28 14:05:00,Returned,0,0,10496
632,488,2025-08-05 17:28:00,Completed,479.85,0,9117.15
633,1,2025-01-31 15:17:00,Cancelled,0,0,20092
634,379,2025-10-01 18:04:00,Completed,0,0,8997
635,372,2025-10-12 08:56:00,Completed,197.25,0,3747.75
636,386,2025-12-29 14:17:00,Completed,0,0,18194
637,312,2025-09-01 00:57:00,Completed,449.4,0,4044.6
638,276,2025-02-11 20:41:00,Completed,0,0,9597
639,498,2025-07-12 19:22:00,Completed,0,0,6596
640,5,2025-04-24 23:01:00,Completed,1399.5,0,12595.5
641,19,2025-05-24 15:57:00,Returned,0,0,12595
642,292,2025-09-14 15:10:00,Cancelled,277.2,0,1570.8
643,382,2025-02-03 04:16:00,Cancelled,0,0,2846
644,315,2025-05-10 21:35:00,Completed,0,0,2397
645,222,2025-07-28 08:07:00,Returned,1194.3,0,10748.7
646,230,2025-06-11 00:25:00,Completed,1449.3,0,13043.7
647,470,2025-05-08 06:10:00,Completed,1439.25,0,8155.75
648,431,2025-05-09 07:06:00,Completed,0,0,16095
649,398,2025-11-04 19:28:00,Completed,0,0,19092
650,32,2025-08-15 01:19:00,Cancelled,2293.95,0,12999.05
651,120,2025-11-03 21:39:00,Completed,1929.1,0,17361.9
652,169,2025-10-28 06:06:00,Completed,0,0,2547
653,405,2025-04-10 18:08:00,Returned,0,0,8692
654,71,2025-01-23 01:08:00,Completed,797.1,0,15144.9
655,189,2025-01-05 16:37:00,Returned,0,0,13494
656,177,2025-04-11 06:40:00,Completed,279.9,0,2519.1
657,308,2025-12-21 10:54:00,Cancelled,409.6,0,3686.4
658,254,2025-04-23 00:40:00,Completed,489.85,0,9307.15
659,106,2025-07-24 05:52:00,Completed,0,0,10995
660,226,2025-04-10 20:37:00,Completed,0,0,1999
661,90,2025-04-23 08:46:00,Completed,334.85,0,6362.15
662,11,2025-12-13 04:24:00,Returned,139.95,0,2659.05
663,123,2025-07-09 11:42:00,Completed,709.65,0,13483.35
664,307,2025-08-08 20:15:00,Completed,0,0,3897
665,323,2025-05-24 04:54:00,Cancelled,2338.65,0,13252.35
666,256,2025-09-23 14:11:00,Completed,629.3,0,5663.7
667,333,2025-01-19 06:14:00,Completed,974.6,0,18517.4
668,282,2025-02-13 04:48:00,Completed,694.5,0,6250.5
669,319,2025-06-22 13:28:00,Completed,829.4,0,7464.6
670,136,2025-11-27 02:22:00,Completed,0,0,4494
671,61,2025-02-06 11:02:00,Cancelled,749.75,0,14245.25
672,382,2025-12-16 08:12:00,Returned,104.85,0,1992.15
673,401,2025-07-26 12:52:00,Cancelled,404.55,0,2292.45
674,444,2025-07-23 07:14:00,Returned,854.1,0,4839.9
675,370,2025-08-25 10:50:00,Completed,1034.25,0,5860.75
676,192,2025-03-13 18:55:00,Completed,789.5,0,7105.5
677,391,2025-12-20 17:19:00,Completed,0,79,1078
678,488,2025-06-19 18:40:00,Cancelled,0,0,21442
679,292,2025-08-20 20:57:00,Completed,749.85,0,4249.15
680,17,2025-12-19 19:31:00,Completed,0,0,11596
681,150,2025-12-04 16:04:00,Completed,0,0,4497
682,168,2025-07-30 12:10:00,Completed,0,0,3795
683,490,2025-04-16 04:55:00,Completed,2263.8,0,12828.2
684,258,2025-12-17 14:17:00,Completed,0,0,5998
685,310,2025-05-07 16:21:00,Cancelled,1047.05,0,19893.95
686,314,2025-03-31 13:15:00,Completed,0,0,21693
687,452,2025-11-18 17:18:00,Returned,659.8,0,5938.2
688,63,2025-07-08 02:48:00,Completed,0,0,19794
689,14,2025-02-07 20:44:00,Returned,0,0,16244
690,168,2025-12-10 23:29:00,Completed,594.6,0,11297.4
691,88,2025-01-10 19:06:00,Completed,0,0,10995
692,79,2025-08-14 11:11:00,Completed,69.9,79,708.1
693,429,2025-11-22 16:41:00,Returned,449.85,0,8547.15
694,27,2025-11-03 00:03:00,Completed,0,0,2498
695,216,2025-01-15 00:21:00,Completed,0,79,1078
696,23,2025-08-01 16:06:00,Completed,0,0,10693
697,110,2025-02-24 11:20:00,Completed,449.85,0,8547.15
698,200,2025-04-19 14:14:00,Completed,467.3,0,8878.7
699,256,2025-02-22 22:34:00,Cancelled,469.5,0,4225.5
700,171,2025-03-31 20:48:00,Returned,1679.3,0,15113.7
701,262,2025-11-24 23:14:00,Cancelled,149.85,79,928.15
702,159,2025-05-02 23:27:00,Completed,174.95,0,3324.05
703,152,2025-04-14 04:24:00,Completed,449.55,0,2547.45
704,379,2025-06-18 04:17:00,Completed,74.9,79,1502.1
705,118,2025-06-19 10:15:00,Completed,0,0,2997
706,447,2025-07-15 16:20:00,Completed,0,0,8194
707,47,2025-03-30 18:35:00,Completed,899.5,0,8095.5
708,85,2025-04-12 07:27:00,Completed,0,0,6495
709,442,2025-09-04 02:23:00,Completed,0,0,28889
710,11,2025-07-15 13:54:00,Completed,382.15,0,7260.85
711,238,2025-06-06 14:18:00,Completed,0,0,9196
712,374,2025-07-11 15:25:00,Completed,0,0,17591
713,198,2025-10-17 05:12:00,Completed,0,0,8542
714,475,2025-08-06 23:15:00,Completed,0,0,24490
715,127,2025-11-05 18:42:00,Completed,129.9,79,1248.1
716,362,2025-10-28 02:33:00,Completed,3403.35,0,19285.65
717,376,2025-07-30 23:55:00,Completed,0,0,1998
718,384,2025-04-18 23:25:00,Returned,789.7,0,7107.3
719,214,2025-12-02 09:46:00,Completed,0,0,9496
720,250,2025-04-04 16:07:00,Completed,0,0,14896
721,133,2025-07-29 14:40:00,Cancelled,249.95,0,4749.05
722,194,2025-03-05 08:04:00,Completed,99.9,79,978.1
723,345,2025-02-21 00:03:00,Completed,0,79,1078
724,268,2025-01-04 12:38:00,Cancelled,499.65,0,9493.35
725,162,2025-05-03 11:42:00,Completed,1574.3,0,14168.7
726,14,2025-11-05 03:55:00,Cancelled,1709.1,0,15381.9
727,212,2025-12-05 06:00:00,Returned,1949.2,0,17542.8
728,311,2025-09-06 12:47:00,Cancelled,299.8,0,2698.2
729,376,2025-07-17 09:38:00,Completed,0,0,5244
730,255,2025-02-14 09:53:00,Returned,0,0,26792
731,386,2025-12-04 22:05:00,Completed,2339.2,0,21052.8
732,341,2025-03-11 17:40:00,Returned,1764.0,0,15876.0
733,495,2025-08-12 07:14:00,Completed,0,0,1599
734,175,2025-10-31 06:47:00,Completed,1019.65,0,19373.35
735,303,2025-10-02 06:54:00,Completed,0,0,22640
736,5,2025-10-03 14:20:00,Completed,0,0,10094
737,307,2025-06-13 09:32:00,Returned,314.55,0,1782.45
738,324,2025-04-21 15:18:00,Returned,0,0,32190
739,439,2025-09-07 23:25:00,Completed,539.6,0,4856.4
740,179,2025-07-20 12:04:00,Cancelled,359.8,0,6836.2
741,444,2025-01-28 22:19:00,Completed,1099.5,0,9895.5
742,460,2025-03-16 06:13:00,Returned,0,0,10494
743,193,2025-08-07 21:53:00,Completed,259.8,0,2338.2
744,484,2025-01-27 03:32:00,Returned,0,0,11392
745,61,2025-05-04 12:31:00,Completed,1349.5,0,12145.5
746,324,2025-12-01 14:23:00,Completed,0,79,1378
747,329,2025-12-09 16:14:00,Completed,1314.5,0,24975.5
748,65,2025-02-20 10:04:00,Returned,1799.25,0,10195.75
749,251,2025-02-02 16:53:00,Cancelled,0,0,9897
750,442,2025-11-03 22:11:00,Completed,0,0,23192
751,132,2025-01-18 02:07:00,Cancelled,0,0,10094
752,24,2025-09-23 09:42:00,Cancelled,3313.35,0,18775.65
753,353,2025-02-20 21:52:00,Completed,0,0,10097
754,309,2025-10-10 06:37:00,Completed,1559.3,0,14033.7
755,205,2025-08-22 02:16:00,Returned,0,0,25189
756,289,2025-12-03 20:52:00,Cancelled,759.6,0,6836.4
757,494,2025-11-06 07:04:00,Completed,104.85,79,673.15
758,34,2025-06-18 20:05:00,Completed,539.6,0,4856.4
759,194,2025-02-23 03:11:00,Cancelled,1303.8,0,7388.2
760,283,2025-05-19 19:06:00,Completed,1319.55,0,7477.45
761,305,2025-07-26 15:37:00,Completed,974.5,0,8770.5
762,377,2025-05-17 01:58:00,Returned,899.5,0,8095.5
763,147,2025-05-22 13:33:00,Returned,409.8,0,7786.2
764,325,2025-02-10 02:46:00,Completed,0,0,14997
765,381,2025-05-27 17:59:00,Completed,359.55,0,2037.45
766,246,2025-09-12 16:43:00,Returned,449.85,0,2549.15
767,467,2025-01-04 22:27:00,Returned,1199.1,0,6794.9
768,90,2025-02-08 11:53:00,Completed,0,0,9595
769,468,2025-12-14 07:53:00,Cancelled,319.8,0,2878.2
770,136,2025-04-20 00:47:00,Returned,819.6,0,15572.4
771,316,2025-08-24 10:19:00,Completed,0,0,3998
772,182,2025-01-05 03:27:00,Completed,824.6,0,7421.4
773,468,2025-09-07 00:09:00,Returned,979.4,0,8814.6
774,275,2025-05-18 03:28:00,Returned,0,0,16293
775,146,2025-01-21 04:25:00,Completed,0,0,28593
776,251,2025-10-09 15:51:00,Returned,1739.4,0,15654.6
777,57,2025-02-25 00:08:00,Completed,874.4,0,7869.6
778,378,2025-01-05 13:30:00,Completed,1379.25,0,7815.75
779,128,2025-05-24 03:55:00,Completed,0,0,11495
780,313,2025-04-03 06:54:00,Cancelled,0,0,3597
781,99,2025-03-16 13:01:00,Cancelled,1799.4,0,10196.6
782,359,2025-11-21 07:14:00,Completed,424.65,0,8068.35
783,144,2025-06-29 22:26:00,Completed,552.25,0,10492.75
784,147,2025-08-30 08:58:00,Cancelled,39.95,79,838.05
785,187,2025-06-21 09:07:00,Completed,34.95,79,743.05
786,380,2025-07-05 23:49:00,Cancelled,0,0,7694
787,323,2025-11-05 03:02:00,Cancelled,974.7,0,5523.3
788,176,2025-06-04 23:30:00,Completed,1424.55,0,8072.45
789,457,2025-10-14 11:57:00,Completed,0,0,13391
790,141,2025-12-23 04:18:00,Completed,989.7,0,8907.3
791,351,2025-09-30 16:04:00,Completed,0,0,12892
792,82,2025-10-20 06:37:00,Returned,224.7,79,1352.3
793,133,2025-06-05 07:18:00,Returned,0,0,16995
794,21,2025-11-24 04:56:00,Completed,0,0,5596
795,60,2025-01-01 20:22:00,Returned,1379.4,0,12414.6
796,151,2025-06-16 01:40:00,Completed,2654.1,0,15039.9
797,370,2025-12-19 12:41:00,Completed,0,0,8396
798,323,2025-07-22 04:28:00,Completed,0,0,10294
799,292,2025-09-09 23:11:00,Returned,3029.1,0,17164.9
800,36,2025-03-15 02:27:00,Completed,1554.2,0,13987.8
801,11,2025-02-26 00:48:00,Returned,0,0,2999
802,74,2025-11-18 19:00:00,Completed,104.85,0,1992.15
803,104,2025-03-13 15:48:00,Cancelled,604.7,0,11489.3
804,64,2025-01-11 01:06:00,Cancelled,0,0,2847
805,219,2025-07-17 04:22:00,Returned,0,0,6296
806,490,2025-05-25 11:04:00,Cancelled,0,0,8295
807,272,2025-06-21 19:11:00,Returned,634.6,0,12057.4
808,416,2025-12-31 02:50:00,Completed,859.7,0,7737.3
809,418,2025-02-04 03:36:00,Completed,554.8,0,10541.2
810,254,2025-08-06 15:44:00,Completed,2248.95,0,12744.05
811,253,2025-09-30 17:52:00,Completed,0,0,13640
812,186,2025-01-02 06:54:00,Completed,379.8,0,7216.2
813,151,2025-08-24 04:53:00,Cancelled,0,0,17642
814,376,2025-01-14 22:27:00,Completed,584.55,0,3312.45
815,245,2025-11-01 05:01:00,Completed,849.5,0,7645.5
816,392,2025-04-04 15:47:00,Completed,0,0,12592
817,57,2025-03-21 01:56:00,Returned,127.35,79,800.65
818,6,2025-07-22 13:43:00,Completed,0,0,6944
819,499,2025-02-17 16:24:00,Completed,0,0,9997
820,310,2025-02-09 22:29:00,Completed,1969.4,0,17724.6
821,139,2025-02-25 03:04:00,Completed,0,0,6595
822,306,2025-01-06 09:12:00,Cancelled,1199.55,0,6797.45
823,23,2025-10-16 15:02:00,Completed,1829.1,0,10364.9
824,162,2025-07-20 23:22:00,Completed,839.7,0,4758.3
825,258,2025-03-18 00:37:00,Completed,0,0,19693
826,453,2025-04-21 21:41:00,Completed,719.1,0,4074.9
827,230,2025-03-09 10:18:00,Completed,3568.8,0,20223.2
828,50,2025-01-08 04:49:00,Completed,89.9,79,888.1
829,87,2025-06-01 05:04:00,Completed,549.7,0,10444.3
830,132,2025-08-15 20:59:00,Completed,0,0,1998
831,440,2025-05-27 12:26:00,Cancelled,704.7,0,13389.3
832,43,2025-12-16 13:32:00,Completed,0,0,14043
833,149,2025-07-12 05:36:00,Completed,199.8,0,1798.2
834,179,2025-08-27 14:41:00,Cancelled,714.65,0,13578.35
835,163,2025-06-25 19:31:00,Completed,0,0,14493
836,291,2025-01-17 19:49:00,Completed,299.8,0,2698.2
837,28,2025-04-19 00:48:00,Returned,0,0,16544
838,448,2025-12-31 14:55:00,Completed,569.8,0,5128.2
839,494,2025-06-02 05:12:00,Completed,3118.5,0,17671.5
840,422,2025-01-06 17:50:00,Cancelled,424.8,0,8071.2
841,8,2025-03-19 14:59:00,Completed,0,0,14491
842,328,2025-10-24 03:02:00,Completed,289.6,0,2606.4
843,179,2025-04-18 06:43:00,Cancelled,0,0,2998
844,460,2025-06-07 16:52:00,Completed,764.5,0,14525.5
845,475,2025-04-01 14:27:00,Completed,1209.5,0,10885.5
846,433,2025-12-04 22:43:00,Completed,0,0,9645
847,478,2025-07-30 03:31:00,Returned,1439.55,0,8157.45
848,342,2025-05-29 13:13:00,Completed,1359.3,0,12233.7
849,4,2025-07-11 07:32:00,Completed,449.5,0,4045.5
850,8,2025-01-14 04:50:00,Completed,0,0,19394
851,330,2025-07-21 01:51:00,Cancelled,0,0,21992
852,364,2025-03-06 16:07:00,Returned,919.6,0,8276.4
853,322,2025-10-31 04:01:00,Cancelled,0,0,1998
854,233,2025-11-21 20:49:00,Completed,427.05,0,2419.95
855,372,2025-07-13 08:42:00,Completed,0,0,18493
856,475,2025-11-02 03:06:00,Completed,0,0,15695
857,52,2025-09-09 00:26:00,Completed,0,0,19492
858,6,2025-04-02 21:36:00,Returned,129.9,0,2468.1
859,315,2025-11-04 17:00:00,Completed,1978.95,0,11214.05
860,111,2025-07-06 03:57:00,Completed,0,0,2799
861,373,2025-12-21 04:17:00,Completed,3043.65,0,17247.35
862,473,2025-04-09 08:11:00,Completed,909.5,0,8185.5
863,453,2025-08-17 13:38:00,Returned,794.7,0,15099.3
864,460,2025-11-20 02:28:00,Completed,224.7,79,1352.3
865,151,2025-11-06 20:33:00,Completed,0,0,18094
866,337,2025-07-10 11:09:00,Completed,0,0,3998
867,110,2025-08-27 18:50:00,Completed,959.4,0,5436.6
868,270,2025-04-22 03:35:00,Completed,299.7,0,2697.3
869,163,2025-06-13 06:12:00,Completed,989.25,0,5605.75
870,303,2025-07-16 07:36:00,Completed,684.5,0,6160.5
871,459,2025-10-01 16:02:00,Completed,0,0,4998
872,371,2025-06-04 08:20:00,Completed,1559.2,0,14032.8
873,435,2025-11-25 03:53:00,Completed,0,0,1999
874,72,2025-02-23 10:55:00,Returned,0,0,23791
875,453,2025-01-23 03:03:00,Completed,209.7,79,1267.3
876,139,2025-12-24 05:59:00,Completed,0,0,20290
877,271,2025-05-04 18:30:00,Returned,0,0,11092
878,286,2025-05-05 21:41:00,Returned,0,0,5847
879,344,2025-04-21 14:52:00,Completed,464.55,0,2632.45
880,264,2025-06-10 09:45:00,Completed,102.4,0,1945.6
881,500,2025-08-20 19:32:00,Completed,0,0,14591
882,237,2025-02-24 23:07:00,Completed,159.95,0,3039.05
883,244,2025-12-05 16:28:00,Completed,0,0,6495
884,258,2025-08-09 16:21:00,Completed,0,0,15990
885,97,2025-07-26 05:38:00,Completed,0,0,7844
886,459,2025-01-19 18:17:00,Completed,34.95,79,743.05
887,452,2025-11-14 22:45:00,Completed,449.75,0,8545.25
888,362,2025-11-02 09:46:00,Completed,2249.55,0,12747.45
889,379,2025-06-06 22:15:00,Completed,0,0,15995
890,220,2025-06-21 00:11:00,Completed,0,0,14997
891,181,2025-08-31 18:00:00,Completed,329.7,0,1868.3
892,428,2025-04-27 16:32:00,Completed,257.25,0,4887.75
893,252,2025-06-29 17:16:00,Returned,2698.65,0,15292.35
894,248,2025-02-27 08:43:00,Cancelled,0,0,5998
895,183,2025-09-12 00:15:00,Cancelled,2608.8,0,14783.2
896,491,2025-09-27 05:16:00,Returned,0,0,12395
897,267,2025-12-26 10:53:00,Cancelled,239.7,0,1358.3
898,148,2025-02-26 00:31:00,Returned,2339.25,0,13255.75
899,341,2025-03-25 09:31:00,Completed,159.9,0,1439.1
900,112,2025-05-25 18:07:00,Completed,0,0,10593
901,450,2025-05-26 16:42:00,Cancelled,0,0,4596
902,300,2025-02-11 09:14:00,Completed,1738.95,0,9854.05
903,89,2025-10-16 13:43:00,Completed,704.55,0,3992.45
904,155,2025-06-06 02:19:00,Cancelled,814.65,0,15478.35
905,479,2025-12-17 22:22:00,Completed,1326.75,0,7518.25
906,491,2025-08-04 02:48:00,Completed,786.6,0,4457.4
907,450,2025-05-31 01:48:00,Completed,1199.5,0,10795.5
908,44,2025-01-29 08:53:00,Returned,0,0,8397
909,290,2025-09-04 22:21:00,Completed,449.55,0,2547.45
910,360,2025-04-15 16:09:00,Cancelled,1514.1,0,13626.9
911,353,2025-04-13 03:04:00,Completed,0,0,3846
912,54,2025-08-31 00:53:00,Cancelled,2384.1,0,13509.9
913,421,2025-11-10 21:28:00,Returned,0,79,878
914,73,2025-12-03 07:10:00,Cancelled,0,0,3496
915,253,2025-07-08 21:17:00,Completed,0,0,7494
916,200,2025-01-06 18:19:00,Completed,0,0,22692
917,257,2025-09-15 06:22:00,Returned,1649.45,0,31339.55
918,367,2025-03-13 08:50:00,Returned,0,0,13693
919,363,2025-09-17 21:33:00,Completed,1559.25,0,8835.75
920,425,2025-07-26 02:02:00,Completed,429.6,0,3866.4
921,166,2025-04-29 23:50:00,Completed,1499.7,0,13497.3
922,473,2025-02-02 01:39:00,Completed,0,0,10497
923,391,2025-07-11 19:40:00,Completed,1099.5,0,9895.5
924,327,2025-10-21 17:12:00,Completed,0,0,8895
925,417,2025-09-28 06:05:00,Cancelled,0,79,1378
926,458,2025-01-03 11:49:00,Completed,419.85,0,2379.15
927,98,2025-04-17 18:52:00,Completed,889.5,0,8005.5
928,292,2025-02-10 04:50:00,Cancelled,726.75,0,4118.25
929,12,2025-04-25 09:59:00,Completed,3838.8,0,21753.2
930,257,2025-06-09 12:39:00,Completed,99.9,0,1898.1
931,17,2025-06-23 13:16:00,Completed,0,0,26092
932,253,2025-02-07 18:57:00,Cancelled,149.9,79,1428.1
933,379,2025-11-10 02:56:00,Cancelled,809.65,0,15383.35
934,245,2025-06-05 07:01:00,Completed,1484.55,0,8412.45
935,350,2025-12-17 23:01:00,Cancelled,0,0,26990
936,225,2025-03-02 19:57:00,Completed,0,0,6897
937,6,2025-04-27 13:47:00,Cancelled,0,0,5997
938,40,2025-01-30 04:28:00,Completed,1019.65,0,19373.35
939,311,2025-07-23 15:42:00,Completed,749.7,0,4248.3
940,254,2025-12-28 23:52:00,Completed,559.75,0,10635.25
941,270,2025-05-17 10:44:00,Cancelled,699.8,0,6298.2
942,249,2025-05-24 02:13:00,Completed,114.9,0,2183.1
943,19,2025-05-01 22:28:00,Returned,814.55,0,15476.45
944,31,2025-05-23 19:24:00,Completed,599.8,0,5398.2
945,115,2025-04-16 12:11:00,Returned,684.55,0,13006.45
946,415,2025-10-30 06:48:00,Completed,0,0,5943
947,199,2025-12-14 09:54:00,Cancelled,0,0,6392
948,465,2025-01-08 08:51:00,Returned,909.3,0,8183.7
949,316,2025-05-21 11:17:00,Returned,579.6,0,11012.4
950,434,2025-04-02 14:29:00,Completed,2559.1,0,23031.9
951,297,2025-02-10 08:57:00,Cancelled,2139.4,0,19254.6
952,117,2025-11-19 05:09:00,Cancelled,0,79,1078
953,351,2025-09-17 14:37:00,Completed,0,0,2097
954,488,2025-05-13 08:01:00,Returned,884.4,0,5011.6
955,58,2025-09-19 02:15:00,Completed,354.7,0,6739.3
956,13,2025-06-17 19:50:00,Completed,0,0,6994
957,23,2025-05-29 04:58:00,Cancelled,0,0,3897
958,262,2025-09-18 18:45:00,Completed,0,0,5996
959,391,2025-11-29 02:04:00,Completed,2615.85,0,14823.15
960,163,2025-05-18 06:53:00,Cancelled,324.75,0,6170.25
961,355,2025-05-04 14:46:00,Completed,1039.4,0,9354.6
962,118,2025-08-18 13:14:00,Cancelled,659.25,0,3735.75
963,311,2025-05-14 09:21:00,Completed,499.8,0,4498.2
964,76,2025-10-22 15:40:00,Completed,519.8,0,4678.2
965,392,2025-10-11 22:59:00,Completed,299.9,0,2699.1
966,354,2025-03-27 02:08:00,Cancelled,944.5,0,17945.5
967,173,2025-06-22 18:38:00,Cancelled,174.95,0,3324.05
968,467,2025-07-29 20:28:00,Returned,0,0,21490
969,304,2025-10-31 11:43:00,Returned,0,0,36989
970,153,2025-09-10 10:03:00,Cancelled,0,0,10394
971,266,2025-05-23 18:56:00,Cancelled,299.8,0,5696.2
972,225,2025-04-25 05:18:00,Completed,149.85,0,2847.15
973,50,2025-04-16 17:53:00,Cancelled,0,0,16494
974,251,2025-01-14 11:13:00,Completed,0,0,18691
975,456,2025-08-10 15:16:00,Completed,0,0,2697
976,168,2025-03-22 16:21:00,Completed,1144.55,0,21746.45
977,431,2025-10-13 21:53:00,Returned,0,0,1999
978,193,2025-04-23 21:12:00,Completed,0,0,14893
979,439,2025-04-20 00:27:00,Completed,3179.0,0,28611.0
980,121,2025-11-23 11:30:00,Cancelled,619.5,0,5575.5
981,408,2025-11-19 12:38:00,Completed,0,0,9792
982,60,2025-04-01 14:20:00,Returned,449.7,0,4047.3
983,397,2025-09-05 15:38:00,Completed,0,0,8795
984,32,2025-10-15 10:16:00,Returned,0,0,13994
985,249,2025-04-23 10:40:00,Completed,0,0,13393
986,486,2025-11-11 19:21:00,Completed,0,0,3998
987,468,2025-06-30 17:04:00,Returned,37.45,79,790.55
988,102,2025-03-22 17:25:00,Returned,1319.6,0,11876.4
989,284,2025-05-08 00:02:00,Completed,149.8,79,1427.2
990,81,2025-05-25 09:01:00,Completed,1119.6,0,10076.4
991,68,2025-05-19 02:04:00,Completed,0,0,12641
992,440,2025-06-09 10:27:00,Cancelled,319.8,0,2878.2
993,52,2025-05-16 20:36:00,Completed,629.55,0,11961.45
994,260,2025-05-06 12:01:00,Completed,0,0,11293
995,190,2025-09-02 18:06:00,Returned,0,0,14295
996,304,2025-05-08 02:09:00,Completed,624.6,0,11867.4
997,19,2025-06-14 22:36:00,Cancelled,0,0,16690
998,237,2025-12-29 15:32:00,Cancelled,0,0,2598
999,66,2025-01-07 05:33:00,Returned,499.9,0,4499.1
1000,20,2025-08-06 15:10:00,Returned,559.7,0,10634.3
1001,268,2025-06-15 19:56:00,Completed,0,0,13794
1002,488,2025-07-10 16:38:00,Completed,0,0,27491
1003,214,2025-04-02 04:30:00,Completed,0,0,4797
1004,356,2025-02-18 17:29:00,Completed,1049.7,0,9447.3
1005,81,2025-02-04 11:40:00,Cancelled,274.85,0,5222.15
1006,300,2025-06-06 11:39:00,Completed,0,0,6545
1007,144,2025-04-02 08:36:00,Completed,212.25,0,4032.75
1008,396,2025-10-31 19:17:00,Returned,0,0,15294
1009,244,2025-01-01 10:04:00,Completed,1109.5,0,9985.5
1010,155,2025-09-14 03:15:00,Cancelled,0,0,14840
1011,432,2025-04-20 05:40:00,Completed,149.8,0,2846.2
1012,286,2025-08-11 20:22:00,Completed,149.9,0,2848.1
1013,110,2025-11-12 17:56:00,Completed,0,0,22292
1014,159,2025-06-18 03:58:00,Completed,814.4,0,7329.6
1015,23,2025-12-23 22:16:00,Completed,99.9,79,978.1
1016,324,2025-08-21 15:11:00,Completed,0,0,6998
1017,458,2025-03-20 22:47:00,Completed,329.8,0,2968.2
1018,161,2025-02-19 17:17:00,Completed,419.85,0,7977.15
1019,464,2025-10-28 23:23:00,Cancelled,0,0,5998
1020,99,2025-09-14 04:46:00,Completed,0,0,9998
1021,312,2025-04-12 22:32:00,Completed,439.75,0,8355.25
1022,175,2025-08-27 18:53:00,Returned,0,0,1998
1023,471,2025-02-16 05:46:00,Completed,0,0,9396
1024,112,2025-11-23 11:29:00,Completed,0,0,14694
1025,28,2025-07-14 22:18:00,Completed,489.8,0,9306.2
1026,91,2025-06-01 08:44:00,Completed,1843.95,0,10449.05
1027,425,2025-11-20 21:53:00,Completed,0,0,1998
1028,292,2025-04-18 22:27:00,Completed,0,0,19792
1029,396,2025-04-18 08:13:00,Completed,1514.3,0,13628.7
1030,240,2025-10-28 10:23:00,Cancelled,1409.3,0,12683.7
1031,172,2025-06-22 20:57:00,Completed,704.55,0,3992.45
1032,386,2025-01-12 14:51:00,Cancelled,672.1,0,12769.9
1033,173,2025-09-05 21:25:00,Completed,0,0,2997
1034,219,2025-05-18 18:25:00,Cancelled,0,0,14997
1035,454,2025-11-02 22:33:00,Completed,289.9,0,5508.1
1036,411,2025-06-27 14:25:00,Completed,0,0,18294
1037,224,2025-02-16 23:15:00,Completed,2234.25,0,12660.75
1038,358,2025-04-19 15:42:00,Completed,764.65,0,14528.35
1039,306,2025-07-21 17:04:00,Completed,2548.95,0,14444.05
1040,313,2025-11-03 12:58:00,Completed,0,0,3898
1041,223,2025-02-17 10:24:00,Returned,759.6,0,6836.4
1042,18,2025-05-14 13:11:00,Completed,1749.1,0,15741.9
1043,83,2025-06-13 04:36:00,Cancelled,809.65,0,15383.35
1044,310,2025-08-19 16:23:00,Completed,759.4,0,6834.6
1045,77,2025-01-04 10:59:00,Returned,687.25,0,13057.75
1046,63,2025-09-08 14:23:00,Completed,974.1,0,5519.9
1047,92,2025-05-31 11:26:00,Completed,1779.1,0,16011.9
1048,90,2025-02-13 17:06:00,Completed,339.6,0,3056.4
1049,125,2025-09-26 18:29:00,Completed,0,0,5598
1050,312,2025-11-23 03:24:00,Cancelled,419.85,0,7977.15
1051,206,2025-01-12 05:47:00,Completed,0,79,878
1052,134,2025-06-05 19:32:00,Cancelled,0,0,13495
1053,141,2025-12-19 05:17:00,Cancelled,0,0,1698
1054,140,2025-01-03 13:13:00,Completed,0,0,16291
1055,10,2025-12-30 10:14:00,Completed,2061.3,0,11680.7
1056,244,2025-10-13 00:21:00,Completed,0,0,18593
1057,358,2025-03-29 21:24:00,Completed,2383.95,0,13509.05
1058,156,2025-05-30 10:28:00,Returned,1174.6,0,22317.4
1059,381,2025-09-09 07:24:00,Cancelled,0,0,5597
1060,57,2025-10-20 09:11:00,Completed,669.55,0,12721.45
1061,341,2025-12-18 20:48:00,Returned,419.5,0,3775.5
1062,147,2025-08-19 05:59:00,Completed,0,0,18291
1063,298,2025-12-01 13:26:00,Completed,749.4,0,4246.6
1064,42,2025-11-03 18:46:00,Completed,0,0,8397
1065,292,2025-11-17 15:43:00,Completed,969.5,0,8725.5
1066,371,2025-05-03 05:30:00,Returned,0,0,8597
1067,296,2025-08-25 14:15:00,Returned,0,0,19091
1068,237,2025-02-05 00:47:00,Completed,0,0,19790
1069,332,2025-10-01 22:01:00,Completed,2174.0,0,19566.0
1070,404,2025-03-05 03:09:00,Completed,999.8,0,8998.2
1071,73,2025-05-05 15:13:00,Completed,0,0,8397
1072,461,2025-12-30 15:48:00,Completed,919.65,0,17473.35
1073,141,2025-11-01 01:48:00,Completed,117.4,0,2230.6
1074,186,2025-05-30 09:45:00,Completed,0,0,15293
1075,312,2025-05-30 12:16:00,Returned,0,0,12595
1076,7,2025-05-13 11:46:00,Cancelled,1484.45,0,28204.55
1077,444,2025-09-06 20:10:00,Cancelled,1194.65,0,22698.35
1078,115,2025-03-18 08:38:00,Returned,659.8,0,5938.2
1079,292,2025-11-23 00:53:00,Returned,1139.6,0,10256.4
1080,488,2025-06-18 16:04:00,Completed,1049.7,0,5948.3
1081,127,2025-05-06 08:51:00,Returned,554.4,0,4989.6
1082,21,2025-11-08 08:35:00,Completed,0,0,9897
1083,268,2025-06-05 01:13:00,Completed,0,0,3696
1084,452,2025-01-27 10:50:00,Returned,0,0,6598
1085,43,2025-09-01 06:06:00,Cancelled,0,0,4395
1086,221,2025-02-27 23:56:00,Completed,739.7,0,6657.3
1087,139,2025-09-10 20:11:00,Completed,1086.3,0,6155.7
1088,159,2025-11-17 14:07:00,Completed,844.5,0,7600.5
1089,49,2025-08-15 10:40:00,Returned,229.9,0,4368.1
1090,157,2025-06-13 16:30:00,Completed,799.6,0,7196.4
1091,437,2025-03-22 19:42:00,Completed,242.2,0,4601.8
1092,479,2025-06-05 11:09:00,Completed,1819.3,0,16373.7
1093,3,2025-07-26 01:26:00,Completed,0,0,5296
1094,339,2025-05-12 09:53:00,Completed,559.8,0,5038.2
1095,286,2025-10-14 23:12:00,Completed,1918.8,0,10873.2
1096,488,2025-01-24 21:24:00,Returned,884.65,0,16808.35
1097,190,2025-08-13 09:07:00,Completed,0,0,13095
1098,302,2025-06-03 18:12:00,Cancelled,159.95,0,3039.05
1099,280,2025-12-05 08:35:00,Cancelled,1124.55,0,21366.45
1100,464,2025-08-17 23:56:00,Completed,459.85,0,8737.15
1101,102,2025-12-13 22:16:00,Completed,299.9,0,2699.1
1102,203,2025-09-07 01:53:00,Cancelled,0,79,1577
1103,224,2025-01-17 16:55:00,Completed,2503.8,0,14188.2
1104,273,2025-03-23 16:54:00,Completed,0,0,15691
1105,38,2025-04-04 20:36:00,Completed,1484.1,0,13356.9
1106,5,2025-04-26 10:27:00,Completed,0,0,13392
1107,474,2025-07-01 22:55:00,Cancelled,0,0,9297
1108,14,2025-10-01 19:54:00,Completed,184.85,0,3512.15
1109,337,2025-04-17 06:19:00,Completed,979.5,0,8815.5
1110,228,2025-04-17 12:03:00,Completed,2121.6,0,12022.4
1111,371,2025-09-22 03:10:00,Completed,404.55,0,2292.45
1112,384,2025-06-12 13:12:00,Completed,149.8,79,1427.2
1113,261,2025-02-27 14:01:00,Completed,594.65,0,11298.35
1114,360,2025-02-13 20:41:00,Completed,0,0,15994
1115,266,2025-03-21 04:44:00,Completed,0,0,10497
1116,191,2025-11-13 13:52:00,Completed,0,0,24291
1117,16,2025-09-12 06:19:00,Completed,829.6,0,7466.4
1118,377,2025-03-15 13:02:00,Cancelled,0,0,12295
1119,34,2025-02-27 15:29:00,Completed,2008.95,0,11384.05
1120,490,2025-11-11 21:45:00,Completed,0,0,10194
1121,381,2025-02-18 22:25:00,Completed,49.95,79,1028.05
1122,374,2025-12-04 09:21:00,Returned,0,0,5593
1123,378,2025-01-18 23:57:00,Completed,0,0,3299
1124,325,2025-01-18 07:10:00,Completed,1034.25,0,5860.75
1125,232,2025-04-20 14:39:00,Completed,1039.3,0,9353.7
1126,234,2025-12-06 03:42:00,Completed,0,0,11393
1127,117,2025-08-23 03:07:00,Cancelled,0,0,13793
1128,94,2025-07-23 16:12:00,Completed,794.7,0,15099.3
1129,308,2025-03-19 18:55:00,Cancelled,209.7,79,1267.3
1130,356,2025-09-29 05:23:00,Completed,2249.55,0,12747.45
1131,432,2025-03-19 17:39:00,Completed,839.6,0,7556.4
1132,498,2025-08-04 15:29:00,Completed,839.55,0,4757.45
1133,107,2025-11-10 19:04:00,Completed,2059.3,0,18533.7
1134,303,2025-04-10 07:53:00,Completed,0,0,1998
1135,64,2025-10-27 21:09:00,Completed,3313.65,0,18777.35
1136,396,2025-11-18 19:30:00,Completed,569.65,0,10823.35
1137,196,2025-05-11 03:40:00,Completed,2774.1,0,15719.9
1138,443,2025-07-05 07:55:00,Returned,862.0,0,16378.0
1139,169,2025-08-03 21:53:00,Completed,1919.1,0,10874.9
1140,114,2025-10-30 13:42:00,Completed,404.55,0,2292.45
1141,193,2025-11-07 16:55:00,Returned,1333.95,0,7559.05
1142,418,2025-07-21 22:47:00,Completed,714.4,0,6429.6
1143,111,2025-10-18 05:01:00,Returned,384.7,0,7309.3
1144,420,2025-12-16 11:22:00,Completed,1264.6,0,24027.4
1145,108,2025-10-13 17:41:00,Completed,0,0,23190
1146,425,2025-06-06 03:58:00,Returned,899.7,0,5098.3
1147,328,2025-04-06 12:12:00,Completed,0,0,11545
1148,298,2025-06-08 16:44:00,Returned,0,0,18942
1149,48,2025-02-16 22:38:00,Returned,574.7,0,10919.3
1150,292,2025-02-12 10:14:00,Completed,0,0,2997
1151,14,2025-09-11 07:53:00,Returned,0,0,4545
1152,7,2025-06-01 07:01:00,Cancelled,1919.1,0,17271.9
1153,455,2025-07-18 23:16:00,Returned,779.25,0,4415.75
1154,40,2025-12-21 04:20:00,Returned,254.7,0,1443.3
1155,275,2025-06-10 03:51:00,Cancelled,144.85,0,2752.15
1156,429,2025-01-28 14:39:00,Completed,0,0,23391
1157,245,2025-12-28 04:04:00,Returned,1678.95,0,9514.05
1158,221,2025-12-27 04:25:00,Completed,0,0,11841
1159,349,2025-10-28 10:55:00,Completed,0,0,4497
1160,315,2025-02-02 16:26:00,Returned,0,0,10896
1161,333,2025-09-11 23:07:00,Completed,389.7,0,2208.3
1162,413,2025-07-28 12:44:00,Completed,639.85,0,12157.15
1163,363,2025-08-09 08:31:00,Completed,184.9,0,3513.1
1164,174,2025-08-20 03:33:00,Completed,127.35,79,800.65
1165,350,2025-07-11 03:10:00,Completed,399.8,0,3598.2
1166,15,2025-10-18 18:23:00,Completed,0,0,5996
1167,50,2025-12-16 04:38:00,Completed,1459.6,0,13136.4
1168,319,2025-01-20 17:56:00,Completed,1588.95,0,9004.05
1169,461,2025-02-21 15:12:00,Cancelled,1514.25,0,8580.75
1170,402,2025-08-18 03:42:00,Cancelled,139.95,0,2659.05
1171,123,2025-09-09 06:50:00,Completed,149.9,79,1428.1
1172,51,2025-09-24 02:42:00,Returned,0,0,6342
1173,165,2025-03-11 14:48:00,Completed,0,0,6295
1174,54,2025-06-14 17:30:00,Cancelled,502.2,0,9541.8
1175,383,2025-10-20 17:11:00,Returned,0,0,8895
1176,494,2025-10-03 01:52:00,Returned,0,0,20041
1177,235,2025-04-06 07:45:00,Completed,0,0,6598
1178,328,2025-11-10 00:02:00,Completed,144.9,0,2753.1
1179,200,2025-04-27 11:58:00,Completed,449.85,0,2549.15
1180,319,2025-12-09 08:56:00,Completed,1219.4,0,10974.6
1181,143,2025-04-08 15:16:00,Cancelled,299.9,0,2699.1
1182,340,2025-12-20 07:04:00,Returned,129.9,79,1248.1
1183,94,2025-10-02 10:10:00,Returned,564.65,0,10728.35
1184,390,2025-03-03 12:52:00,Completed,0,79,1477
1185,266,2025-01-19 15:30:00,Completed,99.9,79,978.1
1186,43,2025-12-22 02:15:00,Completed,2271.45,0,12871.55
1187,394,2025-04-18 23:20:00,Completed,299.9,0,5698.1
1188,180,2025-08-25 06:57:00,Returned,0,0,5998
1189,259,2025-02-02 07:11:00,Returned,0,0,9197
1190,309,2025-09-28 09:35:00,Completed,0,0,3498
1191,266,2025-10-01 00:39:00,Returned,0,0,4298
1192,4,2025-07-15 00:36:00,Completed,1139.2,0,10252.8
1193,331,2025-07-17 09:43:00,Cancelled,0,0,12591
1194,275,2025-07-04 07:09:00,Completed,0,0,4397
1195,413,2025-06-03 04:02:00,Completed,1309.2,0,11782.8
1196,236,2025-08-20 14:24:00,Completed,0,0,14343
1197,112,2025-12-31 06:36:00,Completed,0,0,10093
1198,73,2025-08-29 03:34:00,Returned,1699.3,0,15293.7
1199,222,2025-04-03 14:01:00,Returned,499.8,0,9496.2
1200,394,2025-03-21 20:25:00,Cancelled,0,0,7596
1201,391,2025-09-07 10:39:00,Cancelled,0,79,1378
1202,5,2025-01-28 10:54:00,Completed,554.8,0,10541.2
1203,466,2025-06-11 18:57:00,Completed,0,0,20094
1204,61,2025-09-30 19:26:00,Completed,669.5,0,6025.5
1205,195,2025-09-02 05:49:00,Completed,2609.25,0,14785.75
1206,454,2025-06-23 02:56:00,Completed,749.85,0,4249.15
1207,347,2025-07-21 04:07:00,Returned,499.8,0,9496.2
1208,410,2025-09-11 00:39:00,Cancelled,2339.1,0,21051.9
1209,464,2025-03-27 01:41:00,Completed,619.5,0,5575.5
1210,171,2025-10-10 01:08:00,Cancelled,49.95,79,1028.05
1211,103,2025-08-29 12:24:00,Completed,879.65,0,16713.35
1212,483,2025-06-27 23:16:00,Cancelled,339.7,0,3057.3
1213,413,2025-12-08 10:55:00,Cancelled,0,0,1999
1214,39,2025-04-01 11:04:00,Completed,0,0,5046
1215,446,2025-11-13 02:09:00,Cancelled,0,0,21192
1216,47,2025-02-16 00:27:00,Returned,1339.6,0,12056.4
1217,321,2025-09-29 06:30:00,Completed,2184.0,0,19656.0
1218,260,2025-01-04 02:11:00,Completed,0,0,19593
1219,96,2025-06-14 07:10:00,Completed,489.4,0,4404.6
1220,423,2025-06-26 23:15:00,Cancelled,0,79,1477
1221,32,2025-02-02 15:22:00,Returned,0,0,1698
1222,7,2025-12-12 02:20:00,Cancelled,447.15,0,8495.85
1223,190,2025-09-13 09:48:00,Completed,319.75,0,6075.25
1224,239,2025-08-25 10:59:00,Completed,0,0,17992
1225,196,2025-11-20 04:25:00,Completed,0,0,2397
1226,304,2025-04-05 06:06:00,Completed,0,0,10894
1227,425,2025-10-09 08:14:00,Completed,287.15,0,5455.85
1228,35,2025-06-15 22:30:00,Cancelled,849.5,0,7645.5
1229,490,2025-06-07 20:10:00,Completed,362.15,0,6880.85
1230,372,2025-07-11 22:55:00,Completed,779.5,0,7015.5
1231,108,2025-06-17 22:14:00,Completed,1138.95,0,6454.05
1232,363,2025-10-31 19:15:00,Completed,1603.95,0,9089.05
1233,42,2025-09-28 15:29:00,Cancelled,0,0,17894
1234,435,2025-01-31 15:15:00,Completed,839.7,0,4758.3
1235,288,2025-03-16 08:20:00,Completed,1971.45,0,11171.55
1236,152,2025-02-01 23:56:00,Completed,379.7,0,7214.3
1237,74,2025-06-01 00:01:00,Returned,0,0,24890
1238,228,2025-06-10 03:59:00,Completed,0,0,16993
1239,27,2025-06-17 17:30:00,Completed,1139.6,0,10256.4
1240,203,2025-04-02 10:39:00,Completed,0,0,19893
1241,33,2025-02-04 04:09:00,Completed,349.8,0,6646.2
1242,212,2025-06-25 02:31:00,Completed,149.8,79,1427.2
1243,281,2025-02-15 06:28:00,Completed,0,79,778
1244,331,2025-12-16 17:01:00,Completed,0,0,4398
1245,489,2025-03-12 16:20:00,Completed,1504.1,0,13536.9
1246,35,2025-01-21 06:37:00,Completed,149.85,0,2847.15
1247,298,2025-07-08 16:57:00,Completed,1249.45,0,23739.55
1248,192,2025-09-19 12:10:00,Completed,652.25,0,12392.75
1249,15,2025-08-17 19:41:00,Returned,0,0,18993
1250,377,2025-06-02 22:43:00,Completed,2638.95,0,14954.05
1251,112,2025-09-19 00:19:00,Completed,1059.7,0,9537.3
1252,235,2025-07-20 19:48:00,Completed,0,0,5594
1253,26,2025-01-06 08:59:00,Completed,0,0,16196
1254,498,2025-08-05 23:56:00,Completed,0,79,1477
1255,395,2025-01-18 03:19:00,Completed,0,0,23391
1256,90,2025-01-08 03:05:00,Returned,629.7,0,11964.3
1257,12,2025-12-26 18:30:00,Completed,1409.5,0,12685.5
1258,20,2025-09-12 13:53:00,Completed,3049.0,0,27441.0
1259,411,2025-05-17 00:42:00,Completed,0,0,10596
1260,428,2025-08-11 17:44:00,Completed,1289.55,0,7307.45
1261,234,2025-08-30 17:10:00,Completed,647.1,0,12294.9
1262,90,2025-10-25 12:23:00,Completed,779.6,0,14812.4
1263,45,2025-11-05 08:56:00,Completed,0,0,15093
1264,260,2025-11-17 04:38:00,Completed,999.6,0,8996.4
1265,422,2025-08-03 03:32:00,Cancelled,112.35,79,715.65
1266,131,2025-10-09 21:10:00,Returned,229.85,0,4367.15
1267,480,2025-07-22 16:42:00,Completed,0,0,5995
1268,328,2025-11-26 14:09:00,Returned,0,0,3497
1269,356,2025-06-06 07:48:00,Completed,0,0,5297
1270,62,2025-04-17 05:52:00,Returned,499.8,0,4498.2
1271,217,2025-07-03 21:25:00,Completed,1769.25,0,10025.75
1272,471,2025-09-02 20:39:00,Cancelled,89.9,79,888.1
1273,180,2025-01-16 08:44:00,Completed,0,0,8492
1274,389,2025-02-14 15:16:00,Cancelled,0,0,2499
1275,195,2025-06-22 07:38:00,Completed,839.7,0,4758.3
1276,111,2025-11-11 13:06:00,Completed,0,0,6995
1277,93,2025-08-26 08:44:00,Cancelled,1529.1,0,13761.9
1278,438,2025-03-25 01:18:00,Cancelled,809.6,0,7286.4
1279,3,2025-07-18 23:51:00,Returned,0,0,9497
1280,444,2025-12-16 18:54:00,Completed,0,0,4498
1281,380,2025-11-06 18:01:00,Completed,0,0,14339
1282,243,2025-01-18 08:27:00,Cancelled,1888.65,0,10702.35
1283,465,2025-03-12 03:01:00,Completed,0,79,1078
1284,338,2025-10-07 11:35:00,Completed,0,0,14594
1285,69,2025-12-26 12:00:00,Completed,0,79,828
1286,341,2025-05-17 18:33:00,Completed,979.6,0,8816.4
1287,246,2025-04-20 03:11:00,Completed,0,0,8997
1288,75,2025-02-04 15:32:00,Completed,0,0,4595
1289,209,2025-01-31 13:02:00,Completed,0,0,24391
1290,315,2025-09-18 13:41:00,Returned,0,0,3496
1291,308,2025-01-16 13:04:00,Cancelled,0,0,8997
1292,143,2025-07-21 08:29:00,Returned,1299.3,0,11693.7
1293,388,2025-12-19 18:44:00,Cancelled,929.6,0,8366.4
1294,273,2025-09-22 19:40:00,Completed,312.15,0,5930.85
1295,465,2025-05-03 18:12:00,Completed,849.65,0,16143.35
1296,218,2025-12-09 21:12:00,Cancelled,734.7,0,13959.3
1297,284,2025-06-14 06:51:00,Completed,0,0,5496
1298,405,2025-11-21 10:11:00,Returned,2593.5,0,14696.5
1299,75,2025-05-11 19:04:00,Completed,899.7,0,8097.3
1300,35,2025-04-07 08:59:00,Completed,0,0,6292
1301,322,2025-09-08 19:06:00,Completed,0,0,11395
1302,143,2025-02-25 17:34:00,Completed,314.7,0,1783.3
1303,6,2025-02-27 10:39:00,Returned,809.25,0,4585.75
1304,385,2025-05-17 17:22:00,Completed,0,0,7395
1305,413,2025-07-16 06:34:00,Cancelled,749.85,0,4249.15
1306,499,2025-05-19 15:07:00,Completed,419.55,0,2377.45
1307,457,2025-03-30 07:17:00,Completed,149.85,0,2847.15
1308,297,2025-11-04 12:28:00,Completed,1009.5,0,9085.5
1309,77,2025-07-16 19:48:00,Completed,0,79,1477
1310,224,2025-09-26 10:20:00,Completed,2608.95,0,14784.05
1311,87,2025-07-26 06:13:00,Completed,1139.4,0,10254.6
1312,450,2025-08-29 00:43:00,Cancelled,1069.6,0,9626.4
1313,177,2025-07-04 12:01:00,Completed,624.65,0,11868.35
1314,246,2025-03-22 05:14:00,Cancelled,0,0,9997
1315,363,2025-03-23 02:39:00,Returned,104.85,79,673.15
1316,232,2025-03-18 09:09:00,Completed,0,0,13394
1317,447,2025-02-17 19:03:00,Cancelled,0,0,4596
1318,9,2025-04-11 19:45:00,Completed,0,0,2598
1319,64,2025-08-25 17:48:00,Completed,0,0,3698
1320,438,2025-03-29 08:32:00,Completed,0,0,2999
1321,241,2025-03-21 04:15:00,Cancelled,0,0,5596
1322,83,2025-11-24 19:48:00,Completed,0,0,2999
1323,236,2025-09-28 15:43:00,Completed,1888.8,0,16999.2
1324,269,2025-07-28 05:32:00,Completed,669.8,0,12726.2
1325,60,2025-11-06 13:24:00,Completed,0,0,7796
1326,397,2025-11-23 04:28:00,Cancelled,0,0,4598
1327,463,2025-08-13 08:31:00,Completed,0,0,10345
1328,152,2025-07-11 01:22:00,Completed,1459.1,0,13131.9
1329,181,2025-06-19 06:19:00,Cancelled,884.4,0,5011.6
1330,31,2025-01-13 16:13:00,Returned,979.65,0,18613.35
1331,168,2025-05-26 11:03:00,Cancelled,639.8,0,5758.2
1332,19,2025-12-08 17:46:00,Returned,299.9,0,5698.1
1333,375,2025-11-22 08:09:00,Completed,0,0,10996
1334,23,2025-06-05 00:08:00,Completed,0,0,20290
1335,34,2025-03-25 01:16:00,Returned,1769.3,0,15923.7
1336,316,2025-07-10 15:16:00,Cancelled,2946.15,0,16694.85
1337,350,2025-05-23 19:49:00,Completed,279.8,0,5316.2
1338,154,2025-09-13 23:25:00,Completed,0,0,6395
1339,464,2025-03-20 03:44:00,Cancelled,0,0,10093
1340,84,2025-11-16 15:59:00,Returned,279.9,0,2519.1
1341,418,2025-08-10 04:26:00,Completed,0,0,5598
1342,121,2025-09-07 15:59:00,Completed,0,0,4597
1343,412,2025-03-26 10:10:00,Cancelled,0,0,6497
1344,277,2025-08-08 15:57:00,Completed,0,0,8997
1345,150,2025-07-07 21:43:00,Returned,0,0,12995
1346,299,2025-02-12 01:39:00,Completed,649.85,0,12347.15
1347,150,2025-11-12 16:04:00,Cancelled,2579.1,0,14614.9
1348,255,2025-11-07 07:44:00,Completed,0,0,5998
1349,415,2025-08-20 11:32:00,Completed,0,0,10393
1350,237,2025-03-18 22:09:00,Completed,0,0,10497
1351,56,2025-08-18 04:09:00,Returned,159.9,0,3038.1
1352,123,2025-09-04 13:26:00,Completed,0,0,14495
1353,34,2025-01-26 01:53:00,Completed,1309.6,0,24882.4
1354,338,2025-06-11 18:55:00,Returned,0,0,13996
1355,449,2025-06-21 04:02:00,Completed,0,0,2397
1356,20,2025-01-05 20:23:00,Returned,1191.9,0,6754.1
1357,109,2025-03-17 10:43:00,Returned,0,0,13791
1358,395,2025-01-21 14:46:00,Cancelled,1129.5,0,10165.5
1359,322,2025-02-02 15:53:00,Completed,557.1,0,10584.9
1360,419,2025-04-28 21:57:00,Cancelled,0,0,11695
1361,123,2025-07-23 00:27:00,Completed,314.55,0,1782.45
1362,9,2025-09-14 23:50:00,Returned,1311.45,0,7431.55
1363,400,2025-03-01 07:59:00,Completed,0,0,13694
1364,332,2025-05-06 15:01:00,Completed,604.75,0,11490.25
1365,83,2025-08-07 06:46:00,Completed,0,0,11691
1366,80,2025-03-04 00:15:00,Completed,3134.1,0,17759.9
1367,262,2025-03-04 15:42:00,Cancelled,0,0,8195
1368,484,2025-05-09 23:01:00,Cancelled,0,0,2499
1369,83,2025-09-25 22:34:00,Completed,0,0,19392
1370,98,2025-11-14 20:30:00,Cancelled,299.7,0,2697.3
1371,395,2025-08-23 12:20:00,Returned,1664.4,0,9431.6
1372,9,2025-12-07 11:41:00,Completed,3283.8,0,18608.2
1373,304,2025-03-11 15:31:00,Cancelled,1669.4,0,15024.6
1374,20,2025-02-24 01:19:00,Returned,334.85,0,6362.15
1375,39,2025-09-29 11:04:00,Completed,0,0,7195
1376,446,2025-03-12 16:38:00,Cancelled,0,79,1578
1377,394,2025-06-20 10:56:00,Completed,0,0,6296
1378,142,2025-06-09 17:48:00,Cancelled,314.55,0,1782.45
1379,465,2025-10-10 21:19:00,Completed,0,0,22790
1380,36,2025-02-18 18:00:00,Completed,2608.95,0,14784.05
1381,459,2025-05-07 02:21:00,Completed,429.6,0,3866.4
1382,374,2025-12-29 04:10:00,Returned,419.7,0,7974.3
1383,407,2025-04-07 15:35:00,Completed,119.85,79,758.15
1384,99,2025-09-28 09:22:00,Completed,709.2,0,6382.8
1385,332,2025-11-06 15:00:00,Completed,0,0,17390
1386,68,2025-12-31 01:14:00,Completed,749.7,0,6747.3
1387,495,2025-04-22 08:07:00,Cancelled,0,0,9897
1388,212,2025-02-24 10:13:00,Completed,859.6,0,7736.4
1389,338,2025-09-23 21:17:00,Completed,0,0,12596
1390,251,2025-09-08 08:27:00,Completed,599.7,0,5397.3
1391,149,2025-04-15 13:07:00,Completed,0,0,2997
1392,403,2025-09-29 02:37:00,Completed,1099.4,0,9894.6
1393,139,2025-03-24 15:14:00,Completed,799.5,0,7195.5
1394,486,2025-10-10 16:41:00,Completed,104.85,0,1992.15
1395,131,2025-12-20 03:17:00,Returned,674.75,0,12820.25
1396,415,2025-05-06 21:59:00,Cancelled,0,0,1648
1397,394,2025-12-20 17:26:00,Cancelled,639.75,0,12155.25
1398,129,2025-12-23 08:37:00,Completed,0,0,9492
1399,24,2025-06-22 11:30:00,Completed,0,0,6093
1400,290,2025-03-12 07:26:00,Completed,0,0,11994
1401,349,2025-10-08 14:45:00,Completed,0,0,7447
1402,6,2025-10-28 13:07:00,Completed,2578.95,0,14614.05
1403,383,2025-11-19 07:02:00,Completed,519.75,0,9875.25
1404,46,2025-09-15 18:14:00,Cancelled,0,0,10093
1405,379,2025-02-19 20:36:00,Completed,0,0,19295
1406,424,2025-04-18 06:08:00,Completed,0,0,18692
1407,322,2025-06-03 21:27:00,Completed,999.8,0,8998.2
1408,88,2025-07-11 01:34:00,Completed,1709.5,0,15385.5
1409,359,2025-03-27 08:45:00,Cancelled,2529.3,0,22763.7
1410,89,2025-11-09 14:17:00,Completed,1144.5,0,10300.5
1411,239,2025-02-16 18:07:00,Returned,2024.1,0,11469.9
1412,287,2025-09-03 12:58:00,Returned,0,0,5746
1413,124,2025-01-26 16:54:00,Cancelled,449.55,0,2547.45
1414,174,2025-09-26 17:05:00,Completed,949.6,0,8546.4
1415,72,2025-04-23 22:40:00,Completed,1087.05,0,6159.95
1416,378,2025-06-14 14:10:00,Returned,0,0,15295
1417,43,2025-06-15 05:48:00,Returned,0,0,7497
1418,488,2025-02-20 14:50:00,Cancelled,0,0,16994
1419,331,2025-05-29 09:16:00,Completed,104.85,79,673.15
1420,277,2025-09-02 09:31:00,Cancelled,149.95,0,2849.05
1421,319,2025-01-22 10:24:00,Completed,149.8,79,1427.2
1422,23,2025-11-03 01:00:00,Returned,524.7,0,9969.3
1423,141,2025-09-29 04:25:00,Completed,0,0,1998
1424,262,2025-04-27 10:23:00,Returned,0,0,2998
1425,193,2025-01-22 17:45:00,Completed,2228.9,0,20060.1
1426,182,2025-01-09 19:49:00,Returned,0,0,7997
1427,444,2025-07-20 08:53:00,Cancelled,0,0,2097
1428,321,2025-05-13 20:11:00,Cancelled,0,0,15441
1429,138,2025-05-05 04:43:00,Completed,1589.4,0,9006.6
1430,331,2025-12-09 21:46:00,Completed,3328.8,0,18863.2
1431,110,2025-02-23 09:49:00,Completed,319.9,0,2879.1
1432,485,2025-11-20 12:10:00,Completed,1084.7,0,20609.3
1433,279,2025-12-16 05:18:00,Completed,499.8,0,4498.2
1434,211,2025-05-24 09:32:00,Cancelled,0,0,2997
1435,124,2025-10-12 22:32:00,Cancelled,489.6,0,4406.4
1436,426,2025-12-23 01:43:00,Returned,0,0,9446
1437,497,2025-07-01 06:53:00,Cancelled,0,0,11694
1438,47,2025-02-18 22:38:00,Completed,0,0,16792
1439,111,2025-03-10 12:41:00,Completed,0,0,5896
1440,471,2025-11-10 16:31:00,Completed,0,0,16540
1441,107,2025-01-14 00:37:00,Completed,0,0,6793
1442,353,2025-07-13 10:30:00,Returned,1019.2,0,9172.8
1443,313,2025-06-27 04:56:00,Completed,0,0,4797
1444,446,2025-09-27 20:49:00,Cancelled,779.4,0,4416.6
1445,176,2025-01-14 18:08:00,Completed,1131.9,0,6414.1
1446,76,2025-02-07 07:28:00,Completed,344.8,0,6551.2
1447,267,2025-10-02 13:47:00,Completed,1159.4,0,10434.6
1448,266,2025-12-22 03:07:00,Returned,0,0,2798
1449,454,2025-04-15 11:24:00,Completed,0,0,3998
1450,38,2025-06-14 23:13:00,Completed,0,0,7996
1451,261,2025-10-09 05:27:00,Cancelled,269.7,0,2427.3
1452,391,2025-10-15 20:57:00,Completed,0,0,3595
1453,124,2025-06-05 17:00:00,Cancelled,3418.35,0,19370.65
1454,209,2025-01-24 06:14:00,Returned,1174.4,0,10569.6
1455,311,2025-01-25 16:23:00,Cancelled,479.7,0,2718.3
1456,479,2025-01-09 22:28:00,Completed,1199.4,0,10794.6
1457,294,2025-07-12 21:18:00,Cancelled,2968.5,0,16821.5
1458,76,2025-06-19 18:06:00,Completed,224.7,79,1352.3
1459,406,2025-04-10 05:56:00,Completed,249.95,0,4749.05
1460,398,2025-08-09 12:36:00,Cancelled,0,0,2397
1461,243,2025-03-21 12:40:00,Completed,0,0,25791
1462,311,2025-04-23 10:42:00,Returned,412.15,0,7830.85
1463,460,2025-06-26 13:56:00,Returned,1349.55,0,7647.45
1464,223,2025-06-24 00:35:00,Completed,1633.8,0,9258.2
1465,294,2025-07-13 11:26:00,Returned,494.85,0,2804.15
1466,415,2025-08-07 03:43:00,Returned,442.25,0,8402.75
1467,129,2025-04-09 08:25:00,Cancelled,249.75,0,4745.25
1468,438,2025-01-16 05:30:00,Completed,899.55,0,5097.45
1469,308,2025-07-20 12:04:00,Completed,0,0,8997
1470,42,2025-12-09 06:52:00,Cancelled,2549.1,0,14444.9
1471,42,2025-05-31 20:38:00,Completed,0,0,15493
1472,487,2025-08-15 20:26:00,Returned,399.8,0,7596.2
1473,9,2025-09-11 14:28:00,Cancelled,2249.4,0,20244.6
1474,344,2025-03-08 19:08:00,Completed,69.9,79,708.1
1475,473,2025-07-16 01:10:00,Cancelled,69.9,79,708.1
1476,346,2025-10-01 08:04:00,Completed,0,0,6498
1477,184,2025-03-29 06:22:00,Completed,0,0,9597
1478,6,2025-04-15 05:43:00,Completed,0,79,928
1479,58,2025-04-23 13:15:00,Cancelled,2039.2,0,18352.8
1480,98,2025-04-22 14:04:00,Returned,799.65,0,15193.35
1481,73,2025-07-22 09:32:00,Completed,79.9,0,1518.1
1482,122,2025-08-20 06:43:00,Completed,899.7,0,5098.3
1483,475,2025-03-14 14:47:00,Completed,0,0,7498
1484,458,2025-10-29 17:52:00,Completed,989.7,0,5608.3
1485,88,2025-10-21 17:21:00,Returned,1836.6,0,10407.4
1486,279,2025-12-15 10:26:00,Completed,1559.1,0,8834.9
1487,369,2025-11-22 13:25:00,Returned,0,0,6398
1488,441,2025-09-12 07:57:00,Completed,749.55,0,4247.45
1489,44,2025-12-04 05:11:00,Completed,1404.6,0,26687.4
1490,398,2025-06-21 17:28:00,Completed,0,0,18993
1491,293,2025-03-13 10:36:00,Completed,1806.15,0,10234.85
1492,402,2025-10-07 00:10:00,Completed,419.85,0,2379.15
1493,340,2025-10-05 13:46:00,Cancelled,1843.95,0,10449.05
1494,284,2025-11-19 02:41:00,Completed,1159.4,0,10434.6
1495,183,2025-04-02 07:57:00,Cancelled,3418.8,0,19373.2
1496,141,2025-07-14 02:39:00,Completed,1494.0,0,13446.0
1497,255,2025-03-20 04:20:00,Cancelled,659.7,0,12534.3
1498,1,2025-07-24 20:11:00,Returned,0,0,11495
1499,387,2025-07-19 12:46:00,Cancelled,0,0,9695
1500,461,2025-10-05 05:49:00,Returned,559.4,0,5034.6
1501,202,2025-04-11 04:22:00,Cancelled,4048.65,0,22942.35
1502,405,2025-07-20 07:55:00,Completed,0,0,5598
1503,41,2025-12-17 21:58:00,Completed,0,0,7695
1504,200,2025-03-27 18:10:00,Completed,569.7,0,10824.3
1505,115,2025-09-16 03:35:00,Returned,644.5,0,12245.5
1506,313,2025-06-14 15:49:00,Returned,1304.1,0,7389.9
1507,450,2025-12-12 16:52:00,Cancelled,389.7,0,2208.3
1508,85,2025-01-25 06:33:00,Returned,0,0,3396
1509,158,2025-02-15 10:18:00,Completed,0,0,5598
1510,111,2025-03-30 11:39:00,Completed,0,0,6893
1511,137,2025-03-18 22:55:00,Returned,0,0,1599
1512,91,2025-08-22 12:39:00,Cancelled,299.7,0,2697.3
1513,31,2025-11-06 23:53:00,Completed,879.5,0,16710.5
1514,84,2025-03-12 10:35:00,Completed,924.55,0,17566.45
1515,71,2025-09-10 22:21:00,Cancelled,489.6,0,9302.4
1516,404,2025-12-31 19:18:00,Completed,549.6,0,4946.4
1517,14,2025-03-11 00:56:00,Completed,299.9,0,5698.1
1518,301,2025-11-28 07:04:00,Completed,0,0,5397
1519,166,2025-06-24 15:02:00,Cancelled,0,0,3096
1520,156,2025-05-26 16:33:00,Cancelled,1589.2,0,14302.8
1521,369,2025-05-30 20:26:00,Completed,899.7,0,5098.3
1522,471,2025-07-08 09:13:00,Completed,0,0,7096
1523,429,2025-02-02 04:12:00,Cancelled,0,0,7596
1524,379,2025-01-05 02:33:00,Completed,0,0,21390
1525,85,2025-08-30 12:33:00,Returned,0,0,3199
1526,246,2025-08-26 10:16:00,Returned,449.4,0,2546.6
1527,167,2025-03-14 19:05:00,Cancelled,1099.3,0,9893.7
1528,331,2025-08-29 05:04:00,Completed,0,0,19494
1529,336,2025-10-26 05:53:00,Completed,0,0,26541
1530,452,2025-03-29 03:46:00,Completed,0,0,13293
1531,460,2025-03-27 10:41:00,Completed,359.55,0,2037.45
1532,137,2025-08-02 03:31:00,Returned,839.65,0,15953.35
1533,444,2025-05-10 18:51:00,Completed,1499.7,0,8498.3
1534,225,2025-01-02 05:36:00,Completed,5038.65,0,28552.35
1535,369,2025-02-27 06:31:00,Returned,0,0,10695
1536,416,2025-12-12 03:08:00,Completed,2579.3,0,23213.7
1537,416,2025-12-18 14:33:00,Cancelled,1408.95,0,7984.05
1538,474,2025-02-01 01:12:00,Completed,2218.95,0,12574.05
1539,57,2025-08-24 02:22:00,Completed,524.7,0,2973.3
1540,399,2025-10-28 23:22:00,Returned,0,0,4998
1541,142,2025-12-01 23:32:00,Completed,0,79,928
1542,213,2025-08-29 02:13:00,Returned,0,0,18392
1543,107,2025-03-22 03:55:00,Returned,0,0,29890
1544,58,2025-07-15 12:06:00,Completed,0,0,14394
1545,70,2025-06-25 21:47:00,Cancelled,1989.2,0,17902.8
1546,107,2025-10-02 00:42:00,Completed,412.25,0,7832.75
1547,405,2025-10-13 21:25:00,Returned,719.7,0,13674.3
1548,77,2025-11-02 09:24:00,Completed,49.95,79,1028.05
1549,370,2025-07-14 02:51:00,Returned,1484.55,0,8412.45
1550,177,2025-03-07 22:37:00,Completed,129.9,79,1248.1
1551,73,2025-05-22 06:27:00,Completed,0,0,5896
1552,483,2025-02-08 23:49:00,Completed,0,0,5998
1553,64,2025-07-05 19:10:00,Completed,0,0,2297
1554,318,2025-02-01 14:46:00,Returned,239.7,0,1358.3
1555,212,2025-04-27 04:08:00,Completed,279.9,0,5318.1
1556,424,2025-12-17 20:41:00,Completed,0,0,5098
1557,316,2025-07-05 12:31:00,Cancelled,844.5,0,16045.5
1558,146,2025-08-06 05:15:00,Completed,1424.25,0,8070.75
1559,394,2025-03-02 16:07:00,Completed,0,0,6796
1560,205,2025-05-22 02:31:00,Completed,692.0,0,13148.0
1561,55,2025-03-17 18:01:00,Returned,0,0,8397
1562,44,2025-04-11 16:02:00,Completed,0,0,15093
1563,185,2025-09-29 08:31:00,Completed,0,0,17996
1564,9,2025-10-17 13:11:00,Completed,0,0,13193
1565,62,2025-10-15 00:21:00,Completed,342.35,0,6504.65
1566,456,2025-07-21 13:52:00,Completed,0,0,4497
1567,124,2025-03-12 22:54:00,Completed,174.95,0,3324.05
1568,213,2025-08-06 03:19:00,Completed,0,0,2499
1569,302,2025-09-06 21:29:00,Completed,2188.95,0,12404.05
1570,421,2025-10-16 22:54:00,Returned,0,0,15393
1571,402,2025-03-30 01:16:00,Cancelled,299.7,0,1698.3
1572,476,2025-07-22 19:33:00,Completed,1489.5,0,13405.5
1573,417,2025-08-01 12:38:00,Cancelled,509.7,0,4587.3
1574,488,2025-01-26 15:30:00,Cancelled,0,0,8695
1575,343,2025-10-30 19:18:00,Cancelled,0,0,1698
1576,365,2025-05-16 05:56:00,Completed,1094.55,0,6202.45
1577,420,2025-10-04 05:06:00,Completed,1059.7,0,20134.3
1578,293,2025-09-20 19:32:00,Cancelled,3598.5,0,20391.5
1579,476,2025-12-05 16:01:00,Completed,1454.1,0,8239.9
1580,378,2025-04-30 18:28:00,Cancelled,294.85,0,5602.15
1581,24,2025-08-03 15:20:00,Completed,499.9,0,4499.1
1582,44,2025-06-03 19:25:00,Completed,1499.7,0,13497.3
1583,139,2025-03-26 19:42:00,Completed,1859.4,0,16734.6
1584,137,2025-01-23 18:22:00,Completed,104.85,79,673.15
1585,58,2025-07-01 13:02:00,Completed,1904.25,0,10790.75
1586,115,2025-06-20 23:24:00,Completed,959.7,0,8637.3
1587,150,2025-11-24 01:56:00,Cancelled,0,0,15790
1588,232,2025-09-19 09:09:00,Completed,574.75,0,10920.25
1589,390,2025-05-05 20:26:00,Completed,337.3,0,6408.7
1590,205,2025-09-30 22:32:00,Completed,39.95,79,838.05
1591,246,2025-03-19 16:28:00,Cancelled,119.85,79,758.15
1592,46,2025-06-03 02:13:00,Completed,1649.6,0,14846.4
1593,120,2025-04-20 15:46:00,Completed,0,0,2799
1594,471,2025-05-11 10:35:00,Cancelled,0,0,5998
1595,185,2025-05-23 09:31:00,Completed,0,0,5944
1596,141,2025-01-15 18:26:00,Completed,269.7,0,2427.3
1597,396,2025-09-22 04:44:00,Completed,0,0,2097
1598,237,2025-10-10 04:06:00,Completed,639.8,0,5758.2
1599,435,2025-02-23 07:53:00,Completed,854.5,0,7690.5
1600,340,2025-10-03 19:51:00,Completed,0,0,16740
1601,175,2025-10-29 08:20:00,Returned,194.85,79,1183.15
1602,370,2025-11-03 21:11:00,Completed,0,0,13994
1603,350,2025-02-01 07:53:00,Cancelled,0,0,18391
1604,297,2025-05-14 10:23:00,Cancelled,0,0,5998
1605,13,2025-11-01 20:41:00,Cancelled,0,0,12944
1606,472,2025-07-12 12:43:00,Completed,0,0,8593
1607,162,2025-08-05 11:31:00,Completed,0,0,8595
1608,413,2025-11-08 00:27:00,Completed,0,0,4396
1609,395,2025-08-03 10:44:00,Completed,129.9,0,2468.1
1610,312,2025-06-27 07:59:00,Completed,0,79,878
1611,90,2025-03-19 09:11:00,Completed,1039.3,0,9353.7
1612,54,2025-02-10 05:17:00,Returned,749.7,0,4248.3
1613,274,2025-09-22 20:24:00,Completed,0,79,778
1614,302,2025-09-22 12:30:00,Returned,2459.1,0,22131.9
1615,477,2025-05-20 14:08:00,Returned,0,0,18994
1616,271,2025-05-09 07:47:00,Completed,989.1,0,8901.9
1617,25,2025-08-25 17:22:00,Returned,259.8,0,4936.2
1618,64,2025-12-10 17:44:00,Completed,474.5,0,4270.5
1619,157,2025-12-01 11:18:00,Returned,1159.6,0,10436.4
1620,395,2025-10-03 19:48:00,Returned,474.65,0,9018.35
1621,251,2025-03-28 00:12:00,Cancelled,0,0,24690
1622,311,2025-07-18 07:52:00,Completed,949.7,0,18044.3
1623,258,2025-03-16 08:39:00,Completed,0,0,11793
1624,36,2025-07-22 14:30:00,Cancelled,279.75,0,5315.25
1625,470,2025-12-10 11:16:00,Completed,3343.65,0,18947.35
1626,231,2025-12-27 17:06:00,Completed,2188.8,0,12403.2
1627,448,2025-10-03 23:24:00,Cancelled,604.55,0,11486.45
1628,297,2025-12-26 04:53:00,Completed,0,79,1477
1629,193,2025-04-30 01:51:00,Completed,3186.3,0,18055.7
1630,84,2025-09-24 07:15:00,Cancelled,449.85,0,2549.15
1631,16,2025-07-20 05:56:00,Cancelled,2361.9,0,13384.1
1632,474,2025-04-19 05:09:00,Completed,0,79,1378
1633,90,2025-01-02 00:04:00,Returned,2533.8,0,14358.2
1634,471,2025-12-13 15:45:00,Completed,0,0,5997
1635,97,2025-07-10 12:50:00,Completed,0,0,11093
1636,302,2025-09-19 01:50:00,Completed,819.5,0,7375.5
1637,162,2025-12-13 03:02:00,Completed,0,0,7197
1638,419,2025-05-23 10:47:00,Cancelled,2169.2,0,19522.8
1639,138,2025-02-17 02:00:00,Returned,1179.3,0,10613.7
1640,166,2025-02-21 12:39:00,Cancelled,437.15,0,8305.85
1641,390,2025-04-10 13:26:00,Cancelled,449.55,0,2547.45
1642,290,2025-11-15 12:10:00,Completed,2045.7,0,11592.3
1643,242,2025-09-28 21:42:00,Returned,709.6,0,13482.4
1644,433,2025-02-09 18:29:00,Completed,0,79,928
1645,483,2025-02-14 04:27:00,Returned,269.8,0,5126.2
1646,284,2025-01-03 18:23:00,Completed,319.9,0,6078.1
1647,161,2025-03-02 14:31:00,Completed,0,0,13693
1648,50,2025-10-05 21:51:00,Returned,1439.1,0,8154.9
1649,482,2025-03-12 13:17:00,Completed,1304.25,0,7390.75
1650,231,2025-01-28 22:56:00,Completed,599.6,0,11392.4
1651,249,2025-01-24 10:27:00,Cancelled,149.9,0,2848.1
1652,426,2025-01-01 22:36:00,Completed,749.7,0,6747.3
1653,474,2025-12-27 10:26:00,Completed,0,0,3199
1654,143,2025-08-29 05:32:00,Completed,2279.1,0,12914.9
1655,83,2025-12-19 08:45:00,Completed,799.7,0,7197.3
1656,474,2025-07-11 00:30:00,Completed,0,0,4497
1657,60,2025-10-22 11:00:00,Cancelled,544.8,0,10351.2
1658,219,2025-02-11 23:56:00,Completed,0,0,9695
1659,237,2025-02-06 13:37:00,Completed,199.9,0,3798.1
1660,450,2025-09-16 18:50:00,Completed,1379.2,0,12412.8
1661,285,2025-10-21 06:55:00,Completed,0,0,8695
1662,407,2025-09-21 04:30:00,Completed,394.75,0,7500.25
1663,24,2025-03-20 11:49:00,Cancelled,2089.2,0,18802.8
1664,269,2025-05-04 10:55:00,Completed,1434.1,0,12906.9
1665,100,2025-10-29 17:14:00,Returned,0,0,5194
1666,410,2025-04-27 12:58:00,Returned,0,0,10395
1667,418,2025-08-16 08:45:00,Completed,0,0,14344
1668,94,2025-01-05 19:02:00,Cancelled,999.6,0,18992.4
1669,342,2025-11-04 03:56:00,Completed,249.9,0,2249.1
1670,482,2025-07-18 03:38:00,Returned,299.9,0,5698.1
1671,350,2025-07-19 01:43:00,Returned,2399.25,0,13595.75
1672,471,2025-04-30 10:52:00,Completed,0,0,4999
1673,94,2025-08-13 10:50:00,Cancelled,0,0,17994
1674,57,2025-06-22 06:55:00,Returned,749.4,0,4246.6
1675,17,2025-08-13 09:02:00,Completed,0,0,9597
1676,238,2025-11-01 17:03:00,Completed,399.8,0,7596.2
1677,111,2025-06-05 23:00:00,Completed,199.9,0,3798.1
1678,481,2025-01-17 06:27:00,Completed,0,0,9642
1679,335,2025-06-22 19:39:00,Completed,0,0,9192
1680,186,2025-07-18 02:02:00,Completed,0,0,10890
1681,280,2025-07-18 22:28:00,Completed,0,0,15192
1682,340,2025-04-10 18:54:00,Completed,449.6,0,4046.4
1683,194,2025-03-22 10:20:00,Completed,649.8,0,5848.2
1684,195,2025-06-10 08:08:00,Completed,354.75,0,6740.25
1685,299,2025-02-01 20:11:00,Returned,0,0,3696
1686,8,2025-01-17 18:02:00,Returned,3298.35,0,18690.65
1687,125,2025-01-08 04:56:00,Completed,599.8,0,5398.2
1688,407,2025-03-11 19:59:00,Completed,2054.1,0,18486.9
1689,439,2025-10-17 05:05:00,Completed,0,0,23093
1690,453,2025-12-22 04:29:00,Completed,0,0,16494
1691,65,2025-01-01 14:07:00,Completed,669.7,0,6027.3
1692,51,2025-11-28 19:46:00,Returned,1349.4,0,7646.6
1693,466,2025-09-08 23:00:00,Returned,469.5,0,4225.5
1694,275,2025-07-10 10:35:00,Cancelled,299.7,0,1698.3
1695,354,2025-08-29 05:45:00,Returned,1349.55,0,7647.45
1696,363,2025-01-26 10:58:00,Completed,2189.0,0,19701.0
1697,412,2025-09-18 08:21:00,Completed,0,0,3897
1698,370,2025-09-02 05:00:00,Completed,1304.25,0,7390.75
1699,321,2025-04-28 04:42:00,Completed,34.95,79,743.05
1700,250,2025-05-23 20:13:00,Returned,167.35,0,3179.65
1701,309,2025-12-30 06:44:00,Completed,0,0,10996
1702,142,2025-12-23 04:14:00,Completed,0,0,7297
1703,191,2025-04-10 01:57:00,Completed,0,0,1598
1704,130,2025-07-22 06:00:00,Returned,674.55,0,3822.45
1705,479,2025-08-14 14:29:00,Completed,0,0,5394
1706,46,2025-08-01 21:56:00,Returned,179.8,0,1618.2
1707,21,2025-03-23 18:47:00,Cancelled,689.55,0,3907.45
1708,35,2025-11-14 12:25:00,Completed,349.8,0,3148.2
1709,8,2025-09-14 01:23:00,Completed,999.6,0,8996.4
1710,44,2025-10-20 16:51:00,Completed,734.65,0,13958.35
1711,226,2025-08-09 12:12:00,Returned,0,0,11143
1712,332,2025-11-06 12:10:00,Completed,1099.7,0,9897.3
1713,46,2025-06-01 04:16:00,Completed,2413.95,0,13679.05
1714,326,2025-01-21 17:47:00,Completed,0,0,1698
1715,371,2025-06-09 22:05:00,Returned,1719.3,0,15473.7
1716,456,2025-07-07 21:03:00,Completed,0,0,2847
1717,40,2025-02-10 22:53:00,Completed,2383.65,0,13507.35
1718,256,2025-06-19 14:25:00,Cancelled,1859.25,0,10535.75
1719,439,2025-05-19 12:24:00,Returned,399.75,0,7595.25
1720,12,2025-10-02 22:58:00,Completed,479.6,0,4316.4
1721,74,2025-06-15 11:36:00,Completed,0,0,17394
1722,189,2025-10-29 03:17:00,Completed,0,0,19890
1723,482,2025-08-01 03:19:00,Completed,2009.4,0,18084.6
1724,54,2025-12-15 00:01:00,Cancelled,134.85,0,2562.15
1725,73,2025-03-03 02:23:00,Returned,649.65,0,12343.35
1726,222,2025-09-16 14:16:00,Completed,0,0,24390
1727,211,2025-06-24 23:52:00,Completed,1087.05,0,6159.95
1728,205,2025-12-16 10:26:00,Completed,0,0,7197
1729,474,2025-11-19 22:22:00,Completed,0,0,19389
1730,13,2025-03-19 15:54:00,Returned,424.85,0,8072.15
1731,340,2025-04-10 03:27:00,Completed,0,0,6894
1732,85,2025-01-18 06:07:00,Completed,0,0,15541
1733,331,2025-04-06 18:46:00,Returned,0,0,17989
1734,76,2025-03-28 04:40:00,Returned,0,0,19093
1735,116,2025-03-08 07:27:00,Completed,0,79,1577
1736,204,2025-02-16 01:35:00,Completed,74.9,79,753.1
1737,255,2025-03-03 16:51:00,Completed,649.8,0,5848.2
1738,80,2025-07-22 03:22:00,Returned,0,0,2946
1739,342,2025-11-19 13:59:00,Returned,809.5,0,7285.5
1740,68,2025-03-16 06:13:00,Returned,0,0,23994
1741,387,2025-11-08 09:16:00,Completed,0,0,14091
1742,376,2025-07-01 12:03:00,Completed,0,0,6447
1743,125,2025-11-22 23:30:00,Completed,0,0,3897
1744,204,2025-12-17 15:17:00,Completed,0,0,7795
1745,487,2025-06-06 03:41:00,Cancelled,949.6,0,8546.4
1746,261,2025-05-27 21:25:00,Completed,914.6,0,17377.4
1747,129,2025-10-19 02:51:00,Completed,149.9,79,1428.1
1748,37,2025-02-09 18:49:00,Returned,0,0,7293
1749,370,2025-07-12 18:13:00,Cancelled,799.6,0,7196.4
1750,416,2025-03-12 00:16:00,Completed,0,0,17192
1751,158,2025-02-07 06:36:00,Completed,1639.1,0,14751.9
1752,38,2025-03-26 13:31:00,Completed,1249.7,0,11247.3
1753,236,2025-06-23 22:36:00,Cancelled,1558.5,0,8831.5
1754,104,2025-03-01 19:05:00,Returned,1454.4,0,27633.6
1755,120,2025-03-05 04:02:00,Completed,49.95,79,1028.05
1756,397,2025-06-28 15:51:00,Completed,0,0,8395
1757,72,2025-08-04 17:29:00,Completed,929.1,0,5264.9
1758,304,2025-08-19 09:56:00,Completed,0,0,17492
1759,209,2025-05-06 11:20:00,Returned,1079.6,0,9716.4
1760,290,2025-08-07 19:11:00,Completed,869.55,0,16521.45
1761,26,2025-12-22 11:37:00,Completed,499.9,0,9498.1
1762,83,2025-09-28 05:29:00,Completed,119.9,0,2278.1
1763,149,2025-09-26 19:54:00,Cancelled,1219.3,0,10973.7
1764,153,2025-06-19 08:55:00,Completed,449.55,0,2547.45
1765,203,2025-10-19 19:37:00,Completed,189.75,0,3605.25
1766,295,2025-05-19 13:16:00,Completed,299.8,0,5696.2
1767,216,2025-03-07 19:46:00,Completed,764.1,0,4329.9
1768,52,2025-05-08 05:06:00,Completed,1104.65,0,20988.35
1769,179,2025-04-09 09:40:00,Returned,0,0,8196
1770,143,2025-10-18 13:54:00,Completed,0,0,15493
1771,399,2025-02-28 06:46:00,Completed,0,0,14992
1772,299,2025-06-22 20:43:00,Completed,0,79,1477
1773,313,2025-04-22 02:16:00,Returned,1279.3,0,11513.7
1774,114,2025-02-13 02:14:00,Cancelled,0,0,9996
1775,18,2025-05-08 06:19:00,Completed,0,0,7895
1776,119,2025-12-06 14:45:00,Cancelled,0,0,15841
1777,441,2025-05-24 12:48:00,Cancelled,0,0,8997
1778,225,2025-05-27 02:29:00,Completed,0,0,6697
1779,117,2025-10-02 11:03:00,Completed,139.8,0,2656.2
1780,230,2025-06-22 23:55:00,Completed,1934.4,0,10961.6
1781,5,2025-03-11 00:08:00,Completed,0,0,6296
1782,210,2025-08-28 14:04:00,Returned,79.9,0,1518.1
1783,225,2025-08-07 04:49:00,Completed,764.7,0,14529.3
1784,29,2025-02-10 05:58:00,Completed,0,0,7896
1785,66,2025-10-04 09:29:00,Completed,0,0,4998
1786,339,2025-03-09 09:03:00,Completed,959.7,0,8637.3
1787,339,2025-10-07 14:46:00,Completed,609.6,0,11582.4
1788,198,2025-07-04 20:34:00,Completed,677.2,0,12866.8
1789,21,2025-10-27 22:21:00,Completed,834.2,0,7507.8
1790,322,2025-04-07 14:36:00,Completed,0,0,4298
1791,272,2025-08-23 16:02:00,Completed,0,0,9894
1792,150,2025-12-22 01:51:00,Returned,704.55,0,3992.45
1793,317,2025-05-09 22:22:00,Completed,304.7,0,2742.3
1794,384,2025-05-11 07:14:00,Cancelled,1434.5,0,12910.5
1795,193,2025-12-14 10:43:00,Completed,1099.3,0,9893.7
1796,157,2025-09-15 16:31:00,Cancelled,294.85,0,5602.15
1797,350,2025-07-13 16:43:00,Completed,0,0,1698
1798,255,2025-05-12 19:44:00,Completed,1769.4,0,15924.6
1799,243,2025-06-13 05:10:00,Completed,179.85,0,3417.15
1800,43,2025-03-14 19:08:00,Completed,0,0,15994
1801,474,2025-07-30 06:02:00,Completed,779.6,0,7016.4
1802,331,2025-07-29 05:52:00,Cancelled,754.75,0,14340.25
1803,264,2025-01-14 20:42:00,Cancelled,1229.25,0,6965.75
1804,23,2025-05-20 18:34:00,Completed,0,0,3348
1805,401,2025-02-09 11:47:00,Completed,0,0,4497
1806,279,2025-08-02 17:31:00,Completed,1588.95,0,9004.05
1807,30,2025-07-19 09:19:00,Completed,0,0,6998
1808,476,2025-09-15 15:28:00,Returned,642.0,0,12198.0
1809,384,2025-06-09 23:07:00,Cancelled,2949.2,0,26542.8
1810,92,2025-02-08 06:11:00,Completed,2429.1,0,13764.9
1811,408,2025-02-27 09:46:00,Completed,749.7,0,4248.3
1812,79,2025-07-28 18:39:00,Cancelled,0,0,7643
1813,377,2025-10-09 00:03:00,Completed,512.2,0,9731.8
1814,383,2025-03-24 17:21:00,Completed,899.65,0,17093.35
1815,454,2025-09-29 07:35:00,Returned,0,0,4497
1816,432,2025-11-12 05:42:00,Cancelled,699.8,0,6298.2
1817,358,2025-08-10 05:52:00,Completed,0,0,25439
1818,418,2025-09-05 13:57:00,Returned,0,79,1577
1819,468,2025-07-26 05:25:00,Completed,299.7,0,1698.3
1820,495,2025-02-25 00:04:00,Completed,862.2,0,4885.8
1821,51,2025-12-11 17:54:00,Cancelled,2699.25,0,15295.75
1822,271,2025-09-02 10:45:00,Returned,599.8,0,5398.2
1823,49,2025-11-30 01:27:00,Returned,0,0,23991
1824,127,2025-02-08 19:08:00,Completed,1234.1,0,11106.9
1825,437,2025-10-01 20:15:00,Cancelled,0,0,12193
1826,193,2025-07-08 22:52:00,Completed,3043.95,0,17249.05
1827,304,2025-10-17 05:21:00,Completed,0,0,3945
1828,378,2025-06-02 04:37:00,Cancelled,639.8,0,5758.2
1829,392,2025-11-13 13:27:00,Cancelled,0,0,17194
1830,401,2025-11-01 14:19:00,Returned,0,0,9092
1831,411,2025-09-16 09:07:00,Completed,1633.8,0,9258.2
1832,414,2025-10-01 03:24:00,Completed,69.9,79,1407.1
1833,406,2025-11-06 05:42:00,Returned,1609.5,0,14485.5
1834,204,2025-07-24 09:35:00,Cancelled,0,0,5997
1835,274,2025-05-10 11:33:00,Completed,1214.1,0,6879.9
1836,448,2025-12-07 01:21:00,Completed,764.1,0,6876.9
1837,427,2025-02-24 17:22:00,Completed,0,0,9996
1838,1,2025-04-19 01:43:00,Completed,0,0,15193
1839,134,2025-10-17 06:52:00,Completed,0,0,19292
1840,272,2025-08-30 05:26:00,Returned,0,0,1999
1841,191,2025-12-19 03:03:00,Completed,0,0,6243
1842,248,2025-05-21 21:21:00,Completed,654.75,0,12440.25
1843,313,2025-11-02 13:55:00,Completed,0,0,3598
1844,312,2025-01-05 10:15:00,Completed,1179.4,0,10614.6
1845,278,2025-05-28 21:50:00,Completed,0,0,3496
1846,116,2025-06-10 00:31:00,Completed,0,0,10395
1847,86,2025-12-26 19:03:00,Completed,0,0,11996
1848,476,2025-08-30 07:59:00,Returned,249.85,0,4747.15
1849,329,2025-10-07 23:15:00,Cancelled,0,0,8694
1850,343,2025-06-06 05:43:00,Completed,1034.55,0,5862.45
1851,251,2025-07-08 19:05:00,Completed,0,0,6998
1852,437,2025-11-23 01:23:00,Completed,139.8,79,1337.2
1853,138,2025-08-30 07:48:00,Completed,1349.4,0,7646.6
1854,58,2025-08-25 03:22:00,Cancelled,0,0,18293
1855,171,2025-04-29 15:32:00,Cancelled,0,79,1078
1856,112,2025-08-04 02:55:00,Completed,374.6,0,3371.4
1857,263,2025-08-31 16:34:00,Completed,149.9,79,1428.1
1858,244,2025-04-11 00:18:00,Cancelled,789.65,0,15003.35
1859,168,2025-12-05 06:59:00,Completed,247.2,0,1400.8
1860,443,2025-02-24 11:27:00,Returned,1629.2,0,14662.8
1861,478,2025-03-25 18:51:00,Completed,0,0,1599
1862,70,2025-10-28 19:36:00,Completed,0,0,23388
1863,58,2025-01-25 17:38:00,Cancelled,484.65,0,9208.35
1864,49,2025-12-27 02:34:00,Cancelled,2616.15,0,14824.85
1865,153,2025-11-14 21:39:00,Returned,3358.65,0,19032.35
1866,387,2025-09-24 04:33:00,Returned,0,79,1078
1867,37,2025-08-14 23:37:00,Completed,899.7,0,5098.3
1868,97,2025-11-24 19:58:00,Completed,159.95,0,3039.05
1869,271,2025-06-03 08:59:00,Completed,69.9,79,708.1
1870,390,2025-03-23 16:25:00,Cancelled,0,0,2499
1871,108,2025-09-28 16:21:00,Completed,0,0,7497
1872,252,2025-10-03 02:17:00,Completed,899.55,0,5097.45
1873,323,2025-03-27 03:28:00,Completed,0,0,2998
1874,442,2025-08-06 13:37:00,Completed,599.7,0,11394.3
1875,276,2025-01-11 23:29:00,Returned,0,0,2799
1876,11,2025-03-04 03:36:00,Completed,299.85,0,1699.15
1877,437,2025-10-21 15:19:00,Completed,1214.1,0,6879.9
1878,354,2025-09-29 10:52:00,Cancelled,0,0,2247
1879,146,2025-06-17 01:56:00,Completed,1724.25,0,9770.75
1880,106,2025-07-14 12:08:00,Completed,494.85,0,9402.15
1881,369,2025-11-03 12:36:00,Completed,0,0,5496
1882,279,2025-06-14 13:05:00,Completed,1659.3,0,14933.7
1883,300,2025-09-07 18:11:00,Completed,1416.75,0,8028.25
1884,338,2025-03-10 16:58:00,Completed,2949.1,0,26541.9
1885,3,2025-06-25 07:18:00,Completed,299.9,0,5698.1
1886,419,2025-12-27 21:26:00,Completed,389.7,0,3507.3
1887,325,2025-04-15 10:34:00,Returned,0,0,5796
1888,280,2025-01-01 04:31:00,Completed,69.9,79,708.1
1889,107,2025-08-05 04:59:00,Cancelled,104.85,0,1992.15
1890,233,2025-03-01 16:48:00,Cancelled,569.7,0,3228.3
1891,295,2025-01-23 13:31:00,Completed,1092.15,0,20750.85
1892,261,2025-08-21 08:55:00,Completed,0,0,12492
1893,64,2025-08-21 08:56:00,Completed,359.55,0,2037.45
1894,404,2025-02-24 12:53:00,Completed,0,0,6598
1895,258,2025-09-25 02:32:00,Completed,204.75,0,3890.25
1896,114,2025-04-30 06:25:00,Completed,0,0,13792
1897,468,2025-02-27 11:12:00,Cancelled,0,0,16393
1898,474,2025-05-15 02:41:00,Completed,899.7,0,17094.3
1899,237,2025-03-10 00:17:00,Completed,199.9,0,1799.1
1900,430,2025-12-27 08:06:00,Cancelled,1604.55,0,9092.45
1901,31,2025-11-15 15:45:00,Cancelled,0,0,13593
1902,374,2025-10-13 15:09:00,Returned,659.5,0,5935.5
1903,407,2025-03-15 05:18:00,Completed,1604.25,0,9090.75
1904,19,2025-04-09 09:24:00,Cancelled,1939.3,0,17453.7
1905,356,2025-12-01 05:03:00,Completed,524.85,0,9972.15
1906,201,2025-08-01 23:08:00,Completed,569.75,0,10825.25
1907,244,2025-11-06 10:01:00,Completed,0,79,978
1908,490,2025-10-16 00:01:00,Completed,0,0,4048
1909,88,2025-03-24 02:06:00,Completed,0,0,14792
1910,62,2025-01-13 08:20:00,Returned,839.25,0,4755.75
1911,243,2025-01-04 14:16:00,Completed,214.9,0,4083.1
1912,439,2025-03-09 05:23:00,Completed,0,0,2999
1913,93,2025-04-20 18:17:00,Completed,599.6,0,5396.4
1914,453,2025-04-03 12:39:00,Completed,869.7,0,16524.3
1915,49,2025-04-26 04:30:00,Completed,479.85,0,9117.15
1916,13,2025-12-13 04:17:00,Completed,0,0,3896
1917,55,2025-10-22 21:07:00,Completed,1499.7,0,8498.3
1918,388,2025-12-26 09:46:00,Cancelled,0,0,6991
1919,195,2025-01-31 00:32:00,Cancelled,0,0,13293
1920,421,2025-12-03 17:05:00,Cancelled,99.9,79,978.1
1921,318,2025-10-18 04:05:00,Completed,3306.15,0,18734.85
1922,202,2025-11-08 23:40:00,Completed,429.75,0,8165.25
1923,224,2025-05-19 14:02:00,Cancelled,689.4,0,6204.6
1924,141,2025-08-10 05:09:00,Returned,0,0,4999
1925,381,2025-09-09 21:47:00,Completed,0,0,2998
1926,390,2025-04-22 00:03:00,Completed,209.7,0,1887.3
1927,407,2025-05-30 23:45:00,Completed,2083.5,0,11806.5
1928,63,2025-05-10 03:25:00,Completed,99.9,79,978.1
1929,386,2025-11-18 04:52:00,Completed,1754.25,0,9940.75
1930,484,2025-10-23 23:29:00,Returned,449.85,0,2549.15
1931,154,2025-10-06 02:54:00,Cancelled,1139.1,0,6454.9
1932,142,2025-12-17 07:15:00,Completed,0,0,3897
1933,43,2025-02-19 16:56:00,Completed,1783.95,0,10109.05
1934,389,2025-10-21 09:09:00,Completed,0,0,4697
1935,391,2025-05-03 08:26:00,Completed,639.8,0,5758.2
1936,311,2025-11-02 08:18:00,Cancelled,0,0,8595
1937,282,2025-03-12 08:56:00,Returned,1349.55,0,7647.45
1938,353,2025-09-17 04:58:00,Completed,0,0,8645
1939,493,2025-07-20 04:02:00,Cancelled,0,0,10793
1940,117,2025-07-03 20:12:00,Completed,624.8,0,11871.2
1941,82,2025-11-14 03:49:00,Cancelled,0,0,9096
1942,481,2025-02-05 20:11:00,Returned,0,0,9993
1943,32,2025-08-26 19:11:00,Completed,139.8,79,1337.2
1944,28,2025-02-13 04:35:00,Completed,0,0,5698
1945,463,2025-03-07 18:47:00,Returned,884.55,0,16806.45
1946,255,2025-08-08 13:48:00,Completed,0,0,6195
1947,336,2025-04-01 04:28:00,Completed,689.7,0,3908.3
1948,171,2025-05-02 00:23:00,Completed,0,0,3397
1949,286,2025-08-04 02:31:00,Completed,0,0,13396
1950,343,2025-04-04 12:28:00,Completed,1169.25,0,6625.75
1951,453,2025-07-29 17:28:00,Cancelled,0,0,5994
1952,31,2025-11-24 06:23:00,Completed,119.85,79,758.15
1953,257,2025-10-17 15:19:00,Completed,239.85,0,4557.15
1954,158,2025-08-03 23:48:00,Completed,729.7,0,6567.3
1955,310,2025-07-02 05:22:00,Completed,749.7,0,14244.3
1956,330,2025-02-15 03:06:00,Returned,0,0,15093
1957,120,2025-06-07 07:21:00,Returned,2713.95,0,15379.05
1958,301,2025-08-03 17:01:00,Completed,0,0,5496
1959,160,2025-04-11 21:47:00,Completed,0,0,4999
1960,363,2025-07-25 01:19:00,Cancelled,2503.5,0,14186.5
1961,28,2025-01-30 06:10:00,Completed,2024.1,0,11469.9
1962,468,2025-01-26 02:05:00,Completed,99.95,0,1899.05
1963,417,2025-03-01 07:06:00,Returned,989.2,0,8902.8
1964,390,2025-07-01 21:45:00,Cancelled,0,79,1577
1965,332,2025-05-26 20:29:00,Cancelled,304.8,0,5791.2
1966,173,2025-09-29 05:45:00,Completed,134.85,79,843.15
1967,347,2025-08-16 16:47:00,Completed,1719.4,0,15474.6
1968,283,2025-12-20 16:07:00,Cancelled,2593.95,0,14699.05
1969,249,2025-06-23 07:02:00,Completed,3343.65,0,18947.35
1970,402,2025-06-30 14:55:00,Cancelled,99.95,0,1899.05
1971,100,2025-03-11 06:56:00,Completed,0,0,13895
1972,309,2025-12-09 12:35:00,Completed,804.5,0,15285.5
1973,224,2025-11-14 22:07:00,Completed,1329.5,0,11965.5
1974,422,2025-03-16 12:04:00,Completed,0,0,17891
1975,435,2025-04-19 22:47:00,Returned,0,0,2547
1976,71,2025-05-28 17:54:00,Completed,0,79,1078
1977,468,2025-02-24 23:27:00,Cancelled,0,0,3998
1978,76,2025-02-21 11:58:00,Completed,0,0,16090
1979,342,2025-11-11 10:14:00,Completed,124.95,0,2374.05
1980,420,2025-03-02 08:58:00,Completed,1049.2,0,9442.8
1981,283,2025-06-22 10:47:00,Completed,319.8,0,6076.2
1982,69,2025-04-30 18:23:00,Cancelled,0,0,12892
1983,237,2025-03-24 07:46:00,Completed,299.9,0,5698.1
1984,389,2025-07-09 08:27:00,Completed,0,0,15994
1985,424,2025-09-14 14:07:00,Completed,0,0,7191
1986,250,2025-06-12 09:14:00,Cancelled,499.9,0,9498.1
1987,431,2025-06-04 16:54:00,Completed,2669.2,0,24022.8
1988,207,2025-03-17 14:11:00,Cancelled,0,0,14195
1989,335,2025-07-13 21:13:00,Completed,2499.0,0,22491.0
1990,184,2025-11-06 04:13:00,Cancelled,1506.15,0,8534.85
1991,202,2025-10-30 21:14:00,Completed,0,0,5598
1992,4,2025-06-27 00:43:00,Cancelled,0,0,9295
1993,306,2025-08-19 13:16:00,Completed,1179.4,0,10614.6
1994,305,2025-08-26 15:45:00,Completed,0,0,18093
1995,426,2025-09-27 08:09:00,Completed,0,0,19094
1996,484,2025-11-26 04:30:00,Completed,249.9,0,4748.1
1997,219,2025-11-07 03:31:00,Completed,1477.05,0,28063.95
1998,429,2025-10-10 12:36:00,Cancelled,499.8,0,4498.2
1999,5,2025-04-17 18:54:00,Completed,2399.25,0,13595.75
2000,8,2025-02-18 08:11:00,Returned,1009.3,0,9083.7
2001,453,2025-01-10 06:51:00,Completed,3328.95,0,18864.05
2002,107,2025-04-05 13:53:00,Completed,0,0,3945
2003,442,2025-08-14 05:36:00,Completed,749.2,0,6742.8
2004,134,2025-02-01 05:56:00,Completed,0,0,6294
2005,93,2025-10-04 02:10:00,Cancelled,149.95,0,2849.05
2006,153,2025-10-16 13:03:00,Completed,929.65,0,17663.35
2007,106,2025-10-29 15:16:00,Cancelled,864.6,0,16427.4
2008,215,2025-09-11 11:48:00,Completed,749.85,0,4249.15
2009,341,2025-02-22 18:53:00,Completed,0,0,4999
2010,398,2025-06-03 07:39:00,Completed,0,0,6295
2011,491,2025-04-09 07:13:00,Completed,249.95,0,4749.05
2012,21,2025-03-20 11:57:00,Returned,814.65,0,15478.35
2013,169,2025-12-16 01:14:00,Completed,0,0,6146
2014,471,2025-03-25 18:27:00,Completed,34.95,79,743.05
2015,383,2025-10-03 20:14:00,Completed,232.2,0,1315.8
2016,228,2025-06-20 19:25:00,Completed,479.8,0,4318.2
2017,102,2025-02-08 15:29:00,Completed,1979.4,0,11216.6
2018,329,2025-02-17 18:13:00,Completed,0,0,9445
2019,52,2025-09-04 11:14:00,Returned,1159.1,0,10431.9
2020,197,2025-02-22 04:44:00,Completed,2383.8,0,13508.2
2021,162,2025-03-12 08:03:00,Completed,0,0,10095
2022,182,2025-01-06 10:06:00,Completed,0,0,12894
2023,122,2025-12-08 01:33:00,Completed,799.6,0,15192.4
2024,79,2025-02-17 16:34:00,Completed,0,0,12993
2025,396,2025-10-05 15:31:00,Completed,2383.8,0,13508.2
2026,182,2025-02-18 11:55:00,Cancelled,999.8,0,8998.2
2027,341,2025-05-29 13:17:00,Completed,943.95,0,5349.05
2028,499,2025-06-14 22:27:00,Returned,3199.0,0,28791.0
2029,338,2025-10-27 05:23:00,Completed,729.6,0,6566.4
2030,285,2025-03-23 05:11:00,Completed,0,0,3897
2031,374,2025-12-06 20:25:00,Completed,674.7,0,12819.3
2032,331,2025-01-07 02:54:00,Completed,359.55,0,2037.45
2033,90,2025-11-01 00:50:00,Completed,1144.7,0,21749.3
2034,424,2025-01-27 18:23:00,Completed,0,0,14996
2035,368,2025-04-29 19:04:00,Completed,0,79,1078
2036,391,2025-04-13 17:39:00,Completed,0,0,11597
2037,114,2025-07-15 00:44:00,Completed,1564.2,0,14077.8
2038,205,2025-02-26 21:47:00,Completed,0,0,1798
2039,145,2025-04-22 22:33:00,Returned,0,0,6496
2040,217,2025-02-16 14:52:00,Completed,229.8,0,2068.2
2041,7,2025-11-26 19:16:00,Completed,0,0,1598
2042,367,2025-02-20 12:22:00,Completed,1429.5,0,12865.5
2043,186,2025-09-02 13:57:00,Completed,0,0,23792
2044,168,2025-06-24 03:32:00,Cancelled,0,0,12993
2045,147,2025-10-14 07:28:00,Completed,249.8,0,4746.2
2046,400,2025-06-21 06:32:00,Completed,1379.25,0,7815.75
2047,382,2025-04-26 12:53:00,Completed,1243.95,0,7049.05
2048,376,2025-12-28 08:04:00,Returned,299.85,0,5697.15
2049,257,2025-06-22 20:56:00,Completed,3088.8,0,17503.2
2050,9,2025-01-17 18:49:00,Completed,949.2,0,8542.8
2051,151,2025-04-24 14:32:00,Cancelled,1689.4,0,15204.6
2052,278,2025-08-20 20:54:00,Completed,1933.8,0,10958.2
2053,189,2025-12-04 09:56:00,Returned,224.7,79,1352.3
2054,293,2025-01-18 01:09:00,Completed,2159.2,0,19432.8
2055,198,2025-01-11 09:15:00,Completed,804.65,0,15288.35
2056,304,2025-09-18 07:13:00,Completed,3013.8,0,17078.2
2057,94,2025-04-04 13:26:00,Completed,1986.3,0,11255.7
2058,169,2025-04-22 16:48:00,Completed,0,0,5998
2059,213,2025-04-15 09:43:00,Completed,2818.65,0,15972.35
2060,72,2025-03-02 22:29:00,Completed,1119.2,0,10072.8
2061,209,2025-07-20 06:11:00,Completed,449.85,0,2549.15
2062,243,2025-04-09 18:37:00,Completed,0,0,2997
2063,62,2025-10-15 04:26:00,Returned,0,0,14894
2064,217,2025-06-07 19:16:00,Completed,4018.5,0,22771.5
2065,498,2025-02-14 21:49:00,Completed,1663.95,0,9429.05
2066,231,2025-01-14 12:38:00,Completed,254.7,0,1443.3
2067,98,2025-01-02 11:16:00,Cancelled,254.7,0,4839.3
2068,416,2025-01-28 22:09:00,Returned,1439.55,0,8157.45
2069,213,2025-08-30 16:55:00,Completed,0,0,14989
2070,195,2025-11-30 08:56:00,Cancelled,0,0,3997
2071,397,2025-01-24 03:30:00,Completed,0,0,3997
2072,16,2025-09-20 20:34:00,Completed,319.9,0,2879.1
2073,271,2025-03-26 19:26:00,Cancelled,0,0,6495
2074,235,2025-03-17 16:32:00,Returned,0,0,16194
2075,277,2025-01-02 13:59:00,Cancelled,0,0,1698
2076,410,2025-08-30 12:25:00,Completed,104.85,79,673.15
2077,431,2025-01-09 07:39:00,Completed,0,0,28691
2078,412,2025-11-01 12:40:00,Returned,1049.4,0,9444.6
2079,42,2025-04-02 00:47:00,Returned,1719.4,0,15474.6
2080,10,2025-10-27 02:59:00,Completed,0,0,4698
2081,466,2025-05-17 18:28:00,Completed,299.7,0,2697.3
2082,1,2025-03-09 09:15:00,Completed,1269.5,0,11425.5
2083,257,2025-02-10 22:34:00,Completed,1408.95,0,7984.05
2084,76,2025-03-02 11:55:00,Returned,0,0,9291
2085,492,2025-03-07 07:27:00,Completed,857.15,0,16285.85
2086,159,2025-10-18 15:58:00,Returned,1424.55,0,8072.45
2087,199,2025-04-05 05:26:00,Cancelled,0,0,9996
2088,486,2025-10-19 18:26:00,Completed,2024.1,0,11469.9
2089,302,2025-11-05 23:35:00,Completed,979.5,0,8815.5
2090,264,2025-08-26 22:31:00,Completed,0,0,3097
2091,131,2025-09-26 05:03:00,Cancelled,989.1,0,5604.9
2092,500,2025-11-03 02:09:00,Completed,1419.2,0,12772.8
2093,76,2025-11-12 23:47:00,Completed,0,0,15093
2094,61,2025-01-09 06:33:00,Cancelled,1588.8,0,9003.2
2095,330,2025-06-17 21:24:00,Completed,929.55,0,5267.45
2096,29,2025-09-23 05:14:00,Completed,599.6,0,5396.4
2097,483,2025-02-22 19:16:00,Cancelled,0,0,22890
2098,44,2025-08-31 21:23:00,Completed,959.7,0,8637.3
2099,52,2025-09-27 13:36:00,Completed,0,0,12193
2100,163,2025-04-26 02:42:00,Completed,1224.4,0,11019.6
2101,329,2025-03-28 02:31:00,Completed,0,0,1998
2102,391,2025-12-06 05:02:00,Completed,1104.3,0,9938.7
2103,108,2025-08-24 01:12:00,Completed,244.8,0,4651.2
2104,312,2025-01-01 08:31:00,Completed,1439.55,0,8157.45
2105,444,2025-03-07 07:20:00,Completed,89.9,0,1708.1
2106,399,2025-11-08 02:50:00,Completed,0,79,1477
2107,356,2025-05-03 21:10:00,Cancelled,0,0,8695
2108,417,2025-02-07 17:50:00,Completed,449.7,0,2548.3
2109,374,2025-02-18 10:57:00,Completed,0,0,14193
2110,25,2025-11-28 15:52:00,Completed,0,0,6998
2111,126,2025-01-07 22:19:00,Completed,614.25,0,3480.75
2112,92,2025-02-11 17:01:00,Returned,0,0,4997
2113,264,2025-07-10 17:35:00,Completed,989.5,0,8905.5
2114,81,2025-11-08 22:21:00,Completed,1429.1,0,12861.9
2115,103,2025-01-29 06:38:00,Completed,559.4,0,5034.6
2116,259,2025-11-06 17:30:00,Completed,2159.1,0,12234.9
2117,277,2025-12-21 20:56:00,Completed,0,0,5046
2118,194,2025-02-21 03:21:00,Cancelled,714.6,0,6431.4
2119,96,2025-12-03 03:07:00,Cancelled,2474.25,0,14020.75
2120,348,2025-01-04 15:30:00,Completed,1168.95,0,6624.05
2121,471,2025-11-24 06:05:00,Completed,0,0,3198
2122,294,2025-06-23 23:15:00,Cancelled,0,0,8495
2123,168,2025-12-26 18:24:00,Completed,1499.1,0,8494.9
2124,9,2025-03-08 11:31:00,Cancelled,1404.4,0,12639.6
2125,22,2025-07-22 12:15:00,Completed,0,79,1578
2126,455,2025-11-25 02:41:00,Returned,914.1,0,5179.9
2127,85,2025-01-31 23:15:00,Returned,0,0,5998
2128,312,2025-05-15 10:10:00,Returned,1889.25,0,10705.75
2129,119,2025-02-27 18:41:00,Completed,734.4,0,6609.6
2130,339,2025-06-14 08:51:00,Completed,2309.25,0,13085.75
2131,145,2025-12-22 09:59:00,Completed,0,0,8246
2132,62,2025-10-08 19:24:00,Completed,1129.4,0,10164.6
2133,444,2025-03-27 19:50:00,Returned,624.7,0,11869.3
2134,195,2025-01-07 07:51:00,Completed,39.95,79,838.05
2135,217,2025-01-16 14:00:00,Completed,589.75,0,11205.25
2136,187,2025-01-14 02:23:00,Completed,0,0,4998
2137,217,2025-09-12 03:20:00,Completed,449.7,0,4047.3
2138,32,2025-07-11 04:11:00,Completed,1609.3,0,14483.7
2139,136,2025-01-29 22:24:00,Completed,0,0,20892
2140,371,2025-08-24 03:36:00,Returned,337.05,0,1909.95
2141,204,2025-08-11 23:59:00,Completed,0,0,10493
2142,366,2025-11-07 15:16:00,Returned,0,0,13893
2143,434,2025-08-31 23:05:00,Cancelled,0,0,6295
2144,185,2025-08-10 15:15:00,Completed,0,0,5696
2145,290,2025-07-27 09:16:00,Completed,0,0,4397
2146,479,2025-08-24 12:39:00,Cancelled,0,0,11396
2147,478,2025-12-30 05:14:00,Returned,0,0,14345
2148,49,2025-05-09 22:00:00,Completed,0,0,16142
2149,254,2025-12-04 02:38:00,Cancelled,327.25,0,6217.75
2150,442,2025-02-13 10:53:00,Completed,2849.1,0,16144.9
2151,319,2025-02-05 06:35:00,Completed,199.9,0,1799.1
2152,126,2025-04-20 21:09:00,Completed,0,0,11794
2153,454,2025-09-17 22:02:00,Completed,0,0,14893
2154,194,2025-01-18 10:39:00,Completed,122.35,0,2324.65
2155,373,2025-01-20 20:30:00,Returned,1269.4,0,11424.6
2156,401,2025-07-07 16:10:00,Completed,0,0,8095
2157,98,2025-09-18 21:22:00,Returned,1783.65,0,10107.35
2158,331,2025-10-28 06:06:00,Cancelled,704.25,0,3990.75
2159,363,2025-05-23 19:50:00,Completed,823.95,0,4669.05
2160,417,2025-06-10 00:55:00,Completed,0,0,7596
2161,68,2025-04-24 18:16:00,Completed,0,0,2999
2162,300,2025-12-27 17:51:00,Returned,389.7,0,2208.3
2163,288,2025-06-23 07:16:00,Completed,249.9,0,2249.1
2164,380,2025-12-24 05:08:00,Completed,1429.4,0,12864.6
2165,383,2025-09-16 22:31:00,Completed,2384.25,0,13510.75
2166,30,2025-06-18 21:34:00,Completed,0,0,8997
2167,358,2025-02-09 23:12:00,Returned,2098.95,0,11894.05
2168,275,2025-05-19 12:01:00,Returned,1344.2,0,12097.8
2169,453,2025-12-14 17:15:00,Completed,0,0,19792
2170,43,2025-07-16 12:08:00,Completed,79.9,0,1518.1
2171,376,2025-08-19 21:32:00,Completed,444.7,0,8449.3
2172,181,2025-02-21 05:16:00,Completed,2458.65,0,13932.35
2173,414,2025-09-29 04:18:00,Returned,149.9,79,1428.1
2174,181,2025-05-11 10:06:00,Completed,449.55,0,2547.45
2175,314,2025-08-30 09:00:00,Completed,884.5,0,7960.5
2176,263,2025-04-30 10:52:00,Completed,0,0,4998
2177,210,2025-04-10 01:56:00,Cancelled,0,0,17692
2178,24,2025-12-22 10:46:00,Completed,0,0,6696
2179,343,2025-10-24 00:37:00,Completed,254.7,0,1443.3
2180,445,2025-10-22 15:08:00,Completed,509.6,0,4586.4
2181,139,2025-09-27 00:19:00,Completed,159.95,0,3039.05
2182,385,2025-12-20 15:19:00,Cancelled,199.8,0,1798.2
2183,294,2025-05-09 21:01:00,Completed,899.7,0,8097.3
2184,87,2025-11-12 08:17:00,Completed,49.95,79,1028.05
2185,308,2025-03-13 10:33:00,Completed,159.95,0,3039.05
2186,21,2025-04-27 03:36:00,Returned,0,0,14591
2187,35,2025-09-20 13:47:00,Completed,0,0,15894
2188,164,2025-11-25 16:55:00,Completed,0,0,4695
2189,498,2025-08-08 00:47:00,Returned,809.5,0,7285.5
2190,476,2025-09-22 06:06:00,Completed,1049.55,0,5947.45
2191,337,2025-11-25 21:05:00,Completed,74.9,79,753.1
2192,257,2025-03-18 09:49:00,Completed,1849.0,0,16641.0
2193,121,2025-03-10 14:46:00,Completed,854.25,0,4840.75
2194,14,2025-03-19 05:14:00,Completed,1049.7,0,9447.3
2195,422,2025-05-20 22:34:00,Returned,1004.5,0,19085.5
2196,322,2025-08-16 13:31:00,Completed,1281.45,0,7261.55
2197,432,2025-08-20 23:13:00,Completed,0,0,4497
2198,253,2025-11-05 01:35:00,Cancelled,0,0,11994
2199,135,2025-10-09 16:28:00,Completed,274.8,0,2473.2
2200,41,2025-03-19 07:37:00,Completed,749.85,0,4249.15
2201,324,2025-06-20 23:05:00,Cancelled,1349.55,0,7647.45
2202,330,2025-07-18 20:50:00,Completed,379.7,0,3417.3
2203,19,2025-03-02 01:29:00,Cancelled,554.4,0,3141.6
2204,199,2025-10-11 19:57:00,Completed,179.75,0,3415.25
2205,462,2025-08-21 01:15:00,Returned,1693.95,0,9599.05
2206,442,2025-09-23 23:55:00,Completed,0,0,11395
2207,227,2025-05-01 23:06:00,Completed,0,0,8196
2208,226,2025-12-13 01:22:00,Completed,224.7,79,1352.3
2209,346,2025-04-24 16:17:00,Returned,0,0,16692
2210,498,2025-02-09 09:04:00,Completed,1709.3,0,15383.7
2211,228,2025-02-28 10:40:00,Completed,1049.7,0,9447.3
2212,317,2025-08-17 17:03:00,Completed,689.4,0,3906.6
2213,135,2025-07-30 15:36:00,Completed,199.8,0,1798.2
2214,417,2025-01-12 02:27:00,Completed,449.7,0,4047.3
2215,339,2025-04-17 03:22:00,Cancelled,2833.95,0,16059.05
2216,493,2025-10-14 23:13:00,Returned,0,0,8997
2217,287,2025-07-08 22:42:00,Completed,0,0,2697
2218,438,2025-07-10 02:35:00,Completed,0,0,3995
2219,150,2025-07-16 15:45:00,Completed,2279.1,0,20511.9
2220,380,2025-11-09 03:27:00,Completed,0,0,22342
2221,290,2025-10-10 02:41:00,Completed,99.9,0,1898.1
2222,198,2025-12-24 01:45:00,Cancelled,0,0,8895
2223,415,2025-03-06 17:25:00,Completed,364.85,0,6932.15
2224,295,2025-11-27 18:24:00,Returned,269.7,0,2427.3
2225,236,2025-03-05 19:47:00,Completed,0,0,13992
2226,90,2025-01-17 04:50:00,Completed,764.1,0,4329.9
2227,38,2025-04-17 23:28:00,Completed,0,0,4295
2228,243,2025-08-20 19:04:00,Completed,194.85,0,3702.15
2229,14,2025-11-12 05:13:00,Completed,729.7,0,13864.3
2230,445,2025-07-12 01:07:00,Cancelled,994.6,0,18897.4
2231,458,2025-11-10 20:21:00,Completed,1679.5,0,15115.5
2232,416,2025-02-17 09:38:00,Completed,494.85,0,9402.15
2233,499,2025-04-02 23:51:00,Completed,2443.95,0,13849.05
2234,247,2025-03-14 05:34:00,Cancelled,0,0,5996
2235,34,2025-05-10 11:17:00,Completed,449.7,0,4047.3
2236,298,2025-04-12 04:22:00,Completed,314.55,0,1782.45
2237,270,2025-09-22 14:37:00,Completed,524.8,0,9971.2
2238,299,2025-06-14 09:15:00,Completed,389.6,0,7402.4
2239,27,2025-01-31 03:46:00,Returned,0,0,11993
2240,118,2025-08-10 15:34:00,Completed,0,0,8595
2241,234,2025-02-19 01:39:00,Returned,954.4,0,8589.6
2242,334,2025-01-02 04:55:00,Completed,0,0,6996
2243,7,2025-07-26 01:03:00,Completed,1024.75,0,19470.25
2244,466,2025-12-23 00:43:00,Completed,0,0,16596
2245,404,2025-03-20 00:25:00,Completed,3823.5,0,21666.5
2246,10,2025-02-18 12:27:00,Completed,0,0,3748
2247,20,2025-01-17 10:14:00,Cancelled,669.7,0,6027.3
2248,336,2025-01-15 03:42:00,Returned,0,0,2499
2249,274,2025-06-07 06:14:00,Cancelled,0,0,3299
2250,93,2025-09-22 12:07:00,Completed,169.8,0,3226.2
2251,65,2025-04-21 09:11:00,Cancelled,1686.45,0,9556.55
2252,220,2025-04-09 08:11:00,Returned,0,0,1998
2253,385,2025-08-21 20:42:00,Completed,254.7,0,4839.3
2254,319,2025-08-30 07:22:00,Completed,0,0,8397
2255,492,2025-07-26 11:52:00,Completed,139.8,79,1337.2
2256,190,2025-05-07 20:32:00,Completed,679.4,0,6114.6
2257,358,2025-07-09 05:18:00,Completed,0,0,15394
2258,298,2025-12-24 22:44:00,Completed,0,0,4095
2259,149,2025-04-14 22:48:00,Completed,1089.4,0,9804.6
2260,487,2025-04-11 23:40:00,Cancelled,244.8,0,4651.2
2261,281,2025-06-18 16:47:00,Completed,399.7,0,3597.3
2262,76,2025-06-01 18:30:00,Cancelled,324.6,0,2921.4
2263,182,2025-04-25 21:32:00,Completed,0,0,8997
2264,46,2025-01-15 07:01:00,Completed,479.7,0,4317.3
2265,397,2025-01-03 03:17:00,Cancelled,0,0,16890
2266,68,2025-03-04 09:25:00,Completed,0,0,25393
2267,426,2025-11-21 05:24:00,Returned,1379.5,0,12415.5
2268,384,2025-10-27 18:40:00,Completed,989.7,0,5608.3
2269,259,2025-12-07 02:42:00,Completed,1259.25,0,7135.75
2270,46,2025-11-14 13:28:00,Returned,359.55,0,2037.45
2271,112,2025-06-18 07:38:00,Completed,0,0,2598
2272,180,2025-10-20 00:07:00,Completed,0,0,5094
2273,100,2025-04-26 07:17:00,Completed,0,0,4195
2274,274,2025-02-21 09:02:00,Cancelled,0,0,14543
2275,38,2025-05-09 17:05:00,Completed,0,0,13543
2276,272,2025-10-15 13:54:00,Completed,0,0,8997
2277,449,2025-11-14 19:02:00,Completed,989.6,0,18802.4
2278,284,2025-05-14 04:03:00,Completed,1859.1,0,10534.9
2279,249,2025-10-30 03:13:00,Cancelled,0,0,15593
2280,449,2025-03-11 22:06:00,Cancelled,0,0,14594
2281,285,2025-12-02 02:18:00,Completed,899.7,0,8097.3
2282,163,2025-03-11 15:59:00,Returned,84.9,79,843.1
2283,435,2025-09-19 11:31:00,Completed,0,0,13195
2284,155,2025-11-11 03:42:00,Completed,0,0,1998
2285,329,2025-03-19 03:22:00,Completed,0,0,7497
2286,472,2025-06-21 06:21:00,Completed,1172.1,0,22269.9
2287,86,2025-06-15 05:48:00,Returned,0,0,19791
2288,299,2025-10-05 19:45:00,Cancelled,384.65,0,7308.35
2289,292,2025-11-03 07:03:00,Completed,1019.4,0,9174.6
2290,188,2025-07-06 16:18:00,Completed,889.7,0,8007.3
2291,69,2025-12-01 11:25:00,Completed,0,79,1477
2292,12,2025-12-06 01:05:00,Completed,1159.2,0,10432.8
2293,134,2025-01-21 22:32:00,Completed,199.9,0,1799.1
2294,278,2025-11-03 01:43:00,Completed,134.85,79,843.15
2295,4,2025-08-30 13:10:00,Completed,0,0,2598
2296,118,2025-03-15 17:09:00,Completed,659.55,0,3737.45
2297,242,2025-06-17 04:33:00,Completed,0,0,5046
2298,372,2025-10-11 08:28:00,Cancelled,0,0,1998
2299,480,2025-05-07 11:42:00,Completed,2354.25,0,13340.75
2300,68,2025-01-04 13:18:00,Completed,0,0,14592
2301,66,2025-10-04 00:54:00,Completed,239.85,0,1359.15
2302,466,2025-12-31 10:15:00,Completed,0,0,1698
2303,390,2025-02-18 20:16:00,Completed,0,0,12490
2304,44,2025-11-25 16:43:00,Cancelled,799.7,0,7197.3
2305,329,2025-12-30 00:43:00,Completed,1459.2,0,13132.8
2306,477,2025-05-03 23:25:00,Cancelled,839.7,0,4758.3
2307,491,2025-06-26 15:50:00,Completed,0,0,6193
2308,309,2025-08-09 18:40:00,Completed,0,0,14992
2309,35,2025-01-25 12:21:00,Completed,759.4,0,6834.6
2310,74,2025-08-16 13:05:00,Completed,0,0,17793
2311,144,2025-04-10 15:46:00,Completed,384.8,0,7311.2
2312,397,2025-09-13 05:20:00,Completed,699.8,0,13296.2
2313,3,2025-01-17 08:05:00,Completed,369.75,0,7025.25
2314,483,2025-07-23 19:06:00,Completed,0,0,14794
2315,289,2025-07-13 00:10:00,Completed,0,0,4698
2316,337,2025-03-15 19:50:00,Completed,2174.1,0,12319.9
2317,269,2025-07-18 07:02:00,Completed,899.7,0,8097.3
2318,95,2025-12-20 19:38:00,Completed,0,0,11394
2319,45,2025-07-28 14:34:00,Completed,0,0,4497
2320,91,2025-07-27 12:38:00,Completed,0,0,10995
2321,81,2025-09-14 01:19:00,Cancelled,2249.4,0,12746.6
2322,55,2025-10-23 07:41:00,Completed,599.5,0,5395.5
2323,310,2025-02-01 00:03:00,Returned,2249.55,0,12747.45
2324,221,2025-02-20 12:09:00,Completed,389.65,0,7403.35
2325,497,2025-11-04 09:00:00,Returned,0,0,12992
2326,43,2025-07-17 20:40:00,Completed,899.55,0,17091.45
2327,228,2025-01-07 23:07:00,Cancelled,1399.4,0,12594.6
2328,497,2025-08-04 22:27:00,Completed,149.9,79,1428.1
2329,35,2025-03-06 00:50:00,Cancelled,479.7,0,9114.3
2330,281,2025-01-29 13:42:00,Completed,0,0,2999
2331,346,2025-02-28 12:30:00,Returned,0,0,9695
2332,351,2025-09-06 03:34:00,Completed,2099.25,0,11895.75
2333,332,2025-09-20 11:26:00,Completed,0,0,13793
2334,481,2025-05-06 14:53:00,Completed,0,0,5094
2335,360,2025-12-24 02:13:00,Completed,0,0,6843
2336,498,2025-09-03 17:45:00,Completed,404.55,0,2292.45
2337,411,2025-12-16 15:26:00,Completed,419.85,0,2379.15
2338,22,2025-02-18 03:49:00,Completed,0,0,5998
2339,202,2025-05-30 05:27:00,Completed,0,0,6497
2340,162,2025-06-26 07:51:00,Completed,2713.65,0,15377.35
2341,262,2025-05-31 18:27:00,Completed,219.75,0,4175.25
2342,12,2025-06-07 13:40:00,Completed,1359.3,0,12233.7
2343,476,2025-06-20 03:09:00,Returned,79.9,79,798.1
2344,365,2025-09-10 05:38:00,Completed,0,0,20193
2345,68,2025-10-22 03:19:00,Completed,1799.5,0,16195.5
2346,439,2025-12-20 22:42:00,Returned,319.8,0,2878.2
2347,238,2025-03-12 11:07:00,Cancelled,1904.25,0,10790.75
2348,69,2025-02-17 09:28:00,Cancelled,0,0,11895
2349,475,2025-10-18 22:45:00,Completed,0,0,15793
2350,101,2025-07-28 20:14:00,Returned,0,0,1548
2351,71,2025-03-19 00:52:00,Completed,0,0,11893
2352,386,2025-04-19 13:54:00,Completed,0,0,30239
2353,196,2025-01-05 10:40:00,Returned,741.75,0,4203.25
2354,470,2025-08-03 08:36:00,Returned,0,79,1378
2355,319,2025-07-09 02:58:00,Cancelled,0,0,7996
2356,461,2025-06-19 09:25:00,Completed,2451.0,0,13889.0
2357,147,2025-05-11 20:04:00,Completed,689.5,0,6205.5
2358,175,2025-02-08 21:13:00,Completed,0,0,5395
2359,159,2025-08-23 10:22:00,Cancelled,494.85,0,2804.15
2360,53,2025-07-26 16:59:00,Completed,0,0,16292
2361,20,2025-03-21 14:50:00,Returned,1349.55,0,7647.45
2362,331,2025-12-27 06:30:00,Returned,0,79,878
2363,265,2025-07-19 13:51:00,Cancelled,2893.5,0,16396.5
2364,340,2025-04-12 05:26:00,Completed,914.65,0,17378.35
2365,330,2025-10-04 02:37:00,Completed,2054.25,0,11640.75
2366,395,2025-09-18 05:18:00,Completed,0,0,27190
2367,349,2025-06-19 17:52:00,Completed,854.4,0,4841.6
2368,105,2025-03-22 14:11:00,Completed,364.6,0,6927.4
2369,85,2025-06-13 04:55:00,Cancelled,629.5,0,5665.5
2370,482,2025-01-04 17:58:00,Cancelled,2019.1,0,18171.9
2371,234,2025-03-01 03:56:00,Cancelled,2863.8,0,16228.2
2372,102,2025-01-01 19:03:00,Completed,0,0,16693
2373,346,2025-05-29 15:13:00,Returned,449.7,0,4047.3
2374,241,2025-02-18 19:53:00,Returned,984.0,0,8856.0
2375,396,2025-07-24 12:49:00,Completed,0,0,12594
2376,315,2025-07-07 04:10:00,Completed,899.55,0,5097.45
2377,491,2025-12-22 05:08:00,Completed,104.85,79,673.15
2378,235,2025-01-11 11:44:00,Completed,0,0,17990
2379,465,2025-06-18 01:47:00,Returned,349.9,0,3149.1
2380,215,2025-01-05 00:32:00,Completed,0,0,13494
2381,433,2025-08-28 10:38:00,Completed,1559.25,0,8835.75
2382,184,2025-09-09 02:38:00,Completed,479.7,0,4317.3
2383,292,2025-02-16 08:24:00,Completed,0,0,11595
2384,217,2025-07-06 04:49:00,Cancelled,539.75,0,10255.25
2385,462,2025-03-27 23:31:00,Returned,0,0,3598
2386,280,2025-07-20 21:03:00,Completed,1769.25,0,10025.75
2387,144,2025-04-17 04:31:00,Completed,1714.2,0,15427.8
2388,365,2025-04-13 00:05:00,Completed,0,0,10497
2389,421,2025-11-01 18:15:00,Completed,0,0,10342
2390,358,2025-05-23 02:21:00,Cancelled,0,0,13044
2391,473,2025-05-15 22:14:00,Returned,0,0,8792
2392,404,2025-02-12 04:08:00,Returned,0,0,15191
2393,467,2025-04-23 02:53:00,Completed,674.55,0,3822.45
2394,346,2025-05-06 00:55:00,Cancelled,1581.45,0,8961.55
2395,383,2025-06-07 04:42:00,Completed,0,0,4295
2396,208,2025-09-06 13:30:00,Returned,149.8,79,1427.2
2397,446,2025-03-06 21:33:00,Cancelled,689.25,0,3905.75
2398,13,2025-02-14 23:41:00,Completed,0,0,12196
2399,218,2025-08-10 13:28:00,Cancelled,0,0,2997
2400,330,2025-07-23 02:25:00,Completed,2564.1,0,14529.9
2401,1,2025-08-26 09:37:00,Cancelled,0,0,9396
2402,175,2025-11-15 15:30:00,Completed,799.5,0,7195.5
2403,13,2025-10-09 06:58:00,Cancelled,554.75,0,10540.25
2404,396,2025-08-14 03:57:00,Completed,1004.25,0,5690.75
2405,445,2025-07-22 11:51:00,Completed,507.15,0,9635.85
2406,3,2025-11-05 05:16:00,Completed,432.25,0,8212.75
2407,26,2025-11-17 07:41:00,Completed,0,0,4298
2408,175,2025-11-21 00:04:00,Returned,4168.65,0,23622.35
2409,77,2025-04-03 05:14:00,Completed,829.5,0,7465.5
2410,11,2025-03-11 08:50:00,Completed,779.6,0,14812.4
2411,358,2025-06-17 15:56:00,Returned,139.8,79,1337.2
2412,189,2025-07-28 21:49:00,Completed,569.75,0,10825.25
2413,482,2025-07-10 07:16:00,Completed,139.8,79,1337.2
2414,500,2025-10-02 21:52:00,Completed,1041.6,0,5902.4
2415,339,2025-06-30 20:35:00,Completed,259.7,0,2337.3
2416,266,2025-06-10 07:09:00,Completed,0,0,9341
2417,396,2025-11-30 13:49:00,Cancelled,549.6,0,4946.4
2418,354,2025-06-22 17:02:00,Completed,0,0,3198
2419,370,2025-01-17 19:11:00,Cancelled,1719.5,0,15475.5
2420,144,2025-03-30 19:48:00,Completed,0,0,6398
2421,465,2025-03-14 18:20:00,Completed,0,0,4396
2422,287,2025-06-29 03:22:00,Completed,0,0,5597
2423,49,2025-06-09 06:21:00,Completed,899.7,0,5098.3
2424,396,2025-12-17 21:43:00,Returned,0,0,4795
2425,409,2025-02-21 03:09:00,Completed,0,0,6395
2426,419,2025-05-16 04:35:00,Completed,3613.8,0,20478.2
2427,284,2025-12-13 11:22:00,Completed,0,0,6993
2428,119,2025-06-15 03:05:00,Completed,1374.3,0,12368.7
2429,473,2025-08-02 04:30:00,Completed,0,0,1598
2430,227,2025-05-09 12:06:00,Completed,279.9,0,5318.1
2431,369,2025-03-27 13:16:00,Completed,959.25,0,5435.75
2432,262,2025-12-02 14:25:00,Completed,0,0,2997
2433,293,2025-04-30 02:38:00,Completed,449.7,0,8544.3
2434,224,2025-09-10 01:19:00,Completed,1259.55,0,7137.45
2435,277,2025-03-15 04:58:00,Returned,3223.95,0,18269.05
2436,491,2025-01-20 09:32:00,Completed,0,0,4797
2437,75,2025-07-09 19:52:00,Completed,0,0,19792
2438,131,2025-03-09 15:23:00,Completed,4138.8,0,23453.2
2439,384,2025-05-27 20:16:00,Completed,0,0,2247
2440,128,2025-08-12 19:23:00,Completed,0,0,10497
2441,248,2025-09-05 03:43:00,Returned,279.9,0,2519.1
2442,350,2025-10-27 03:43:00,Completed,0,0,8597
2443,261,2025-02-27 13:09:00,Returned,1574.55,0,8922.45
2444,118,2025-11-13 04:10:00,Completed,499.7,0,4497.3
2445,348,2025-08-24 13:49:00,Completed,0,0,3998
2446,264,2025-12-16 14:31:00,Completed,504.7,0,9589.3
2447,6,2025-04-01 00:08:00,Returned,342.1,0,6499.9
2448,451,2025-01-29 05:38:00,Completed,3088.95,0,17504.05
2449,140,2025-07-28 21:44:00,Completed,0,0,12993
2450,278,2025-09-16 03:02:00,Completed,0,0,4397
2451,447,2025-06-10 03:15:00,Completed,0,0,17294
2452,51,2025-05-01 17:42:00,Cancelled,374.7,0,2123.3
2453,351,2025-02-09 21:24:00,Cancelled,79.9,79,798.1
2454,122,2025-10-03 18:43:00,Returned,89.9,79,888.1
2455,7,2025-08-27 23:32:00,Cancelled,0,0,2547
2456,67,2025-02-11 08:44:00,Returned,0,0,6998
2457,59,2025-08-11 07:17:00,Cancelled,549.7,0,4947.3
2458,271,2025-07-10 02:48:00,Completed,84.9,0,1613.1
2459,133,2025-07-06 13:38:00,Completed,769.6,0,6926.4
2460,308,2025-04-06 14:27:00,Completed,199.8,0,1798.2
2461,353,2025-12-12 16:32:00,Completed,439.5,0,3955.5
2462,69,2025-07-25 12:59:00,Completed,0,0,6996
2463,51,2025-04-11 17:54:00,Cancelled,1804.5,0,34285.5
2464,493,2025-02-05 09:19:00,Completed,0,0,23293
2465,413,2025-08-23 13:49:00,Completed,0,0,12094
2466,308,2025-07-23 17:47:00,Completed,114.85,0,2182.15
2467,161,2025-07-13 17:36:00,Completed,0,0,14293
2468,350,2025-11-05 20:14:00,Completed,0,0,8996
2469,59,2025-12-05 20:10:00,Completed,899.7,0,5098.3
2470,144,2025-02-02 01:58:00,Completed,0,0,8997
2471,49,2025-02-11 17:28:00,Completed,0,0,11496
2472,99,2025-01-11 02:34:00,Completed,3103.5,0,17586.5
2473,336,2025-05-10 18:30:00,Completed,0,0,14945
2474,280,2025-07-29 10:26:00,Completed,314.55,0,1782.45
2475,482,2025-01-05 13:04:00,Completed,359.8,0,3238.2
2476,425,2025-02-18 05:38:00,Completed,1589.4,0,14304.6
2477,157,2025-11-08 13:13:00,Completed,0,0,7497
2478,437,2025-12-20 22:37:00,Returned,0,0,8997
2479,59,2025-04-17 20:52:00,Completed,0,0,9092
2480,114,2025-12-20 06:26:00,Completed,509.7,0,9684.3
2481,297,2025-01-19 01:19:00,Returned,0,0,1998
2482,183,2025-06-01 11:33:00,Completed,779.4,0,4416.6
2483,281,2025-03-05 04:30:00,Completed,342.35,0,6504.65
2484,225,2025-05-20 02:53:00,Cancelled,244.8,0,4651.2
2485,445,2025-08-04 05:57:00,Completed,944.7,0,5353.3
2486,120,2025-10-20 19:16:00,Completed,0,0,9895
2487,200,2025-04-22 01:38:00,Completed,269.7,0,2427.3
2488,339,2025-06-22 19:02:00,Returned,0,0,17091
2489,384,2025-11-09 19:55:00,Completed,0,0,6398
2490,334,2025-02-17 13:25:00,Cancelled,0,0,2499
2491,241,2025-04-09 13:28:00,Completed,0,0,15491
2492,68,2025-11-30 05:41:00,Completed,0,0,5794
2493,376,2025-05-01 13:20:00,Completed,0,0,3897
2494,149,2025-05-18 05:18:00,Cancelled,899.7,0,17094.3
2495,358,2025-11-04 09:28:00,Completed,482.2,0,9161.8
2496,141,2025-01-05 19:51:00,Cancelled,1034.1,0,5859.9
2497,362,2025-02-03 06:29:00,Completed,1311.6,0,7432.4
2498,261,2025-04-02 12:55:00,Completed,0,0,5997
2499,197,2025-06-13 19:17:00,Completed,1349.7,0,12147.3
2500,222,2025-10-26 21:59:00,Completed,0,0,10997
2501,197,2025-02-17 18:16:00,Completed,104.85,79,673.15
2502,428,2025-11-15 07:50:00,Completed,439.7,0,3957.3
2503,345,2025-04-01 16:47:00,Completed,2173.8,0,12318.2
2504,118,2025-05-02 08:13:00,Completed,0,0,10843
2505,223,2025-07-05 09:11:00,Completed,0,0,16395
2506,169,2025-06-25 00:28:00,Completed,0,0,12395
2507,325,2025-09-25 19:23:00,Cancelled,969.2,0,8722.8
2508,168,2025-04-18 10:38:00,Completed,0,0,21391
2509,20,2025-10-31 18:21:00,Completed,107.35,0,2039.65
2510,379,2025-11-09 20:25:00,Returned,861.9,0,16376.1
2511,9,2025-07-29 22:06:00,Completed,0,0,2397
2512,434,2025-05-14 19:28:00,Completed,299.85,0,1699.15
2513,408,2025-08-18 03:21:00,Completed,1303.95,0,7389.05
2514,217,2025-01-11 21:06:00,Completed,2533.8,0,14358.2
2515,295,2025-09-22 10:01:00,Completed,0,0,14792
2516,176,2025-06-09 01:08:00,Returned,1319.1,0,7474.9
2517,86,2025-06-19 14:07:00,Completed,0,0,5998
2518,276,2025-06-15 22:31:00,Completed,1059.6,0,9536.4
2519,265,2025-11-28 09:36:00,Completed,0,0,21192
2520,12,2025-02-10 04:28:00,Cancelled,1192.05,0,22648.95
2521,465,2025-12-29 15:29:00,Completed,0,0,15094
2522,111,2025-05-10 09:43:00,Completed,569.25,0,3225.75
2523,383,2025-05-06 07:06:00,Cancelled,0,0,2999
2524,226,2025-12-14 13:05:00,Completed,0,0,3199
2525,155,2025-05-24 11:29:00,Completed,1079.6,0,20512.4
2526,261,2025-11-11 17:58:00,Cancelled,0,0,9640
2527,430,2025-09-15 22:21:00,Completed,1079.6,0,9716.4
2528,239,2025-08-03 17:30:00,Completed,0,79,778
2529,216,2025-08-28 11:05:00,Completed,0,0,13794
2530,319,2025-10-29 01:50:00,Completed,0,0,1998
2531,191,2025-07-23 11:46:00,Cancelled,309.75,0,5885.25
2532,269,2025-06-20 20:42:00,Completed,1439.5,0,12955.5
2533,17,2025-11-20 21:58:00,Returned,699.8,0,6298.2
2534,438,2025-10-20 23:05:00,Completed,299.7,0,1698.3
2535,423,2025-08-04 02:05:00,Cancelled,1769.1,0,15921.9
2536,206,2025-08-07 02:19:00,Returned,1289.3,0,11603.7
2537,250,2025-12-09 00:17:00,Returned,0,0,14890
2538,365,2025-03-10 11:25:00,Completed,0,0,8744
2539,2,2025-04-03 18:45:00,Completed,2038.8,0,11553.2
2540,217,2025-03-31 04:04:00,Completed,0,79,1578
2541,273,2025-07-18 12:02:00,Completed,2199.1,0,19791.9
2542,174,2025-03-27 08:29:00,Completed,929.65,0,17663.35
2543,9,2025-12-11 05:58:00,Returned,157.3,0,2988.7
2544,276,2025-12-16 22:48:00,Completed,217.3,0,4128.7
2545,259,2025-12-12 06:00:00,Completed,1664.1,0,9429.9
2546,179,2025-04-18 19:59:00,Cancelled,1034.6,0,19657.4
2547,414,2025-11-14 01:51:00,Cancelled,2459.1,0,13934.9
2548,193,2025-08-24 11:48:00,Cancelled,599.7,0,3398.3
2549,160,2025-09-30 18:05:00,Cancelled,524.85,0,2974.15
2550,420,2025-05-13 12:12:00,Completed,0,0,6697
2551,449,2025-07-09 18:29:00,Returned,0,0,11496
2552,264,2025-06-10 04:30:00,Completed,0,0,10794
2553,43,2025-06-20 20:22:00,Completed,0,0,9497
2554,31,2025-06-07 09:00:00,Completed,2878.5,0,16311.5
2555,156,2025-12-06 10:20:00,Completed,0,0,15791
2556,303,2025-02-20 04:26:00,Cancelled,0,0,22093
2557,470,2025-02-22 00:26:00,Completed,0,0,32988
2558,341,2025-05-09 04:51:00,Returned,0,0,8997
2559,423,2025-09-15 04:09:00,Returned,179.8,0,1618.2
2560,333,2025-07-15 19:36:00,Completed,212.3,0,4033.7
2561,294,2025-12-29 02:47:00,Completed,0,0,4497
2562,339,2025-11-21 20:59:00,Returned,0,0,13692
2563,81,2025-03-16 00:02:00,Returned,1393.95,0,7899.05
2564,481,2025-03-04 04:39:00,Completed,0,0,3198
2565,170,2025-12-13 16:56:00,Returned,1349.55,0,7647.45
2566,9,2025-07-14 01:18:00,Cancelled,249.95,0,4749.05
2567,215,2025-07-03 09:56:00,Completed,0,0,20593
2568,446,2025-02-12 20:32:00,Returned,449.7,0,4047.3
2569,322,2025-07-01 13:51:00,Completed,539.25,0,3055.75
2570,227,2025-07-15 11:27:00,Returned,0,0,14895
2571,332,2025-03-07 04:53:00,Cancelled,0,0,2499
2572,196,2025-01-05 08:30:00,Cancelled,0,0,12695
2573,63,2025-05-12 16:37:00,Completed,854.7,0,16239.3
2574,38,2025-10-29 22:48:00,Completed,1439.5,0,12955.5
2575,288,2025-05-03 18:22:00,Completed,1789.2,0,16102.8
2576,5,2025-10-12 08:55:00,Cancelled,0,0,16440
2577,397,2025-12-06 21:34:00,Returned,1086.9,0,6159.1
2578,390,2025-02-26 16:13:00,Completed,1214.55,0,6882.45
2579,176,2025-08-07 17:46:00,Completed,324.6,0,6167.4
2580,113,2025-09-03 08:46:00,Completed,234.85,0,4462.15
2581,42,2025-09-02 10:57:00,Completed,952.1,0,18089.9
2582,363,2025-08-23 08:05:00,Returned,479.7,0,4317.3
2583,220,2025-08-16 10:48:00,Completed,254.7,0,2292.3
2584,132,2025-06-21 07:17:00,Cancelled,2391.3,0,13550.7
2585,226,2025-09-29 19:27:00,Completed,0,0,10497
2586,378,2025-09-16 05:03:00,Completed,0,0,32789
2587,473,2025-05-24 04:08:00,Cancelled,1359.3,0,12233.7
2588,211,2025-10-11 01:36:00,Returned,769.65,0,14623.35
2589,407,2025-04-15 06:58:00,Completed,0,0,4998
2590,383,2025-05-04 11:50:00,Cancelled,0,0,13392
2591,126,2025-10-27 04:57:00,Completed,169.8,0,1528.2
2592,477,2025-07-26 20:44:00,Completed,4798.5,0,27191.5
2593,55,2025-11-03 22:09:00,Returned,0,0,17792
2594,44,2025-07-02 10:46:00,Returned,369.6,0,3326.4
2595,175,2025-06-13 17:08:00,Completed,0,0,15996
2596,190,2025-07-23 15:41:00,Cancelled,0,0,18192
2597,426,2025-06-25 02:42:00,Cancelled,0,0,2547
2598,248,2025-07-11 11:04:00,Completed,0,0,7794
2599,220,2025-05-22 19:34:00,Completed,1064.4,0,9579.6
2600,226,2025-08-16 13:22:00,Completed,489.75,0,9305.25
2601,135,2025-11-29 22:13:00,Returned,0,0,5793
2602,441,2025-07-30 18:11:00,Completed,299.7,0,1698.3
2603,250,2025-07-27 22:15:00,Completed,74.95,79,1503.05
2604,238,2025-08-27 03:03:00,Returned,64.95,79,1313.05
2605,237,2025-08-21 07:49:00,Completed,0,0,11892
2606,181,2025-07-07 14:32:00,Completed,1668.9,0,15020.1
2607,49,2025-07-21 17:21:00,Returned,1394.55,0,7902.45
2608,495,2025-07-10 11:35:00,Completed,744.4,0,6699.6
2609,23,2025-03-21 16:49:00,Completed,0,0,6598
2610,110,2025-12-02 20:19:00,Completed,159.9,0,1439.1
2611,129,2025-07-25 18:28:00,Returned,209.7,0,1887.3
2612,251,2025-12-22 07:18:00,Completed,0,0,8343
2613,481,2025-05-26 11:45:00,Completed,0,0,2598
2614,312,2025-07-18 03:01:00,Completed,1509.2,0,13582.8
2615,405,2025-11-27 08:36:00,Completed,1874.2,0,16867.8
2616,57,2025-07-06 18:51:00,Completed,634.7,0,12059.3
2617,361,2025-09-27 19:26:00,Completed,0,0,24491
2618,119,2025-06-26 03:48:00,Completed,0,0,4998
2619,310,2025-08-28 09:10:00,Completed,274.7,0,5219.3
2620,365,2025-10-18 13:28:00,Completed,0,0,11543
2621,345,2025-04-27 11:49:00,Returned,0,0,12593
2622,122,2025-08-30 18:16:00,Returned,1349.55,0,7647.45
2623,220,2025-10-26 03:05:00,Completed,0,0,13297
2624,444,2025-03-23 12:05:00,Completed,1569.1,0,14121.9
2625,323,2025-11-19 08:24:00,Completed,899.75,0,17095.25
2626,474,2025-02-09 03:33:00,Completed,0,0,17294
2627,74,2025-01-30 06:35:00,Returned,99.9,79,978.1
2628,263,2025-06-04 03:34:00,Completed,1829.25,0,10365.75
2629,102,2025-05-05 10:17:00,Completed,129.9,79,1248.1
2630,278,2025-04-17 12:00:00,Completed,149.8,79,1427.2
2631,240,2025-09-05 01:46:00,Cancelled,239.7,0,2157.3
2632,56,2025-10-06 07:49:00,Completed,0,0,17190
2633,95,2025-02-18 15:09:00,Completed,232.2,0,4411.8
2634,257,2025-07-19 18:14:00,Completed,949.75,0,18045.25
2635,132,2025-11-11 13:29:00,Completed,0,0,2997
2636,19,2025-06-15 22:57:00,Returned,854.4,0,4841.6
2637,495,2025-10-17 23:45:00,Completed,0,0,1998
2638,417,2025-12-05 03:45:00,Cancelled,0,0,22689
2639,204,2025-10-06 04:37:00,Completed,2114.25,0,11980.75
2640,327,2025-07-23 23:08:00,Completed,0,0,4998
2641,293,2025-01-13 17:45:00,Cancelled,317.2,0,6026.8
2642,119,2025-09-15 09:12:00,Returned,199.9,0,3798.1
2643,123,2025-06-17 02:30:00,Completed,0,0,17692
2644,449,2025-03-25 23:05:00,Completed,374.85,0,2124.15
2645,97,2025-02-14 18:21:00,Completed,954.2,0,8587.8
2646,42,2025-09-06 22:01:00,Completed,449.7,0,2548.3
2647,465,2025-01-30 18:19:00,Completed,0,0,6697
2648,130,2025-10-04 07:48:00,Returned,0,0,15993
2649,233,2025-07-26 14:29:00,Returned,2338.8,0,13253.2
2650,347,2025-11-22 21:53:00,Completed,0,79,978
2651,116,2025-04-01 08:37:00,Completed,382.15,0,7260.85
2652,440,2025-01-23 18:19:00,Returned,744.65,0,14148.35
2653,248,2025-01-27 14:38:00,Cancelled,0,0,4496
2654,248,2025-10-22 15:25:00,Completed,1416.3,0,8025.7
2655,78,2025-03-27 12:43:00,Cancelled,0,0,4696
2656,297,2025-01-06 19:32:00,Completed,1933.5,0,10956.5
2657,473,2025-11-29 22:55:00,Completed,0,0,9897
2658,401,2025-10-08 15:02:00,Cancelled,1761.45,0,9981.55
2659,458,2025-07-28 04:24:00,Completed,1204.4,0,10839.6
2660,184,2025-03-05 04:35:00,Cancelled,0,0,22641
2661,119,2025-04-09 21:49:00,Completed,449.85,0,2549.15
2662,476,2025-04-28 08:17:00,Completed,0,0,8997
2663,290,2025-05-13 22:14:00,Returned,449.85,0,8547.15
2664,98,2025-06-24 14:34:00,Completed,0,0,12794
2665,367,2025-01-25 01:50:00,Completed,499.3,0,4493.7
2666,126,2025-02-24 03:37:00,Returned,34.95,79,743.05
2667,494,2025-06-09 04:33:00,Completed,339.75,0,6455.25
2668,246,2025-10-13 13:35:00,Cancelled,0,0,24692
2669,63,2025-05-08 02:58:00,Completed,374.85,0,7122.15
2670,206,2025-08-01 06:37:00,Cancelled,479.4,0,4314.6
2671,471,2025-09-23 15:12:00,Returned,34.95,79,743.05
2672,186,2025-07-29 05:36:00,Completed,0,0,9295
2673,278,2025-10-13 16:00:00,Completed,0,0,3998
2674,92,2025-09-27 15:19:00,Completed,0,0,2999
2675,375,2025-12-27 20:48:00,Completed,89.9,0,1708.1
2676,485,2025-05-20 02:25:00,Completed,1619.3,0,14573.7
2677,333,2025-01-10 03:22:00,Completed,699.4,0,6294.6
2678,247,2025-10-01 10:18:00,Returned,2084.25,0,11810.75
2679,73,2025-05-02 22:35:00,Completed,1993.95,0,11299.05
2680,118,2025-03-10 12:31:00,Completed,714.3,0,6428.7
2681,49,2025-07-06 01:46:00,Completed,1731.45,0,9811.55
2682,24,2025-03-03 17:09:00,Cancelled,1299.3,0,11693.7
2683,426,2025-05-18 18:41:00,Completed,1114.55,0,21176.45
2684,416,2025-03-05 02:27:00,Completed,0,0,22192
2685,469,2025-04-04 09:35:00,Completed,0,0,2597
2686,308,2025-02-10 16:59:00,Cancelled,2999.25,0,16995.75
2687,373,2025-08-19 07:48:00,Returned,0,0,23692
2688,441,2025-06-05 19:57:00,Completed,834.6,0,15857.4
2689,458,2025-09-23 21:41:00,Completed,92.4,0,1755.6
2690,332,2025-01-10 20:18:00,Completed,0,0,4695
2691,147,2025-01-05 19:04:00,Completed,0,0,4495
2692,196,2025-12-22 22:53:00,Completed,0,0,5196
2693,212,2025-11-03 07:03:00,Cancelled,0,0,2097
2694,348,2025-06-20 04:29:00,Completed,0,0,2598
2695,203,2025-06-09 02:16:00,Completed,869.25,0,4925.75
2696,65,2025-11-09 07:13:00,Completed,0,0,22993
2697,316,2025-08-02 21:26:00,Returned,769.4,0,6924.6
2698,380,2025-06-04 14:46:00,Completed,3388.8,0,19203.2
2699,361,2025-11-22 01:27:00,Completed,0,0,11992
2700,163,2025-05-14 21:03:00,Returned,2338.95,0,13254.05
2701,371,2025-12-28 23:03:00,Returned,2023.95,0,11469.05
2702,301,2025-01-10 08:20:00,Completed,2174.25,0,12320.75
2703,172,2025-08-22 06:15:00,Cancelled,0,79,1078
2704,120,2025-05-22 10:15:00,Returned,674.85,0,12822.15
2705,433,2025-04-02 04:18:00,Completed,709.4,0,6384.6
2706,29,2025-05-04 07:22:00,Completed,449.85,0,8547.15
2707,420,2025-01-15 15:45:00,Completed,394.7,0,7499.3
2708,140,2025-03-19 04:57:00,Returned,1589.25,0,9005.75
2709,191,2025-07-10 02:08:00,Completed,0,0,11995
2710,47,2025-05-08 23:56:00,Completed,0,0,4497
2711,313,2025-05-11 02:39:00,Returned,1109.3,0,9983.7
2712,89,2025-09-21 20:41:00,Completed,859.4,0,7734.6
2713,433,2025-02-08 21:42:00,Cancelled,459.7,0,4137.3
2714,482,2025-02-07 10:02:00,Completed,1889.4,0,17004.6
2715,415,2025-07-03 21:41:00,Completed,0,0,23491
2716,22,2025-10-31 01:06:00,Completed,0,0,3198
2717,376,2025-04-21 19:09:00,Completed,0,0,2097
2718,144,2025-07-20 21:07:00,Completed,329.55,0,1867.45
2719,363,2025-10-02 23:22:00,Completed,1558.95,0,8834.05
2720,172,2025-07-24 17:34:00,Completed,2214.3,0,19928.7
2721,422,2025-01-01 23:40:00,Cancelled,0,0,3198
2722,235,2025-04-18 11:26:00,Completed,0,0,9597
2723,492,2025-10-01 07:03:00,Completed,1476.15,0,8364.85
2724,105,2025-07-30 14:57:00,Completed,1129.4,0,10164.6
2725,264,2025-08-02 14:23:00,Completed,939.4,0,8454.6
2726,180,2025-12-09 19:50:00,Completed,2199.0,0,19791.0
2727,302,2025-03-17 00:46:00,Completed,224.8,0,4271.2
2728,123,2025-08-29 22:30:00,Completed,859.7,0,7737.3
2729,247,2025-02-25 18:50:00,Completed,0,0,7894
2730,341,2025-01-30 04:23:00,Completed,0,0,20093
2731,382,2025-01-19 21:36:00,Cancelled,469.5,0,4225.5
2732,267,2025-09-19 15:08:00,Completed,0,0,16593
2733,15,2025-01-16 18:05:00,Completed,2759.25,0,15635.75
2734,10,2025-09-09 22:45:00,Completed,1439.55,0,8157.45
2735,161,2025-05-19 13:48:00,Completed,157.3,0,2988.7
2736,268,2025-11-07 12:10:00,Completed,0,0,18194
2737,66,2025-05-08 01:08:00,Completed,0,0,19493
2738,185,2025-02-10 21:23:00,Cancelled,104.85,79,673.15
2739,396,2025-09-17 00:21:00,Completed,1559.4,0,14034.6
2740,284,2025-05-31 08:31:00,Returned,299.7,0,2697.3
2741,214,2025-02-12 10:08:00,Completed,0,0,9594
2742,410,2025-05-13 22:35:00,Completed,0,0,6245
2743,121,2025-08-25 02:19:00,Completed,0,79,1078
2744,17,2025-12-23 04:24:00,Returned,894.0,0,8046.0
2745,197,2025-02-13 00:16:00,Completed,0,0,2247
2746,418,2025-10-25 19:08:00,Returned,2728.95,0,15464.05
2747,343,2025-04-19 09:04:00,Completed,0,0,3897
2748,265,2025-02-23 03:54:00,Cancelled,79.95,0,1519.05
2749,358,2025-12-27 07:10:00,Completed,0,0,9597
2750,160,2025-08-19 01:32:00,Completed,2053.95,0,11639.05
2751,270,2025-04-19 02:01:00,Completed,139.8,79,1337.2
2752,162,2025-08-31 04:48:00,Completed,0,0,13192
2753,440,2025-08-19 08:16:00,Cancelled,1933.65,0,10957.35
2754,46,2025-04-06 20:25:00,Completed,0,0,3998
2755,86,2025-08-07 14:22:00,Completed,34.95,79,743.05
2756,474,2025-07-23 07:05:00,Returned,374.85,0,2124.15
2757,208,2025-11-26 10:18:00,Completed,0,0,9998
2758,20,2025-07-18 09:01:00,Completed,592.15,0,11250.85
2759,194,2025-11-22 20:37:00,Cancelled,0,0,2996
2760,414,2025-02-24 00:03:00,Completed,2653.8,0,15038.2
2761,305,2025-04-12 06:52:00,Completed,1329.1,0,11961.9
2762,19,2025-05-23 19:01:00,Completed,69.9,79,1407.1
2763,484,2025-07-02 10:54:00,Cancelled,519.5,0,9870.5
2764,374,2025-07-28 22:59:00,Completed,0,0,14294
2765,185,2025-05-05 00:56:00,Completed,734.65,0,13958.35
2766,369,2025-07-17 22:07:00,Returned,0,0,10492
2767,260,2025-09-11 22:46:00,Completed,254.75,0,4840.25
2768,428,2025-11-15 04:55:00,Completed,1378.95,0,7814.05
2769,406,2025-03-05 15:58:00,Cancelled,0,0,21790
2770,447,2025-04-28 10:29:00,Cancelled,172.35,0,3274.65
2771,202,2025-12-24 18:35:00,Cancelled,439.6,0,3956.4
2772,420,2025-10-31 17:44:00,Cancelled,1649.1,0,9344.9
2773,129,2025-12-05 04:30:00,Returned,139.8,79,1337.2
2774,495,2025-03-19 11:20:00,Completed,419.85,0,2379.15
2775,200,2025-01-28 00:03:00,Returned,0,0,3897
2776,419,2025-06-17 13:04:00,Completed,0,0,1998
2777,133,2025-05-10 23:39:00,Returned,0,0,2999
2778,25,2025-12-11 23:35:00,Cancelled,884.5,0,7960.5
2779,320,2025-01-27 21:43:00,Returned,629.65,0,11963.35
2780,64,2025-09-10 21:56:00,Completed,609.5,0,5485.5
2781,311,2025-03-12 04:04:00,Cancelled,0,0,7997
2782,373,2025-07-23 09:07:00,Completed,1149.4,0,10344.6
2783,123,2025-08-05 16:12:00,Completed,159.8,0,1438.2
2784,8,2025-05-05 04:14:00,Cancelled,0,0,2997
2785,176,2025-03-13 17:09:00,Returned,1494.55,0,28396.45
2786,434,2025-11-16 18:20:00,Completed,919.75,0,17475.25
2787,155,2025-12-17 16:17:00,Completed,0,0,4295
2788,219,2025-05-12 00:38:00,Returned,839.7,0,7557.3
2789,44,2025-06-20 10:44:00,Completed,0,0,8997
2790,272,2025-09-03 19:03:00,Completed,694.65,0,13198.35
2791,489,2025-05-01 14:10:00,Completed,1949.25,0,11045.75
2792,38,2025-10-02 00:11:00,Cancelled,669.4,0,6024.6
2793,101,2025-11-05 11:31:00,Cancelled,824.65,0,15668.35
2794,38,2025-02-02 15:43:00,Completed,1649.3,0,14843.7
2795,54,2025-02-22 05:23:00,Cancelled,0,0,11295
2796,204,2025-05-08 01:47:00,Cancelled,1949.25,0,11045.75
2797,262,2025-08-27 07:58:00,Completed,1049.7,0,5948.3
2798,104,2025-02-12 05:40:00,Completed,304.75,0,5790.25
2799,95,2025-01-02 15:08:00,Completed,0,0,1698
2800,152,2025-03-12 17:30:00,Completed,0,0,2397
2801,314,2025-12-24 13:48:00,Completed,0,0,18142
2802,490,2025-07-06 02:02:00,Cancelled,254.7,0,1443.3
2803,364,2025-03-07 04:27:00,Completed,0,0,7497
2804,69,2025-03-08 07:20:00,Completed,0,0,3746
2805,350,2025-03-14 20:17:00,Completed,2458.8,0,13933.2
2806,447,2025-08-01 22:25:00,Completed,239.7,0,1358.3
2807,429,2025-10-13 15:46:00,Returned,529.75,0,10065.25
2808,33,2025-01-10 12:06:00,Completed,864.55,0,16426.45
2809,283,2025-01-15 03:21:00,Returned,89.9,0,1708.1
2810,298,2025-07-31 22:10:00,Cancelled,49.95,79,1028.05
2811,61,2025-07-03 00:20:00,Completed,382.1,0,7259.9
2812,363,2025-06-19 11:10:00,Returned,0,0,23994
2813,258,2025-10-08 06:29:00,Returned,619.5,0,11770.5
2814,208,2025-03-31 10:47:00,Returned,0,0,2348
2815,469,2025-06-18 05:52:00,Completed,2713.95,0,15379.05
2816,276,2025-04-01 12:02:00,Completed,959.7,0,5438.3
2817,10,2025-05-02 00:16:00,Completed,0,0,1998
2818,222,2025-02-04 09:52:00,Completed,234.75,0,4460.25
2819,339,2025-07-06 19:56:00,Completed,419.85,0,7977.15
2820,209,2025-08-15 10:28:00,Completed,0,0,3897
2821,304,2025-10-08 07:01:00,Returned,539.75,0,10255.25
2822,45,2025-07-19 00:35:00,Cancelled,0,0,8146
2823,60,2025-04-16 06:24:00,Returned,0,0,22391
2824,344,2025-09-17 20:36:00,Cancelled,0,0,5796
2825,383,2025-05-07 23:53:00,Cancelled,0,0,21190
2826,109,2025-09-24 21:31:00,Returned,2361.15,0,13379.85
2827,204,2025-09-20 20:06:00,Cancelled,0,0,8194
2828,5,2025-11-27 00:30:00,Completed,492.0,0,9348.0
2829,142,2025-02-26 01:28:00,Completed,529.75,0,10065.25
2830,335,2025-04-29 09:49:00,Completed,0,0,10894
2831,297,2025-11-30 16:13:00,Cancelled,2309.1,0,20781.9
2832,260,2025-06-10 14:32:00,Completed,0,0,14291
2833,347,2025-01-20 15:53:00,Returned,0,0,20094
2834,239,2025-07-18 03:56:00,Returned,0,0,14394
2835,261,2025-10-01 06:24:00,Cancelled,1934.4,0,10961.6
2836,145,2025-01-07 07:57:00,Completed,0,0,16091
2837,45,2025-03-12 21:51:00,Completed,1144.7,0,21749.3
2838,146,2025-11-16 14:09:00,Completed,0,0,3299
2839,138,2025-09-04 15:04:00,Completed,857.05,0,16283.95
2840,22,2025-03-18 01:02:00,Completed,0,0,1798
2841,215,2025-06-08 08:59:00,Completed,1169.25,0,6625.75
2842,475,2025-12-06 19:05:00,Returned,0,0,5796
2843,377,2025-07-27 03:57:00,Completed,0,0,9696
2844,198,2025-06-01 09:26:00,Cancelled,369.7,0,7024.3
2845,171,2025-01-27 04:26:00,Completed,1243.95,0,7049.05
2846,473,2025-04-21 07:41:00,Completed,1978.95,0,11214.05
2847,356,2025-05-06 12:36:00,Completed,0,0,1798
2848,32,2025-10-16 14:23:00,Completed,299.9,0,2699.1
2849,20,2025-08-10 20:58:00,Completed,0,0,4998
2850,20,2025-01-29 06:37:00,Completed,0,0,20093
2851,196,2025-04-04 23:04:00,Cancelled,0,0,5544
2852,81,2025-10-23 12:50:00,Returned,0,0,4597
2853,44,2025-03-23 05:58:00,Completed,0,0,10497
2854,262,2025-04-30 20:29:00,Completed,4033.95,0,22859.05
2855,252,2025-10-05 17:56:00,Completed,0,0,6697
2856,82,2025-12-21 21:33:00,Returned,249.9,0,2249.1
2857,284,2025-01-28 09:16:00,Completed,0,0,17591
2858,214,2025-12-21 00:41:00,Completed,1079.5,0,9715.5
2859,232,2025-10-09 14:44:00,Completed,808.95,0,4584.05
2860,214,2025-06-12 15:29:00,Completed,0,79,878
2861,264,2025-09-14 19:29:00,Completed,1911.75,0,10833.25
2862,458,2025-07-25 21:46:00,Completed,0,0,10494
2863,483,2025-08-06 01:21:00,Completed,1554.1,0,13986.9
2864,242,2025-10-23 11:40:00,Completed,0,0,10596
2865,390,2025-05-15 04:35:00,Returned,0,0,4696
2866,310,2025-02-13 19:35:00,Returned,0,0,5644
2867,1,2025-12-21 16:49:00,Returned,0,0,21492
2868,242,2025-05-27 01:18:00,Completed,379.5,0,3415.5
2869,195,2025-08-20 22:09:00,Returned,0,0,7596
2870,474,2025-01-01 01:43:00,Completed,389.7,0,2208.3
2871,15,2025-04-01 00:23:00,Completed,0,0,7695
2872,361,2025-12-16 19:11:00,Completed,0,0,5997
2873,462,2025-08-29 11:57:00,Cancelled,1709.0,0,15381.0
2874,131,2025-03-27 11:09:00,Completed,0,0,15195
2875,399,2025-04-19 14:18:00,Completed,1589.4,0,14304.6
2876,408,2025-07-22 23:36:00,Returned,939.2,0,8452.8
2877,414,2025-08-23 09:38:00,Returned,224.85,0,4272.15
2878,371,2025-07-20 16:32:00,Completed,329.75,0,6265.25
2879,206,2025-03-29 09:47:00,Completed,1514.1,0,8579.9
2880,286,2025-08-12 06:11:00,Completed,0,0,19392
2881,462,2025-03-01 02:44:00,Completed,1273.95,0,7219.05
2882,284,2025-12-09 23:20:00,Cancelled,1499.55,0,8497.45
2883,61,2025-09-14 21:13:00,Completed,1069.4,0,9624.6
2884,80,2025-06-27 19:31:00,Returned,1439.4,0,8156.6
2885,422,2025-10-22 16:55:00,Completed,0,79,928
2886,241,2025-12-16 08:38:00,Returned,1409.4,0,7986.6
2887,479,2025-08-22 03:30:00,Returned,1429.5,0,12865.5
2888,256,2025-06-22 17:03:00,Completed,2758.95,0,15634.05
2889,333,2025-11-13 14:37:00,Cancelled,739.55,0,14051.45
2890,121,2025-05-23 00:07:00,Cancelled,264.85,0,5032.15
2891,223,2025-04-04 22:29:00,Completed,49.95,79,1028.05
2892,459,2025-05-08 16:38:00,Completed,899.7,0,5098.3
2893,404,2025-05-31 15:38:00,Completed,0,0,13491
2894,360,2025-05-03 01:51:00,Completed,239.7,0,1358.3
2895,266,2025-01-16 10:14:00,Completed,0,0,20693
2896,429,2025-08-14 21:11:00,Returned,1799.2,0,16192.8
2897,442,2025-02-02 03:08:00,Returned,0,0,9897
2898,279,2025-04-06 17:57:00,Completed,0,0,5998
2899,357,2025-06-02 11:39:00,Cancelled,437.25,0,8307.75
2900,41,2025-09-25 00:10:00,Returned,869.7,0,4928.3
2901,196,2025-08-10 18:02:00,Completed,1386.6,0,7857.4
2902,355,2025-09-30 09:28:00,Completed,0,0,14495
2903,277,2025-10-12 14:05:00,Returned,829.8,0,7468.2
2904,268,2025-08-12 09:08:00,Completed,0,0,21689
2905,74,2025-09-28 14:47:00,Completed,0,79,1078
2906,468,2025-09-05 14:35:00,Completed,2234.1,0,12659.9
2907,422,2025-04-24 08:40:00,Returned,0,0,5795
2908,440,2025-08-20 15:41:00,Returned,349.9,0,6648.1
2909,174,2025-09-29 11:45:00,Cancelled,0,0,32390
2910,282,2025-06-26 14:59:00,Completed,1134.7,0,21559.3
2911,149,2025-07-30 16:38:00,Returned,0,0,11595
2912,54,2025-02-23 13:30:00,Cancelled,449.7,0,4047.3
2913,205,2025-11-27 14:14:00,Cancelled,2379.0,0,21411.0
2914,383,2025-04-27 06:11:00,Returned,252.3,0,4793.7
2915,309,2025-06-19 11:34:00,Completed,847.05,0,16093.95
2916,431,2025-10-31 21:53:00,Completed,219.7,0,1977.3
2917,326,2025-10-12 19:20:00,Completed,0,0,2499
2918,441,2025-05-06 18:32:00,Completed,449.55,0,2547.45
2919,47,2025-07-12 04:34:00,Completed,0,0,6894
2920,457,2025-10-08 02:02:00,Cancelled,0,0,2598
2921,235,2025-05-24 06:20:00,Completed,914.65,0,17378.35
2922,188,2025-11-08 13:42:00,Cancelled,1739.1,0,9854.9
2923,314,2025-10-19 11:23:00,Completed,0,0,14793
2924,59,2025-06-03 16:23:00,Completed,104.85,79,673.15
2925,483,2025-03-24 22:20:00,Completed,4363.65,0,24727.35
2926,397,2025-02-08 12:41:00,Completed,0,0,7497
2927,154,2025-07-11 15:18:00,Returned,0,0,16295
2928,323,2025-07-17 19:56:00,Completed,917.15,0,17425.85
2929,89,2025-02-16 05:47:00,Completed,0,0,15595
2930,129,2025-02-16 05:51:00,Returned,34.95,79,743.05
2931,182,2025-09-02 18:20:00,Cancelled,399.8,0,3598.2
2932,468,2025-05-10 02:08:00,Returned,0,0,11596
2933,284,2025-11-01 02:50:00,Completed,309.75,0,5885.25
2934,36,2025-04-14 06:38:00,Returned,524.75,0,9970.25
2935,60,2025-03-01 04:01:00,Completed,0,0,9897
2936,21,2025-02-17 09:37:00,Completed,2249.55,0,12747.45
2937,26,2025-10-12 17:41:00,Cancelled,199.8,0,1798.2
2938,415,2025-07-04 05:12:00,Completed,0,0,2997
2939,79,2025-02-05 21:13:00,Completed,0,0,7696
2940,452,2025-11-17 12:31:00,Completed,906.75,0,5138.25
2941,48,2025-11-13 03:56:00,Cancelled,0,0,15494
2942,391,2025-05-08 08:51:00,Completed,749.4,0,6744.6
2943,177,2025-01-30 22:31:00,Completed,769.7,0,6927.3
2944,61,2025-07-21 00:53:00,Completed,0,0,14492
2945,314,2025-07-14 06:03:00,Completed,3088.5,0,17501.5
2946,204,2025-12-18 19:15:00,Returned,0,0,9595
2947,253,2025-02-25 23:43:00,Completed,599.7,0,5397.3
2948,141,2025-12-02 01:35:00,Completed,0,0,10997
2949,410,2025-07-27 10:56:00,Cancelled,0,0,9990
2950,240,2025-06-21 19:46:00,Completed,1657.0,0,31483.0
2951,485,2025-06-22 23:17:00,Completed,0,0,11344
2952,266,2025-03-26 07:27:00,Completed,374.55,0,2122.45
2953,75,2025-05-04 17:01:00,Completed,284.65,0,5408.35
2954,216,2025-05-21 16:27:00,Returned,669.5,0,6025.5
2955,55,2025-08-23 10:22:00,Completed,0,0,20891
2956,53,2025-02-26 23:49:00,Completed,509.75,0,9685.25
2957,360,2025-07-14 02:04:00,Completed,0,0,8345
2958,312,2025-03-27 12:47:00,Returned,279.9,0,5318.1
2959,195,2025-06-29 08:11:00,Returned,0,0,10193
2960,414,2025-01-14 06:18:00,Returned,1234.2,0,11107.8
2961,15,2025-01-05 07:00:00,Completed,0,0,1698
2962,255,2025-03-18 07:33:00,Completed,0,0,17291
2963,189,2025-12-03 01:37:00,Completed,0,0,16990
2964,350,2025-07-04 01:34:00,Completed,329.9,0,6268.1
2965,124,2025-05-21 16:40:00,Completed,1379.5,0,12415.5
2966,415,2025-09-07 18:21:00,Returned,854.65,0,16238.35
2967,384,2025-07-18 13:36:00,Completed,1829.2,0,16462.8
2968,244,2025-06-25 05:32:00,Completed,0,0,2598
2969,105,2025-05-19 09:29:00,Cancelled,0,0,19794
2970,365,2025-04-19 17:14:00,Completed,0,0,7742
2971,7,2025-08-27 17:06:00,Completed,0,0,21393
2972,439,2025-05-19 18:19:00,Cancelled,0,0,27291
2973,366,2025-06-29 04:50:00,Cancelled,899.4,0,5096.6
2974,366,2025-07-03 12:42:00,Completed,0,0,3299
2975,454,2025-06-16 12:17:00,Returned,0,0,17490
2976,444,2025-08-28 01:43:00,Cancelled,0,0,14393
2977,62,2025-02-08 09:59:00,Completed,0,0,17193
2978,389,2025-10-23 14:23:00,Completed,644.4,0,3651.6
2979,440,2025-11-30 10:45:00,Completed,434.5,0,3910.5
2980,3,2025-01-29 15:35:00,Cancelled,0,0,5998
2981,172,2025-02-18 05:05:00,Returned,0,79,778
2982,248,2025-10-20 18:03:00,Cancelled,0,0,23590
2983,111,2025-10-20 20:23:00,Completed,159.8,0,1438.2
2984,69,2025-02-25 22:00:00,Completed,0,0,8694
2985,24,2025-05-06 15:33:00,Completed,1618.95,0,9174.05
2986,121,2025-05-20 16:17:00,Cancelled,629.25,0,3565.75
2987,443,2025-07-29 21:11:00,Cancelled,824.55,0,15666.45
2988,69,2025-08-07 15:25:00,Completed,2736.6,0,15507.4
2989,256,2025-09-02 18:22:00,Completed,329.9,0,6268.1
2990,387,2025-03-18 01:11:00,Completed,0,0,3998
2991,340,2025-05-11 11:10:00,Completed,1619.2,0,14572.8
2992,172,2025-02-14 13:32:00,Completed,739.6,0,6656.4
2993,63,2025-03-06 10:45:00,Cancelled,0,0,3696
2994,431,2025-04-18 12:46:00,Completed,0,0,12596
2995,133,2025-03-08 04:34:00,Completed,0,0,17343
2996,173,2025-10-24 06:06:00,Completed,0,0,5694
2997,279,2025-12-21 18:19:00,Completed,1119.6,0,10076.4
2998,137,2025-04-12 06:14:00,Completed,0,0,2097
2999,144,2025-07-07 12:40:00,Completed,0,0,7194
3000,238,2025-04-23 14:06:00,Cancelled,1228.8,0,6963.2
3001,458,2025-12-01 20:24:00,Completed,0,0,10293
3002,251,2025-12-07 22:34:00,Completed,0,0,16443
3003,102,2025-11-28 19:27:00,Cancelled,1191.45,0,6751.55
3004,326,2025-10-20 01:14:00,Cancelled,819.6,0,15572.4
3005,122,2025-03-26 03:38:00,Cancelled,0,0,7294
3006,170,2025-01-06 12:27:00,Completed,0,0,21392
3007,425,2025-10-18 18:43:00,Cancelled,0,0,17190
3008,271,2025-06-21 05:19:00,Completed,0,0,27591
3009,152,2025-04-16 18:43:00,Completed,591.75,0,3353.25
3010,4,2025-04-13 17:36:00,Completed,504.6,0,9587.4
3011,39,2025-08-29 01:32:00,Completed,0,0,6046
3012,340,2025-03-16 23:51:00,Completed,0,0,5546
3013,377,2025-07-19 21:50:00,Completed,792.3,0,15053.7
3014,232,2025-05-18 18:13:00,Cancelled,239.7,0,2157.3
3015,409,2025-02-19 18:07:00,Completed,719.55,0,4077.45
3016,203,2025-01-12 23:28:00,Completed,719.4,0,4076.6
3017,322,2025-12-20 06:42:00,Completed,0,0,5245
3018,344,2025-01-12 19:12:00,Completed,79.9,0,1518.1
3019,56,2025-01-08 09:22:00,Completed,189.75,0,3605.25
3020,469,2025-09-10 06:44:00,Completed,1219.5,0,23170.5
3021,224,2025-06-26 02:35:00,Completed,2646.0,0,14994.0
3022,228,2025-05-21 07:52:00,Completed,2511.6,0,14232.4
3023,203,2025-03-22 23:20:00,Completed,2024.1,0,11469.9
3024,144,2025-07-21 19:40:00,Completed,774.3,0,6968.7
3025,169,2025-04-01 03:11:00,Completed,0,0,16994
3026,280,2025-01-24 06:21:00,Completed,0,0,13843
3027,207,2025-05-13 14:17:00,Completed,279.8,0,5316.2
3028,387,2025-05-02 23:36:00,Returned,0,0,17388
3029,463,2025-11-24 01:02:00,Completed,1259.55,0,7137.45
3030,111,2025-04-21 11:08:00,Cancelled,0,0,18590
3031,86,2025-10-28 10:50:00,Completed,0,0,2748
3032,439,2025-05-31 11:54:00,Completed,34.95,79,743.05
3033,29,2025-07-17 23:58:00,Returned,254.7,0,1443.3
3034,395,2025-10-24 03:12:00,Completed,1619.25,0,9175.75
3035,427,2025-10-23 13:34:00,Completed,149.8,79,1427.2
3036,248,2025-01-04 17:00:00,Returned,772.15,0,14670.85
3037,252,2025-12-26 03:38:00,Completed,0,0,8997
3038,417,2025-03-13 02:48:00,Completed,874.75,0,16620.25
3039,341,2025-01-27 06:30:00,Returned,89.9,0,1708.1
3040,285,2025-06-28 12:09:00,Returned,0,0,13093
3041,404,2025-03-09 23:02:00,Returned,0,0,16495
3042,163,2025-09-09 21:05:00,Completed,389.7,0,3507.3
3043,426,2025-11-26 02:34:00,Completed,0,0,8997
3044,433,2025-11-08 07:12:00,Completed,1934.1,0,10959.9
3045,298,2025-03-11 01:27:00,Completed,1064.25,0,6030.75
3046,285,2025-12-03 22:32:00,Returned,599.7,0,5397.3
3047,293,2025-07-27 17:03:00,Completed,0,0,8497
3048,406,2025-08-05 00:33:00,Completed,0,0,10091
3049,360,2025-02-08 22:39:00,Completed,104.85,79,673.15
3050,140,2025-08-06 18:20:00,Completed,474.7,0,9019.3
3051,18,2025-07-31 04:44:00,Completed,2728.95,0,15464.05
3052,469,2025-06-28 18:41:00,Completed,0,0,14441
3053,318,2025-07-03 14:59:00,Returned,3238.9,0,29150.1
3054,386,2025-07-19 19:05:00,Cancelled,0,0,16194
3055,323,2025-07-25 03:30:00,Completed,1884.1,0,16956.9
3056,44,2025-03-03 12:24:00,Completed,1489.1,0,13401.9
3057,305,2025-11-20 21:26:00,Completed,129.9,0,2468.1
3058,81,2025-09-12 23:31:00,Returned,0,0,19495
3059,368,2025-03-17 10:09:00,Completed,889.7,0,8007.3
3060,1,2025-09-24 10:47:00,Cancelled,359.8,0,6836.2
3061,174,2025-03-18 00:40:00,Completed,0,0,6098
3062,140,2025-07-10 13:01:00,Completed,0,0,4598
3063,4,2025-11-06 02:56:00,Completed,0,0,8292
3064,442,2025-01-16 17:59:00,Completed,1199.4,0,10794.6
3065,303,2025-10-06 04:44:00,Completed,0,0,2999
3066,477,2025-09-29 04:14:00,Completed,854.1,0,4839.9
3067,258,2025-02-25 20:00:00,Completed,2659.0,0,23931.0
3068,348,2025-06-20 11:32:00,Completed,2173.65,0,12317.35
3069,74,2025-04-11 23:48:00,Completed,0,0,10395
3070,328,2025-06-14 06:20:00,Completed,1439.55,0,8157.45
3071,284,2025-01-13 10:02:00,Completed,0,0,15891
3072,493,2025-08-30 05:00:00,Completed,0,0,12041
3073,280,2025-09-11 09:20:00,Returned,0,0,14193
3074,285,2025-07-04 19:12:00,Completed,0,0,14543
3075,431,2025-06-01 22:57:00,Completed,509.5,0,4585.5
3076,143,2025-05-27 11:09:00,Cancelled,1311.75,0,7433.25
3077,436,2025-09-03 03:51:00,Completed,0,0,6543
3078,222,2025-11-12 14:01:00,Completed,0,0,10497
3079,116,2025-05-31 09:38:00,Cancelled,1521.0,0,8619.0
3080,48,2025-09-01 16:25:00,Completed,0,0,8394
3081,311,2025-05-11 06:29:00,Completed,1124.4,0,6371.6
3082,488,2025-04-18 06:07:00,Completed,849.75,0,16145.25
3083,21,2025-08-13 00:18:00,Completed,1304.1,0,7389.9
3084,409,2025-07-22 17:29:00,Completed,734.4,0,6609.6
3085,441,2025-06-30 12:00:00,Completed,3598.8,0,20393.2
3086,62,2025-10-25 06:54:00,Cancelled,0,0,9593
3087,106,2025-04-12 00:58:00,Completed,1379.4,0,12414.6
3088,17,2025-05-20 17:22:00,Completed,249.95,0,4749.05
3089,106,2025-06-24 16:51:00,Returned,529.65,0,10063.35
3090,180,2025-02-20 04:16:00,Completed,0,0,3998
3091,286,2025-12-16 02:30:00,Returned,0,0,4797
3092,130,2025-11-17 16:06:00,Completed,899.4,0,17088.6
3093,478,2025-05-13 05:04:00,Cancelled,0,0,1898
3094,100,2025-12-19 12:21:00,Cancelled,2509.1,0,22581.9
3095,291,2025-04-18 11:50:00,Cancelled,2586.3,0,14655.7
3096,113,2025-10-12 00:35:00,Returned,1004.55,0,5692.45
3097,7,2025-12-14 15:54:00,Completed,0,79,1578
3098,39,2025-02-11 07:39:00,Completed,0,0,6695
3099,498,2025-05-09 15:39:00,Completed,314.55,0,1782.45
3100,45,2025-01-02 23:33:00,Completed,599.8,0,5398.2
3101,10,2025-06-09 20:51:00,Returned,0,0,5598
3102,339,2025-01-14 12:29:00,Cancelled,1574.2,0,14167.8
3103,24,2025-04-03 06:29:00,Completed,4003.5,0,22686.5
3104,82,2025-05-17 11:39:00,Completed,299.8,0,2698.2
3105,101,2025-03-22 15:29:00,Completed,194.85,0,3702.15
3106,348,2025-11-13 03:53:00,Completed,2629.0,0,23661.0
3107,283,2025-12-19 17:55:00,Returned,1114.55,0,21176.45
3108,194,2025-09-03 18:18:00,Completed,0,0,2996
3109,196,2025-04-13 04:31:00,Completed,1579.0,0,14211.0
3110,317,2025-05-13 18:40:00,Completed,0,0,11992
3111,130,2025-01-13 11:15:00,Completed,2518.8,0,22669.2
3112,450,2025-04-27 20:39:00,Completed,0,0,15593
3113,269,2025-01-04 11:14:00,Cancelled,1199.4,0,6796.6
3114,96,2025-11-07 03:15:00,Completed,0,0,7994
3115,496,2025-05-21 02:22:00,Completed,0,0,18293
3116,185,2025-09-22 07:55:00,Cancelled,1159.2,0,10432.8
3117,355,2025-07-21 13:47:00,Completed,1439.55,0,8157.45
3118,243,2025-05-16 03:21:00,Cancelled,0,0,7997
3119,11,2025-04-02 20:31:00,Completed,0,0,2697
3120,168,2025-02-28 12:19:00,Cancelled,0,0,14392
3121,101,2025-05-01 00:27:00,Completed,844.65,0,16048.35
3122,271,2025-10-30 06:54:00,Completed,0,0,4497
3123,17,2025-04-06 14:01:00,Returned,1319.1,0,7474.9
3124,483,2025-03-23 19:11:00,Completed,779.65,0,14813.35
3125,331,2025-10-29 16:19:00,Returned,329.9,0,2969.1
3126,479,2025-09-14 14:00:00,Completed,0,0,2697
3127,322,2025-07-27 20:23:00,Completed,0,0,1598
3128,19,2025-08-21 16:13:00,Cancelled,0,0,11045
3129,265,2025-06-29 14:13:00,Completed,1004.4,0,9039.6
3130,264,2025-01-30 19:00:00,Completed,1439.55,0,8157.45
3131,406,2025-12-06 12:51:00,Completed,1109.25,0,6285.75
3132,383,2025-11-16 16:53:00,Completed,734.55,0,13956.45
3133,111,2025-01-13 06:11:00,Returned,479.85,0,9117.15
3134,3,2025-06-25 04:27:00,Cancelled,194.85,0,3702.15
3135,106,2025-11-29 01:57:00,Completed,1729.3,0,15563.7
3136,136,2025-01-02 07:01:00,Completed,0,0,2998
3137,350,2025-08-26 06:59:00,Completed,194.85,79,1183.15
3138,111,2025-02-17 17:58:00,Completed,0,0,3998
3139,41,2025-12-07 17:08:00,Returned,0,0,8997
3140,155,2025-09-28 03:50:00,Returned,0,79,1078
3141,153,2025-09-29 09:45:00,Completed,674.4,0,3821.6
3142,454,2025-04-15 18:51:00,Cancelled,524.7,0,9969.3
3143,270,2025-02-23 11:54:00,Completed,854.4,0,4841.6
3144,224,2025-05-21 04:37:00,Completed,0,79,1577
3145,187,2025-11-28 14:43:00,Completed,839.7,0,4758.3
3146,125,2025-01-28 16:07:00,Cancelled,0,0,15540
3147,8,2025-12-29 09:32:00,Cancelled,1903.95,0,10789.05
3148,336,2025-05-11 09:26:00,Returned,1664.25,0,9430.75
3149,178,2025-06-30 19:44:00,Completed,0,0,6545
3150,229,2025-08-13 10:19:00,Completed,0,0,7942
3151,112,2025-09-21 14:09:00,Completed,0,0,3546
3152,32,2025-12-30 09:55:00,Completed,859.2,0,7732.8
3153,459,2025-05-16 23:54:00,Completed,0,0,19992
3154,187,2025-10-28 07:21:00,Completed,1199.4,0,6796.6
3155,193,2025-06-04 03:50:00,Completed,869.5,0,7825.5
3156,102,2025-02-02 09:52:00,Completed,0,0,6598
3157,465,2025-11-23 01:03:00,Completed,424.75,0,8070.25
3158,494,2025-06-22 11:59:00,Completed,0,0,6294
3159,191,2025-12-03 15:44:00,Completed,0,0,14341
3160,258,2025-08-02 22:03:00,Completed,214.85,0,4082.15
3161,287,2025-06-14 05:05:00,Returned,0,0,14841
3162,343,2025-12-15 13:02:00,Cancelled,0,0,19493
3163,41,2025-02-17 03:23:00,Completed,0,0,16996
3164,313,2025-12-29 06:43:00,Returned,759.7,0,6837.3
3165,22,2025-04-05 00:42:00,Returned,569.25,0,3225.75
3166,484,2025-12-02 02:35:00,Cancelled,704.4,0,3991.6
3167,386,2025-07-31 14:27:00,Completed,764.4,0,4331.6
3168,154,2025-09-20 22:05:00,Completed,0,0,17594
3169,158,2025-05-21 00:16:00,Completed,1679.5,0,15115.5
3170,227,2025-11-01 20:20:00,Cancelled,139.8,79,1337.2
3171,140,2025-11-09 18:10:00,Completed,2548.8,0,14443.2
3172,361,2025-06-21 07:05:00,Completed,1049.25,0,5945.75
3173,6,2025-03-20 20:24:00,Cancelled,209.7,0,1887.3
3174,393,2025-10-29 12:24:00,Completed,584.55,0,3312.45
3175,430,2025-03-13 18:50:00,Completed,809.5,0,7285.5
3176,96,2025-01-27 07:29:00,Completed,249.7,0,2247.3
3177,105,2025-09-21 13:31:00,Completed,219.75,0,4175.25
3178,198,2025-12-18 10:43:00,Completed,892.1,0,16949.9
3179,35,2025-03-09 12:40:00,Returned,389.5,0,3505.5
3180,189,2025-07-30 03:16:00,Completed,249.85,0,4747.15
3181,45,2025-12-17 16:27:00,Completed,299.85,0,5697.15
3182,324,2025-10-22 02:36:00,Cancelled,0,0,13194
3183,163,2025-10-08 10:03:00,Cancelled,0,79,778
3184,364,2025-10-16 16:55:00,Completed,0,0,29988
3185,66,2025-04-17 06:35:00,Completed,449.85,0,2549.15
3186,497,2025-02-09 23:52:00,Completed,0,0,6998
3187,309,2025-02-11 16:17:00,Completed,0,0,11591
3188,10,2025-12-27 05:22:00,Cancelled,502.15,0,9540.85
3189,322,2025-09-05 15:46:00,Returned,1064.4,0,6031.6
3190,460,2025-03-13 03:25:00,Cancelled,0,0,16994
3191,146,2025-05-06 02:39:00,Completed,2019.2,0,18172.8
3192,90,2025-04-24 06:25:00,Completed,564.65,0,10728.35
3193,174,2025-03-18 13:29:00,Completed,199.8,0,1798.2
3194,74,2025-08-21 23:20:00,Completed,399.8,0,3598.2
3195,250,2025-01-22 13:37:00,Completed,1304.25,0,7390.75
3196,435,2025-07-16 14:55:00,Returned,1649.55,0,9347.45
3197,390,2025-12-23 07:01:00,Returned,457.05,0,8683.95
3198,446,2025-08-03 10:30:00,Completed,0,0,18692
3199,139,2025-04-01 12:43:00,Completed,0,0,9942
3200,36,2025-12-01 02:20:00,Returned,846.9,0,4799.1
3201,98,2025-05-26 12:49:00,Completed,0,0,1798
3202,247,2025-12-29 11:44:00,Completed,2054.4,0,11641.6
3203,62,2025-07-27 08:14:00,Completed,0,0,21492
3204,420,2025-04-05 10:45:00,Returned,554.4,0,3141.6
3205,48,2025-08-18 20:53:00,Cancelled,1139.3,0,10253.7
3206,19,2025-07-01 19:06:00,Completed,0,0,3996
3207,352,2025-06-27 23:23:00,Cancelled,1349.55,0,7647.45
3208,127,2025-11-30 02:31:00,Cancelled,0,0,12195
3209,309,2025-05-12 23:19:00,Completed,662.05,0,12578.95
3210,11,2025-12-06 15:54:00,Completed,569.6,0,5126.4
3211,451,2025-11-28 10:27:00,Completed,0,0,13494
3212,14,2025-03-07 20:42:00,Completed,389.7,0,3507.3
3213,441,2025-01-11 23:07:00,Completed,0,0,8394
3214,143,2025-10-20 00:52:00,Cancelled,0,0,3199
3215,70,2025-09-13 22:25:00,Returned,1124.25,0,6370.75
3216,239,2025-09-09 15:50:00,Completed,314.55,0,1782.45
3217,69,2025-12-24 12:32:00,Completed,194.85,0,3702.15
3218,332,2025-12-02 23:38:00,Completed,314.7,0,5979.3
3219,186,2025-07-19 22:51:00,Cancelled,0,79,1078
3220,182,2025-03-03 06:23:00,Completed,1739.25,0,9855.75
3221,90,2025-06-30 01:03:00,Completed,2263.8,0,12828.2
3222,328,2025-08-31 06:23:00,Cancelled,0,79,778
3223,373,2025-09-12 08:32:00,Completed,719.6,0,13672.4
3224,158,2025-04-21 17:15:00,Completed,0,0,5045
3225,103,2025-02-01 22:24:00,Completed,2293.95,0,12999.05
3226,493,2025-10-27 18:12:00,Completed,1469.25,0,8325.75
3227,286,2025-04-21 01:20:00,Returned,357.2,0,6786.8
3228,217,2025-12-20 05:03:00,Completed,0,0,4794
3229,286,2025-03-22 12:37:00,Returned,0,0,4597
3230,499,2025-03-26 04:08:00,Cancelled,2084.25,0,11810.75
3231,172,2025-01-05 07:36:00,Returned,1639.4,0,14754.6
3232,400,2025-10-16 02:29:00,Completed,0,0,13495
3233,329,2025-06-13 06:22:00,Completed,374.85,0,7122.15
3234,181,2025-01-17 18:09:00,Completed,0,0,11196
3235,303,2025-12-26 11:28:00,Returned,0,0,7895
3236,275,2025-07-13 14:00:00,Cancelled,2309.1,0,13084.9
3237,137,2025-02-24 01:50:00,Returned,0,0,3998
3238,400,2025-10-31 15:16:00,Cancelled,0,0,5196
3239,55,2025-09-26 02:32:00,Cancelled,1574.1,0,14166.9
3240,108,2025-09-28 09:50:00,Cancelled,64.95,79,1313.05
3241,20,2025-04-07 09:29:00,Completed,809.65,0,15383.35
3242,466,2025-06-15 09:26:00,Completed,0,0,4999
3243,364,2025-05-09 12:39:00,Returned,0,0,10995
3244,429,2025-02-12 14:15:00,Returned,584.7,0,11109.3
3245,242,2025-12-17 01:46:00,Returned,0,79,878
3246,270,2025-02-09 01:28:00,Cancelled,444.8,0,8451.2
3247,379,2025-04-01 00:58:00,Completed,579.6,0,5216.4
3248,197,2025-09-21 01:57:00,Cancelled,474.6,0,9017.4
3249,99,2025-04-22 21:12:00,Completed,1349.2,0,12142.8
3250,283,2025-03-01 14:41:00,Cancelled,449.7,0,4047.3
3251,88,2025-10-17 01:45:00,Completed,0,0,2598
3252,442,2025-03-01 20:43:00,Completed,0,0,17394
3253,4,2025-02-13 06:52:00,Cancelled,0,0,16594
3254,165,2025-03-20 00:57:00,Completed,0,0,6596
3255,27,2025-11-14 16:41:00,Completed,294.65,0,5598.35
3256,153,2025-10-06 02:44:00,Cancelled,0,0,14596
3257,235,2025-12-09 10:38:00,Completed,1349.1,0,7644.9
3258,457,2025-02-18 03:12:00,Completed,0,0,16493
3259,149,2025-04-04 17:16:00,Returned,149.95,0,2849.05
3260,90,2025-07-21 15:53:00,Completed,0,0,8997
3261,82,2025-05-04 17:27:00,Completed,639.8,0,5758.2
3262,160,2025-03-10 19:58:00,Returned,409.5,0,3685.5
3263,466,2025-08-29 09:03:00,Cancelled,964.6,0,18327.4
3264,11,2025-05-04 06:44:00,Completed,0,0,8295
3265,142,2025-04-04 13:22:00,Completed,359.55,0,2037.45
3266,344,2025-04-17 18:11:00,Completed,0,0,13092
3267,87,2025-09-19 18:12:00,Completed,2459.4,0,22134.6
3268,11,2025-09-02 23:58:00,Completed,0,0,14494
3269,315,2025-11-05 11:37:00,Completed,749.7,0,6747.3
3270,304,2025-04-06 21:05:00,Returned,859.5,0,7735.5
3271,178,2025-01-04 15:54:00,Returned,89.9,0,1708.1
3272,371,2025-10-13 17:58:00,Completed,2189.1,0,12404.9
3273,361,2025-08-01 04:49:00,Completed,369.75,0,7025.25
3274,313,2025-05-12 17:17:00,Returned,919.65,0,17473.35
3275,101,2025-04-07 22:02:00,Returned,869.4,0,7824.6
3276,338,2025-12-19 11:07:00,Returned,599.7,0,5397.3
3277,159,2025-06-25 03:43:00,Completed,0,0,16492
3278,122,2025-09-12 04:09:00,Completed,0,0,11494
3279,111,2025-11-21 17:07:00,Completed,479.85,0,2719.15
3280,335,2025-10-19 07:22:00,Completed,2653.8,0,15038.2
3281,126,2025-09-12 06:04:00,Completed,1071.75,0,6073.25
3282,83,2025-05-04 01:52:00,Completed,0,0,7695
3283,411,2025-01-10 07:45:00,Completed,0,0,6095
3284,257,2025-03-20 09:04:00,Returned,1079.4,0,6116.6
3285,498,2025-08-05 02:27:00,Returned,4798.65,0,27192.35
3286,442,2025-01-06 06:42:00,Completed,34.95,79,743.05
3287,131,2025-04-20 23:13:00,Completed,0,0,12095
3288,151,2025-07-22 00:04:00,Completed,479.75,0,9115.25
3289,293,2025-06-05 04:03:00,Returned,0,0,12042
3290,194,2025-02-09 22:33:00,Cancelled,0,0,14391
3291,257,2025-09-03 14:42:00,Completed,809.4,0,4586.6
3292,315,2025-08-22 20:40:00,Completed,209.7,0,1887.3
3293,20,2025-05-21 11:07:00,Cancelled,889.4,0,8004.6
3294,144,2025-02-28 17:35:00,Returned,269.7,0,2427.3
3295,373,2025-12-13 01:15:00,Returned,149.9,0,2848.1
3296,170,2025-11-14 06:58:00,Cancelled,104.85,0,1992.15
3297,339,2025-07-20 23:08:00,Completed,879.5,0,7915.5
3298,346,2025-10-16 10:16:00,Completed,634.5,0,5710.5
3299,394,2025-07-01 06:29:00,Cancelled,1249.6,0,23742.4
3300,387,2025-04-23 21:20:00,Completed,2234.1,0,20106.9
3301,240,2025-12-24 16:55:00,Cancelled,0,0,6896
3302,400,2025-03-13 21:42:00,Completed,224.85,0,4272.15
3303,55,2025-12-19 14:23:00,Returned,1199.1,0,10791.9
3304,248,2025-02-11 16:26:00,Completed,0,0,9294
3305,289,2025-10-08 13:30:00,Completed,299.85,0,1699.15
3306,239,2025-01-08 07:15:00,Completed,0,0,18194
3307,126,2025-03-10 09:53:00,Completed,0,0,6842
3308,409,2025-04-27 16:06:00,Completed,834.2,0,7507.8
3309,145,2025-09-28 03:06:00,Returned,774.75,0,14720.25
3310,70,2025-05-07 02:52:00,Completed,1179.5,0,10615.5
3311,305,2025-02-11 15:03:00,Completed,0,0,3396
3312,182,2025-07-15 21:30:00,Completed,279.9,0,2519.1
3313,162,2025-02-16 20:42:00,Completed,0,0,7596
3314,59,2025-10-31 00:40:00,Completed,299.9,0,2699.1
3315,127,2025-07-25 20:37:00,Completed,0,0,6998
3316,39,2025-12-12 09:16:00,Completed,969.55,0,18421.45
3317,62,2025-03-05 13:06:00,Returned,629.4,0,5664.6
3318,274,2025-05-21 10:20:00,Completed,4063.5,0,23026.5
3319,31,2025-10-01 03:17:00,Cancelled,2264.4,0,12831.6
3320,304,2025-04-28 11:32:00,Completed,0,0,23394
3321,15,2025-09-11 10:02:00,Completed,299.7,0,2697.3
3322,185,2025-05-13 09:58:00,Completed,659.7,0,12534.3
3323,399,2025-05-21 18:24:00,Completed,0,0,10196
3324,223,2025-01-05 12:36:00,Cancelled,0,0,12195
3325,187,2025-07-06 06:31:00,Completed,509.5,0,4585.5
3326,299,2025-02-21 04:07:00,Completed,0,0,20394
3327,223,2025-01-23 02:48:00,Completed,0,0,2997
3328,432,2025-11-20 23:16:00,Completed,0,0,9597
3329,488,2025-03-11 11:42:00,Completed,0,0,12195
3330,384,2025-12-15 22:49:00,Cancelled,449.5,0,4045.5
3331,294,2025-07-03 04:43:00,Completed,1843.65,0,10447.35
3332,365,2025-11-16 11:53:00,Completed,0,0,9998
3333,253,2025-12-30 09:43:00,Returned,0,0,10896
3334,478,2025-12-16 08:57:00,Completed,0,0,9145
3335,199,2025-02-22 14:26:00,Completed,34.95,79,743.05
3336,173,2025-12-06 11:06:00,Completed,0,0,9696
3337,494,2025-01-09 11:00:00,Completed,534.85,0,10162.15
3338,301,2025-07-02 05:50:00,Cancelled,399.8,0,7596.2
3339,106,2025-11-16 06:20:00,Returned,949.5,0,8545.5
3340,494,2025-04-21 19:26:00,Returned,0,0,3998
3341,195,2025-01-01 15:28:00,Completed,34.95,79,743.05
3342,198,2025-10-19 21:50:00,Completed,0,0,13394
3343,497,2025-01-14 11:11:00,Completed,0,0,5697
3344,186,2025-01-27 15:39:00,Completed,0,0,4048
3345,244,2025-04-09 08:05:00,Returned,1964.3,0,17678.7
3346,311,2025-11-24 22:01:00,Cancelled,0,0,3096
3347,31,2025-08-30 04:11:00,Completed,0,0,20842
3348,330,2025-12-25 10:36:00,Completed,0,0,2999
3349,417,2025-06-17 19:58:00,Cancelled,0,0,10943
3350,8,2025-10-10 16:34:00,Completed,884.65,0,16808.35
3351,485,2025-04-24 00:03:00,Completed,479.5,0,9110.5
3352,301,2025-06-23 18:48:00,Completed,0,0,16994
3353,212,2025-11-15 09:43:00,Completed,979.75,0,18615.25
3354,277,2025-03-05 09:49:00,Returned,1244.4,0,7051.6
3355,392,2025-12-06 10:58:00,Completed,0,0,14594
3356,310,2025-04-14 18:57:00,Completed,239.7,0,2157.3
3357,132,2025-01-18 14:35:00,Returned,0,0,10792
3358,203,2025-11-27 13:29:00,Returned,559.6,0,5036.4
3359,121,2025-12-01 18:28:00,Cancelled,369.85,0,7027.15
3360,109,2025-02-26 13:47:00,Completed,1266.75,0,7178.25
3361,139,2025-08-14 00:18:00,Completed,1989.2,0,17902.8
3362,92,2025-08-10 22:57:00,Cancelled,0,0,13494
3363,488,2025-04-17 10:49:00,Completed,599.8,0,5398.2
3364,95,2025-02-07 04:54:00,Completed,299.85,0,5697.15
3365,338,2025-09-17 18:22:00,Cancelled,0,79,1578
3366,93,2025-06-24 12:24:00,Completed,0,0,2997
3367,470,2025-09-09 17:13:00,Completed,0,0,3299
3368,38,2025-05-06 20:25:00,Completed,1099.5,0,9895.5
3369,137,2025-11-12 21:38:00,Completed,1149.4,0,10344.6
3370,426,2025-05-23 07:15:00,Completed,1049.7,0,5948.3
3371,374,2025-12-05 15:19:00,Completed,669.7,0,6027.3
3372,258,2025-12-26 14:27:00,Completed,299.8,0,2698.2
3373,427,2025-01-04 23:20:00,Completed,207.25,0,3937.75
3374,371,2025-09-13 09:04:00,Completed,0,0,2547
3375,56,2025-11-06 16:32:00,Completed,1349.25,0,7645.75
3376,43,2025-11-21 05:08:00,Completed,0,0,3846
3377,289,2025-01-13 00:29:00,Returned,0,0,3299
3378,368,2025-05-20 16:16:00,Completed,1839.1,0,16551.9
3379,200,2025-01-04 09:20:00,Completed,299.85,0,5697.15
3380,226,2025-12-01 12:31:00,Returned,1239.2,0,11152.8
3381,288,2025-06-30 04:00:00,Cancelled,0,0,9594
3382,252,2025-07-06 01:18:00,Cancelled,379.65,0,7213.35
3383,73,2025-03-27 00:27:00,Completed,0,0,22892
3384,222,2025-12-18 08:02:00,Completed,0,0,10393
3385,410,2025-02-14 08:15:00,Completed,1229.4,0,6966.6
3386,124,2025-01-11 02:06:00,Completed,874.6,0,16617.4
3387,268,2025-09-13 10:23:00,Completed,524.8,0,9971.2
3388,211,2025-11-08 14:59:00,Completed,2061.75,0,11683.25
3389,103,2025-11-29 16:29:00,Returned,99.9,0,1898.1
3390,490,2025-08-06 19:27:00,Completed,659.25,0,3735.75
3391,341,2025-05-09 02:29:00,Returned,0,0,11796
3392,315,2025-10-26 03:49:00,Returned,0,0,16790
3393,101,2025-07-21 21:59:00,Cancelled,1244.25,0,7050.75
3394,98,2025-08-11 15:36:00,Returned,0,0,2499
3395,417,2025-02-09 19:48:00,Completed,0,0,21592
3396,469,2025-03-07 03:49:00,Completed,49.95,79,1028.05
3397,375,2025-07-15 05:52:00,Completed,589.8,0,11206.2
3398,209,2025-04-22 20:50:00,Completed,399.8,0,7596.2
3399,375,2025-03-09 12:08:00,Completed,0,0,3897
3400,330,2025-09-11 10:20:00,Cancelled,1979.4,0,11216.6
3401,98,2025-06-27 01:31:00,Completed,1934.25,0,10960.75
3402,312,2025-08-27 00:08:00,Completed,0,0,13495
3403,248,2025-02-19 21:35:00,Completed,479.7,0,4317.3
3404,251,2025-08-12 11:21:00,Completed,1019.65,0,19373.35
3405,159,2025-10-13 03:18:00,Completed,999.8,0,8998.2
3406,55,2025-06-23 21:15:00,Cancelled,0,0,8995
3407,363,2025-01-27 04:04:00,Completed,64.95,79,1313.05
3408,326,2025-05-08 18:03:00,Completed,239.7,0,4554.3
3409,93,2025-05-28 14:30:00,Completed,1274.4,0,7221.6
3410,114,2025-08-19 03:44:00,Cancelled,299.9,0,5698.1
3411,125,2025-10-18 22:50:00,Completed,0,0,10495
3412,482,2025-12-11 05:11:00,Completed,2239.2,0,20152.8
3413,449,2025-04-21 12:17:00,Completed,0,0,16494
3414,354,2025-12-29 00:40:00,Completed,0,0,33191
3415,261,2025-01-25 20:32:00,Completed,1124.25,0,6370.75
3416,112,2025-01-21 00:02:00,Cancelled,1049.7,0,9447.3
3417,325,2025-03-13 10:32:00,Returned,0,0,19791
3418,85,2025-10-11 21:19:00,Completed,99.9,0,1898.1
3419,327,2025-04-21 07:11:00,Returned,639.7,0,12154.3
3420,384,2025-07-30 23:12:00,Completed,639.8,0,5758.2
3421,161,2025-02-04 16:23:00,Completed,1818.9,0,16370.1
3422,405,2025-07-30 00:02:00,Returned,0,0,9395
3423,292,2025-07-22 23:17:00,Cancelled,0,0,13495
3424,48,2025-05-16 10:22:00,Completed,1569.5,0,14125.5
3425,140,2025-02-05 09:09:00,Completed,3284.1,0,18609.9
3426,113,2025-09-07 04:11:00,Cancelled,294.8,0,5601.2
3427,160,2025-12-10 06:38:00,Completed,117.4,0,2230.6
3428,202,2025-03-10 17:16:00,Completed,2758.65,0,15632.35
3429,338,2025-12-03 09:48:00,Completed,2029.2,0,18262.8
3430,201,2025-07-13 19:19:00,Returned,419.7,0,7974.3
3431,266,2025-07-29 16:10:00,Returned,452.2,0,8591.8
3432,85,2025-10-20 15:50:00,Completed,0,0,20892
3433,126,2025-11-20 09:45:00,Completed,659.7,0,12534.3
3434,91,2025-04-09 21:43:00,Completed,159.8,0,3036.2
3435,480,2025-06-02 19:46:00,Returned,3208.65,0,18182.35
3436,388,2025-09-24 22:33:00,Completed,0,0,3795
3437,349,2025-11-29 21:58:00,Cancelled,1134.2,0,10207.8
3438,118,2025-12-08 09:17:00,Completed,644.4,0,3651.6
3439,63,2025-07-22 18:47:00,Completed,579.5,0,5215.5
3440,309,2025-05-07 20:39:00,Cancelled,0,0,7497
3441,477,2025-01-15 02:24:00,Completed,0,79,1577
3442,4,2025-11-18 04:15:00,Cancelled,0,79,1578
3443,476,2025-04-10 07:52:00,Completed,1094.4,0,6201.6
3444,41,2025-03-27 15:02:00,Completed,529.5,0,4765.5
3445,18,2025-02-27 05:39:00,Completed,99.9,79,978.1
3446,326,2025-06-13 12:57:00,Cancelled,0,0,5997
3447,336,2025-10-25 20:48:00,Returned,319.9,0,6078.1
3448,421,2025-03-31 09:54:00,Completed,0,0,8695
3449,468,2025-02-07 10:18:00,Returned,1348.65,0,7642.35
3450,6,2025-03-10 15:09:00,Cancelled,629.7,0,3568.3
3451,337,2025-09-24 00:55:00,Cancelled,0,0,5796
3452,86,2025-02-27 12:42:00,Returned,599.7,0,3398.3
3453,92,2025-05-16 22:04:00,Cancelled,749.6,0,6746.4
3454,83,2025-07-04 04:41:00,Completed,349.8,0,3148.2
3455,289,2025-06-27 23:18:00,Completed,0,0,18995
3456,384,2025-02-12 12:28:00,Cancelled,259.8,0,2338.2
3457,211,2025-03-11 19:00:00,Completed,0,0,16093
3458,227,2025-04-30 00:10:00,Completed,127.35,0,2419.65
3459,248,2025-12-18 10:13:00,Returned,0,0,4797
3460,406,2025-04-12 02:38:00,Cancelled,754.75,0,14340.25
3461,271,2025-05-13 16:20:00,Completed,1214.4,0,6881.6
3462,224,2025-08-20 19:31:00,Completed,0,0,2097
3463,334,2025-08-19 12:17:00,Returned,0,0,10595
3464,255,2025-03-25 14:10:00,Completed,3253.8,0,18438.2
3465,67,2025-01-06 11:06:00,Completed,829.7,0,7467.3
3466,436,2025-07-16 17:01:00,Completed,0,79,1578
3467,22,2025-07-25 10:04:00,Completed,559.6,0,10632.4
3468,181,2025-08-14 18:27:00,Cancelled,3808.65,0,21582.35
3469,158,2025-11-21 09:34:00,Returned,449.55,0,2547.45
3470,296,2025-02-01 03:06:00,Completed,0,0,9394
3471,441,2025-06-23 04:17:00,Cancelled,1519.3,0,13673.7
3472,170,2025-02-08 15:55:00,Completed,0,0,2999
3473,3,2025-05-09 22:22:00,Completed,0,0,22893
3474,442,2025-04-08 23:09:00,Completed,2863.8,0,16228.2
3475,402,2025-05-01 11:45:00,Cancelled,2374.1,0,21366.9
3476,84,2025-12-25 08:01:00,Cancelled,424.5,0,3820.5
3477,366,2025-11-07 16:19:00,Completed,0,0,6894
3478,286,2025-04-30 10:46:00,Completed,1949.1,0,17541.9
3479,208,2025-03-27 04:30:00,Completed,0,0,7494
3480,437,2025-02-23 13:27:00,Completed,0,0,7697
3481,192,2025-07-23 22:12:00,Completed,3104.1,0,17589.9
3482,94,2025-04-22 06:23:00,Completed,159.9,0,3038.1
3483,186,2025-03-02 23:58:00,Returned,0,0,5597
3484,174,2025-05-16 18:16:00,Completed,3103.95,0,17589.05
3485,92,2025-11-17 09:24:00,Completed,0,79,1578
3486,57,2025-03-04 13:17:00,Completed,659.55,0,3737.45
3487,450,2025-09-14 14:11:00,Completed,0,0,16990
3488,123,2025-01-02 01:29:00,Completed,0,79,1477
3489,113,2025-05-23 15:56:00,Cancelled,1349.4,0,7646.6
3490,134,2025-06-16 23:12:00,Completed,0,79,828
3491,208,2025-06-03 07:47:00,Completed,3369.1,0,30321.9
3492,218,2025-08-04 23:47:00,Cancelled,2233.8,0,12658.2
3493,452,2025-03-17 02:33:00,Completed,0,0,5998
3494,40,2025-05-17 14:05:00,Completed,0,79,1378
3495,2,2025-03-13 23:12:00,Completed,1611.45,0,9131.55
3496,213,2025-09-19 07:40:00,Completed,749.85,0,4249.15
3497,455,2025-02-10 08:47:00,Returned,1749.3,0,15743.7
3498,310,2025-11-22 14:32:00,Completed,567.3,0,10778.7
3499,143,2025-05-19 04:16:00,Completed,89.9,79,888.1
3500,127,2025-12-28 17:58:00,Completed,224.85,0,4272.15
3501,266,2025-12-27 10:47:00,Cancelled,1609.4,0,14484.6
3502,258,2025-03-29 18:14:00,Completed,1978.8,0,11213.2
3503,435,2025-04-17 12:28:00,Completed,0,0,1798
3504,189,2025-10-28 06:38:00,Completed,139.95,0,2659.05
3505,292,2025-01-29 07:21:00,Completed,449.85,0,8547.15
3506,324,2025-07-29 19:40:00,Completed,0,0,15991
3507,168,2025-02-11 05:05:00,Completed,0,79,1577
3508,85,2025-12-06 04:24:00,Completed,1019.25,0,5775.75
3509,32,2025-09-14 11:50:00,Cancelled,429.85,0,8167.15
3510,411,2025-05-22 20:15:00,Completed,1274.5,0,24215.5
3511,459,2025-04-25 15:56:00,Completed,1619.4,0,9176.6
3512,215,2025-08-23 18:54:00,Returned,749.7,0,6747.3
3513,396,2025-03-28 05:54:00,Completed,464.4,0,4179.6
3514,450,2025-03-24 06:50:00,Cancelled,1054.6,0,20037.4
3515,20,2025-08-13 00:03:00,Cancelled,894.6,0,8051.4
3516,379,2025-06-13 15:56:00,Completed,0,0,9096
3517,446,2025-09-04 12:45:00,Completed,899.6,0,8096.4
3518,12,2025-05-19 01:32:00,Completed,249.9,0,4748.1
3519,40,2025-02-05 16:38:00,Completed,3058.8,0,17333.2
3520,338,2025-04-22 22:32:00,Completed,0,0,7196
3521,425,2025-12-13 07:03:00,Cancelled,0,0,12342
3522,335,2025-08-09 01:42:00,Completed,0,79,928
3523,242,2025-10-11 17:03:00,Returned,1099.6,0,9896.4
3524,372,2025-07-31 15:29:00,Completed,779.6,0,14812.4
3525,317,2025-01-30 06:16:00,Cancelled,84.9,0,1613.1
3526,184,2025-02-26 03:57:00,Completed,779.75,0,14815.25
3527,121,2025-01-26 17:39:00,Returned,0,0,6296
3528,187,2025-12-14 23:04:00,Completed,559.8,0,10636.2
3529,222,2025-03-12 13:00:00,Completed,1599.0,0,14391.0
3530,81,2025-02-24 13:18:00,Cancelled,1559.25,0,8835.75
3531,128,2025-01-28 05:37:00,Completed,119.85,0,2277.15
3532,471,2025-03-28 11:10:00,Returned,249.95,0,4749.05
3533,318,2025-04-16 14:29:00,Completed,179.8,0,3416.2
3534,393,2025-10-14 19:57:00,Completed,684.6,0,13007.4
3535,299,2025-02-04 23:45:00,Returned,739.7,0,14054.3
3536,122,2025-10-27 00:01:00,Completed,74.95,79,1503.05
3537,449,2025-09-27 12:31:00,Cancelled,929.25,0,5265.75
3538,391,2025-09-07 19:43:00,Completed,194.85,0,3702.15
3539,232,2025-01-23 23:59:00,Cancelled,174.8,0,3321.2
3540,381,2025-03-07 16:44:00,Completed,0,0,4797
3541,248,2025-12-31 01:53:00,Returned,0,0,11493
3542,340,2025-06-02 00:47:00,Completed,1099.6,0,9896.4
3543,432,2025-04-01 15:22:00,Completed,1064.6,0,9581.4
3544,352,2025-09-15 10:58:00,Completed,794.65,0,15098.35
3545,381,2025-08-28 03:44:00,Completed,1618.95,0,9174.05
3546,23,2025-10-17 07:26:00,Returned,0,0,8095
3547,292,2025-07-09 10:07:00,Returned,0,0,14192
3548,134,2025-07-10 02:32:00,Completed,0,0,12345
3549,463,2025-10-18 14:54:00,Returned,1079.2,0,9712.8
3550,386,2025-09-17 20:38:00,Completed,0,0,5997
3551,83,2025-09-11 20:03:00,Completed,199.9,0,3798.1
3552,375,2025-02-10 13:16:00,Completed,229.85,0,4367.15
3553,301,2025-01-06 03:31:00,Completed,1139.4,0,10254.6
3554,239,2025-12-16 20:01:00,Cancelled,0,0,6496
3555,7,2025-07-31 06:22:00,Completed,1094.5,0,20795.5
3556,393,2025-11-08 16:19:00,Completed,0,0,1599
3557,438,2025-03-23 15:13:00,Completed,1059.6,0,9536.4
3558,443,2025-12-22 12:13:00,Returned,1469.4,0,8326.6
3559,354,2025-03-19 00:15:00,Cancelled,359.55,0,2037.45
3560,259,2025-12-08 13:08:00,Returned,0,79,1477
3561,364,2025-02-22 03:41:00,Completed,959.7,0,5438.3
3562,415,2025-04-18 20:25:00,Completed,0,0,11143
3563,213,2025-06-17 18:32:00,Completed,0,0,15592
3564,342,2025-12-06 19:17:00,Completed,0,0,3897
3565,338,2025-04-13 04:45:00,Completed,2279.25,0,12915.75
3566,25,2025-05-08 01:23:00,Completed,0,0,22592
3567,435,2025-11-15 09:50:00,Cancelled,0,79,1577
3568,490,2025-09-16 07:32:00,Cancelled,324.85,0,6172.15
3569,240,2025-08-15 15:26:00,Completed,0,0,1998
3570,439,2025-06-30 14:26:00,Completed,1574.6,0,14171.4
3571,430,2025-10-18 20:20:00,Returned,799.6,0,15192.4
3572,399,2025-06-01 06:42:00,Returned,0,0,12895
3573,275,2025-08-12 10:40:00,Completed,1574.55,0,8922.45
3574,358,2025-07-08 19:22:00,Returned,1217.0,0,23123.0
3575,388,2025-04-07 12:51:00,Completed,0,0,1998
3576,327,2025-08-24 00:26:00,Completed,0,79,1477
3577,18,2025-12-28 16:31:00,Cancelled,0,0,3199
3578,15,2025-04-25 20:45:00,Completed,0,0,2499
3579,317,2025-08-07 12:54:00,Completed,1129.65,0,21463.35
3580,258,2025-04-25 12:23:00,Completed,1599.1,0,14391.9
3581,430,2025-04-10 18:26:00,Completed,0,0,14893
3582,129,2025-11-02 00:37:00,Returned,0,0,5892
3583,387,2025-07-01 16:32:00,Completed,174.95,0,3324.05
3584,49,2025-03-11 18:51:00,Completed,0,0,15491
3585,168,2025-09-22 01:19:00,Completed,0,0,3198
3586,312,2025-08-28 23:00:00,Completed,0,0,7497
3587,231,2025-04-18 16:32:00,Completed,1839.2,0,16552.8
3588,125,2025-07-25 18:14:00,Cancelled,104.85,0,1992.15
3589,108,2025-02-24 18:33:00,Completed,257.3,0,4888.7
3590,65,2025-12-05 17:40:00,Completed,599.7,0,3398.3
3591,101,2025-06-30 19:19:00,Returned,0,0,1998
3592,145,2025-02-02 05:20:00,Cancelled,1534.2,0,13807.8
3593,240,2025-07-19 13:02:00,Returned,0,0,16793
3594,314,2025-08-29 17:13:00,Cancelled,1754.2,0,15787.8
3595,83,2025-12-20 18:42:00,Completed,2069.4,0,18624.6
3596,179,2025-06-08 17:05:00,Cancelled,644.4,0,3651.6
3597,29,2025-06-24 14:53:00,Completed,4318.2,0,24469.8
3598,391,2025-01-18 07:03:00,Completed,0,0,20791
3599,108,2025-08-02 00:24:00,Completed,0,0,21790
3600,166,2025-06-24 14:04:00,Completed,434.6,0,8257.4
3601,118,2025-08-20 11:48:00,Completed,0,0,17391
3602,72,2025-08-03 20:53:00,Cancelled,194.85,0,3702.15
3603,391,2025-02-22 03:20:00,Returned,394.65,0,7498.35
3604,254,2025-01-19 20:23:00,Completed,1836.3,0,10405.7
3605,133,2025-08-11 10:44:00,Completed,0,0,8295
3606,472,2025-11-17 09:47:00,Returned,0,0,15893
3607,154,2025-11-16 11:08:00,Completed,1579.5,0,14215.5
3608,481,2025-11-23 04:25:00,Completed,164.95,0,3134.05
3609,238,2025-02-15 12:07:00,Returned,0,0,28891
3610,324,2025-08-29 00:13:00,Returned,479.4,0,4314.6
3611,50,2025-10-20 06:58:00,Completed,0,0,10997
3612,72,2025-09-19 22:00:00,Completed,374.7,0,7119.3
3613,467,2025-09-14 11:17:00,Completed,899.1,0,5094.9
3614,455,2025-05-03 02:16:00,Completed,199.8,0,1798.2
3615,15,2025-04-14 05:32:00,Completed,2218.8,0,12573.2
3616,488,2025-07-14 11:28:00,Completed,577.2,0,10966.8
3617,269,2025-08-02 05:54:00,Cancelled,1409.2,0,12682.8
3618,351,2025-12-15 16:52:00,Cancelled,594.8,0,11301.2
3619,225,2025-04-01 16:38:00,Returned,1249.6,0,11246.4
3620,125,2025-01-09 17:18:00,Completed,0,0,2598
3621,496,2025-03-19 16:49:00,Completed,0,0,15595
3622,423,2025-05-26 21:31:00,Completed,0,0,4998
3623,437,2025-11-30 22:14:00,Returned,0,79,1078
3624,199,2025-07-30 07:49:00,Completed,909.65,0,17283.35
3625,274,2025-11-22 10:29:00,Cancelled,1349.6,0,25642.4
3626,219,2025-02-10 01:24:00,Returned,0,0,24192
3627,227,2025-05-15 19:42:00,Completed,0,0,4845
3628,143,2025-02-07 00:26:00,Completed,664.5,0,5980.5
3629,29,2025-04-01 21:17:00,Completed,137.35,0,2609.65
3630,434,2025-01-08 14:04:00,Completed,479.85,0,2719.15
3631,192,2025-01-13 05:15:00,Returned,0,0,4497
3632,223,2025-08-16 03:16:00,Cancelled,299.8,0,5696.2
3633,295,2025-06-12 11:16:00,Returned,2249.55,0,12747.45
3634,150,2025-10-24 05:10:00,Completed,0,0,2147
3635,261,2025-10-28 21:22:00,Completed,959.7,0,5438.3
3636,62,2025-03-22 13:38:00,Completed,909.7,0,8187.3
3637,365,2025-03-11 08:47:00,Cancelled,149.85,0,2847.15
3638,28,2025-05-07 22:48:00,Completed,0,0,23793
3639,288,2025-04-28 16:18:00,Completed,199.8,0,1798.2
3640,132,2025-04-18 19:37:00,Cancelled,0,0,12593
3641,14,2025-09-25 13:40:00,Completed,479.7,0,4317.3
3642,425,2025-03-07 18:41:00,Completed,2289.2,0,20602.8
3643,172,2025-10-27 00:53:00,Completed,0,79,778
3644,250,2025-03-29 03:03:00,Cancelled,89.9,0,1708.1
3645,241,2025-10-21 22:14:00,Cancelled,0,0,4998
3646,482,2025-05-09 22:00:00,Completed,884.25,0,5010.75
3647,469,2025-09-29 12:21:00,Returned,0,0,16291
3648,70,2025-04-23 12:24:00,Returned,159.9,0,3038.1
3649,76,2025-01-04 17:06:00,Cancelled,989.7,0,5608.3
3650,108,2025-09-14 20:09:00,Completed,0,0,4095
3651,111,2025-10-25 07:49:00,Completed,0,0,2999
3652,312,2025-12-29 10:30:00,Completed,0,0,13592
3653,342,2025-02-20 13:12:00,Completed,0,0,23741
3654,174,2025-05-05 15:24:00,Completed,0,0,3096
3655,108,2025-11-16 11:15:00,Cancelled,1424.55,0,27066.45
3656,93,2025-11-04 17:53:00,Completed,179.9,0,3418.1
3657,415,2025-11-05 15:53:00,Returned,1589.4,0,14304.6
3658,19,2025-05-22 18:39:00,Completed,1759.1,0,15831.9
3659,120,2025-11-09 12:06:00,Completed,0,0,5396
3660,278,2025-10-25 03:59:00,Completed,159.9,0,1439.1
3661,220,2025-11-16 20:17:00,Completed,0,0,2697
3662,460,2025-12-17 16:42:00,Cancelled,0,0,16391
3663,211,2025-05-07 09:48:00,Completed,1049.7,0,5948.3
3664,226,2025-10-12 22:26:00,Completed,299.9,0,5698.1
3665,356,2025-03-23 17:53:00,Completed,539.55,0,3057.45
3666,329,2025-10-01 16:23:00,Returned,0,0,5094
3667,451,2025-07-27 00:40:00,Cancelled,629.5,0,5665.5
3668,32,2025-12-28 08:13:00,Completed,0,0,17591
3669,421,2025-03-05 13:48:00,Cancelled,0,0,6093
3670,31,2025-05-20 01:50:00,Completed,729.7,0,6567.3
3671,497,2025-01-21 14:49:00,Cancelled,2856.3,0,16185.7
3672,339,2025-06-19 23:50:00,Completed,809.75,0,15385.25
3673,365,2025-09-06 18:52:00,Returned,839.4,0,7554.6
3674,416,2025-07-30 13:40:00,Completed,0,0,13142
3675,466,2025-02-04 01:53:00,Returned,2788.8,0,15803.2
3676,408,2025-08-09 22:51:00,Completed,0,0,17991
3677,149,2025-04-25 22:01:00,Completed,999.8,0,8998.2
3678,24,2025-05-31 03:12:00,Completed,0,0,10994
3679,452,2025-08-18 18:45:00,Returned,884.6,0,16807.4
3680,357,2025-08-23 05:36:00,Returned,239.85,0,1359.15
3681,323,2025-02-21 15:58:00,Returned,1369.65,0,26023.35
3682,127,2025-02-06 12:40:00,Completed,419.85,0,7977.15
3683,140,2025-09-05 04:21:00,Completed,319.8,0,2878.2
3684,81,2025-12-01 01:43:00,Completed,0,0,19290
3685,202,2025-02-03 07:16:00,Completed,1589.1,0,14301.9
3686,223,2025-07-27 10:18:00,Returned,0,0,2799
3687,81,2025-11-18 20:07:00,Returned,1249.2,0,11242.8
3688,239,2025-10-09 21:00:00,Completed,0,0,2997
3689,232,2025-04-25 05:07:00,Completed,0,0,15792
3690,57,2025-06-11 03:01:00,Completed,224.85,0,4272.15
3691,5,2025-07-06 05:39:00,Completed,209.7,79,1267.3
3692,456,2025-05-17 09:05:00,Completed,1709.1,0,9684.9
3693,223,2025-12-02 05:59:00,Completed,1169.4,0,10524.6
3694,172,2025-12-07 11:04:00,Completed,269.7,0,2427.3
3695,39,2025-10-27 06:30:00,Cancelled,0,0,10396
3696,392,2025-05-09 10:33:00,Returned,749.7,0,6747.3
3697,353,2025-03-23 03:12:00,Completed,1219.3,0,10973.7
3698,128,2025-03-19 04:08:00,Returned,372.35,0,7074.65
3699,354,2025-02-25 05:37:00,Returned,484.5,0,9205.5
3700,230,2025-06-04 17:42:00,Returned,899.7,0,5098.3
3701,250,2025-11-04 07:00:00,Returned,37.45,79,790.55
3702,278,2025-10-31 19:55:00,Completed,0,0,8446
3703,145,2025-12-31 00:21:00,Completed,699.8,0,6298.2
3704,175,2025-11-25 16:46:00,Returned,1034.6,0,9311.4
3705,292,2025-06-05 13:01:00,Completed,999.8,0,8998.2
3706,425,2025-08-05 08:09:00,Cancelled,449.85,0,8547.15
3707,269,2025-04-08 12:49:00,Completed,959.7,0,5438.3
3708,422,2025-10-14 08:37:00,Returned,0,0,19194
3709,126,2025-04-25 02:46:00,Completed,439.6,0,8352.4
3710,436,2025-09-20 20:06:00,Completed,719.55,0,4077.45
3711,435,2025-01-30 09:15:00,Cancelled,0,0,14892
3712,450,2025-06-15 06:50:00,Completed,199.85,0,3797.15
3713,470,2025-09-08 12:16:00,Completed,704.4,0,3991.6
3714,418,2025-07-05 15:16:00,Completed,672.1,0,12769.9
3715,266,2025-04-23 11:17:00,Returned,1956.3,0,11085.7
3716,64,2025-10-29 05:00:00,Completed,0,0,31890
3717,224,2025-12-19 05:08:00,Completed,0,0,15893
3718,106,2025-11-10 23:38:00,Returned,0,0,9995
3719,10,2025-02-15 14:31:00,Completed,119.85,79,758.15
3720,186,2025-01-10 04:47:00,Completed,599.7,0,11394.3
3721,451,2025-11-25 09:44:00,Completed,0,0,5997
3722,487,2025-05-03 23:44:00,Completed,1037.0,0,19703.0
3723,247,2025-11-27 20:08:00,Completed,0,0,7497
3724,1,2025-10-10 07:32:00,Completed,0,0,4597
3725,329,2025-10-07 14:30:00,Returned,492.15,0,9350.85
3726,303,2025-04-26 19:08:00,Completed,989.5,0,8905.5
3727,130,2025-07-05 14:43:00,Completed,749.85,0,4249.15
3728,450,2025-06-26 05:05:00,Completed,474.5,0,4270.5
3729,272,2025-04-28 18:52:00,Completed,1774.1,0,15966.9
3730,461,2025-12-19 20:44:00,Cancelled,599.5,0,5395.5
3731,29,2025-07-16 18:44:00,Returned,0,0,12995
3732,331,2025-11-24 01:09:00,Completed,1244.1,0,11196.9
3733,487,2025-05-29 13:47:00,Completed,0,0,7942
3734,446,2025-10-21 10:39:00,Returned,1859.25,0,10535.75
3735,384,2025-08-13 05:14:00,Returned,1089.5,0,9805.5
3736,217,2025-03-12 12:43:00,Completed,2278.65,0,12912.35
3737,415,2025-03-11 00:02:00,Cancelled,0,0,1999
3738,92,2025-09-16 13:42:00,Completed,149.95,0,2849.05
3739,165,2025-09-08 10:37:00,Completed,0,0,2097
3740,359,2025-07-23 14:06:00,Returned,0,79,828
3741,324,2025-06-30 16:44:00,Completed,709.6,0,6386.4
3742,449,2025-12-21 18:25:00,Completed,0,0,6096
3743,64,2025-10-28 14:09:00,Returned,664.8,0,12631.2
3744,484,2025-08-10 14:23:00,Returned,707.1,0,13434.9
3745,438,2025-09-04 10:03:00,Completed,599.7,0,3398.3
3746,307,2025-02-17 08:00:00,Completed,2736.15,0,15504.85
3747,247,2025-05-16 12:25:00,Returned,0,0,6243
3748,149,2025-04-28 11:24:00,Completed,0,0,10097
3749,477,2025-10-21 11:45:00,Completed,1689.2,0,15202.8
3750,164,2025-01-06 15:35:00,Completed,134.85,79,843.15
3751,335,2025-11-01 09:51:00,Completed,2428.8,0,13763.2
3752,105,2025-12-03 12:42:00,Completed,0,0,1998
3753,171,2025-07-21 22:19:00,Completed,0,0,9995
3754,429,2025-06-22 12:56:00,Completed,0,0,12995
3755,75,2025-12-31 03:50:00,Completed,1059.4,0,9534.6
3756,447,2025-06-03 16:06:00,Completed,1439.4,0,12954.6
3757,310,2025-08-01 11:59:00,Completed,0,0,25991
3758,185,2025-06-02 16:37:00,Cancelled,0,79,978
3759,472,2025-11-06 12:38:00,Cancelled,839.7,0,4758.3
3760,499,2025-09-02 00:03:00,Returned,0,0,3996
3761,66,2025-07-20 16:36:00,Completed,3073.95,0,17419.05
3762,39,2025-07-04 15:30:00,Completed,0,0,7545
3763,33,2025-10-30 11:50:00,Completed,89.9,0,1708.1
3764,286,2025-11-04 05:09:00,Completed,0,0,13393
3765,100,2025-01-03 21:09:00,Completed,0,0,2847
3766,438,2025-08-13 16:39:00,Completed,0,0,4497
3767,412,2025-11-03 20:26:00,Completed,1064.55,0,20226.45
3768,165,2025-01-18 14:43:00,Completed,364.8,0,6931.2
3769,270,2025-10-07 01:59:00,Cancelled,2938.65,0,16652.35
3770,334,2025-01-07 10:33:00,Completed,899.55,0,5097.45
3771,250,2025-11-01 15:51:00,Completed,1274.1,0,7219.9
3772,489,2025-08-07 12:12:00,Completed,779.6,0,7016.4
3773,142,2025-10-21 13:14:00,Completed,0,0,13242
3774,1,2025-04-03 06:31:00,Completed,124.85,0,2372.15
3775,166,2025-03-26 03:38:00,Completed,0,0,8397
3776,243,2025-03-08 13:01:00,Cancelled,2359.1,0,21231.9
3777,500,2025-07-29 12:01:00,Cancelled,499.5,0,4495.5
3778,200,2025-08-12 11:13:00,Cancelled,1603.5,0,9086.5
3779,463,2025-12-02 11:28:00,Completed,199.8,0,3796.2
3780,478,2025-07-19 02:58:00,Completed,659.7,0,5937.3
3781,245,2025-09-02 15:17:00,Completed,3099.0,0,27891.0
3782,197,2025-02-07 19:05:00,Cancelled,0,0,11192
3783,471,2025-01-31 10:37:00,Completed,364.75,0,6930.25
3784,187,2025-05-26 01:20:00,Returned,49.95,79,1028.05
3785,474,2025-04-05 09:26:00,Completed,0,0,12894
3786,191,2025-04-10 22:23:00,Cancelled,0,0,17091
3787,305,2025-07-26 00:33:00,Completed,1694.2,0,15247.8
3788,25,2025-10-29 15:29:00,Completed,689.55,0,3907.45
3789,337,2025-10-19 15:32:00,Completed,0,0,15793
3790,361,2025-03-13 19:25:00,Completed,249.9,0,2249.1
3791,119,2025-12-30 05:44:00,Completed,0,0,15393
3792,171,2025-11-15 09:42:00,Completed,259.75,0,4935.25
3793,300,2025-10-10 23:50:00,Completed,734.4,0,4161.6
3794,236,2025-12-10 01:32:00,Returned,1589.1,0,9004.9
3795,187,2025-04-11 23:25:00,Completed,0,0,17942
3796,43,2025-04-08 01:26:00,Cancelled,3838.8,0,21753.2
3797,284,2025-08-19 00:52:00,Completed,742.1,0,14099.9
3798,88,2025-06-08 02:14:00,Completed,0,79,978
3799,353,2025-04-09 18:02:00,Cancelled,2758.95,0,15634.05
3800,441,2025-08-06 16:59:00,Completed,0,0,32291
3801,244,2025-09-04 11:59:00,Completed,509.8,0,9686.2
3802,247,2025-12-04 04:22:00,Completed,5083.65,0,28807.35
3803,281,2025-02-03 00:40:00,Cancelled,994.6,0,8951.4
3804,150,2025-07-04 15:40:00,Completed,0,79,828
3805,482,2025-02-28 00:50:00,Completed,149.9,79,1428.1
3806,297,2025-05-06 03:25:00,Completed,0,0,2247
3807,393,2025-12-15 03:05:00,Completed,0,0,10394
3808,226,2025-12-06 20:22:00,Completed,349.9,0,6648.1
3809,155,2025-01-18 20:35:00,Cancelled,719.55,0,4077.45
3810,350,2025-01-20 20:24:00,Completed,1543.95,0,8749.05
3811,472,2025-12-14 07:50:00,Returned,592.2,0,11251.8
3812,167,2025-09-19 23:06:00,Completed,0,0,2247
3813,179,2025-02-03 09:55:00,Returned,696.6,0,3947.4
3814,206,2025-12-26 07:42:00,Cancelled,0,0,10497
3815,183,2025-04-19 18:58:00,Returned,314.55,0,1782.45
3816,410,2025-08-02 15:40:00,Completed,0,0,12692
3817,27,2025-10-17 18:32:00,Completed,779.4,0,4416.6
3818,455,2025-07-23 13:34:00,Cancelled,0,79,1078
3819,151,2025-07-14 19:06:00,Returned,0,0,2697
3820,130,2025-06-16 08:59:00,Completed,1189.5,0,10705.5
3821,66,2025-08-14 12:37:00,Cancelled,1424.45,0,27064.55
3822,144,2025-07-06 01:35:00,Completed,1039.4,0,9354.6
3823,458,2025-05-23 05:24:00,Completed,514.75,0,9780.25
3824,393,2025-02-23 11:11:00,Completed,1506.45,0,8536.55
3825,379,2025-11-02 09:46:00,Completed,1214.1,0,6879.9
3826,131,2025-11-01 16:31:00,Completed,929.6,0,8366.4
3827,305,2025-07-20 10:47:00,Completed,464.7,0,8829.3
3828,160,2025-08-12 08:54:00,Completed,0,0,9998
3829,181,2025-04-08 09:09:00,Completed,1389.5,0,12505.5
3830,426,2025-02-15 06:34:00,Completed,0,0,2998
3831,295,2025-12-08 11:17:00,Completed,1559.25,0,8835.75
3832,327,2025-02-01 16:57:00,Completed,0,0,8397
3833,201,2025-04-07 06:19:00,Completed,0,0,11595
3834,78,2025-07-28 15:10:00,Completed,499.7,0,4497.3
3835,469,2025-08-08 14:18:00,Completed,739.2,0,6652.8
3836,497,2025-08-17 20:45:00,Completed,0,0,15792
3837,104,2025-08-02 15:22:00,Returned,1107.05,0,21033.95
3838,208,2025-11-29 13:57:00,Completed,849.8,0,7648.2
3839,462,2025-12-31 06:55:00,Completed,2128.95,0,12064.05
3840,97,2025-04-13 03:41:00,Completed,0,79,828
3841,207,2025-05-24 17:52:00,Completed,0,0,3396
3842,447,2025-11-02 07:32:00,Cancelled,0,0,15493
3843,248,2025-10-06 03:23:00,Completed,0,0,8895
3844,345,2025-07-13 13:00:00,Cancelled,0,0,14494
3845,468,2025-12-01 05:51:00,Completed,794.4,0,4501.6
3846,445,2025-08-07 20:06:00,Completed,664.75,0,12630.25
3847,40,2025-06-15 15:54:00,Cancelled,1624.2,0,14617.8
3848,95,2025-08-05 16:25:00,Completed,1239.4,0,11154.6
3849,477,2025-12-11 05:07:00,Completed,319.9,0,2879.1
3850,28,2025-09-27 21:29:00,Completed,1244.25,0,7050.75
3851,14,2025-01-27 10:54:00,Returned,1009.6,0,19182.4
3852,147,2025-09-20 10:57:00,Returned,0,0,4994
3853,117,2025-09-30 03:56:00,Completed,944.7,0,5353.3
3854,344,2025-12-14 05:49:00,Completed,0,0,19191
3855,351,2025-06-01 15:49:00,Completed,474.65,0,9018.35
3856,138,2025-08-21 17:03:00,Completed,2218.8,0,12573.2
3857,245,2025-06-29 11:40:00,Returned,1509.3,0,13583.7
3858,20,2025-01-07 23:31:00,Returned,0,0,9645
3859,393,2025-07-05 18:45:00,Cancelled,0,0,1599
3860,57,2025-07-11 21:26:00,Cancelled,0,0,10794
3861,347,2025-04-13 06:20:00,Completed,0,79,878
3862,28,2025-12-18 18:13:00,Completed,0,0,8095
3863,27,2025-10-09 04:12:00,Completed,0,0,4998
3864,62,2025-11-05 18:18:00,Completed,1244.4,0,23643.6
3865,284,2025-02-07 19:57:00,Returned,399.8,0,3598.2
3866,409,2025-04-30 20:22:00,Completed,0,0,10993
3867,57,2025-05-03 20:01:00,Completed,0,0,4497
3868,213,2025-06-17 23:27:00,Completed,129.9,0,2468.1
3869,226,2025-08-16 09:05:00,Returned,424.75,0,8070.25
3870,78,2025-03-07 22:31:00,Returned,4183.5,0,23706.5
3871,305,2025-03-01 12:52:00,Returned,0,0,3097
3872,35,2025-05-13 05:46:00,Completed,1499.7,0,8498.3
3873,187,2025-06-06 13:28:00,Completed,0,0,6598
3874,459,2025-05-16 02:36:00,Completed,1859.1,0,16731.9
3875,99,2025-05-11 00:57:00,Completed,0,0,1798
3876,15,2025-07-18 03:13:00,Returned,0,79,1378
3877,110,2025-09-30 07:54:00,Completed,0,0,3199
3878,494,2025-06-12 15:37:00,Completed,0,0,7495
3879,149,2025-03-08 12:46:00,Completed,619.7,0,11774.3
3880,156,2025-12-05 22:53:00,Completed,69.9,79,1407.1
3881,338,2025-07-22 13:09:00,Completed,599.6,0,5396.4
3882,65,2025-02-07 02:27:00,Cancelled,0,0,21492
3883,315,2025-03-18 07:17:00,Returned,1129.6,0,21462.4
3884,390,2025-04-30 03:27:00,Completed,0,0,13393
3885,354,2025-04-20 15:59:00,Returned,149.85,0,2847.15
3886,381,2025-05-04 20:06:00,Returned,404.55,0,2292.45
3887,328,2025-09-05 17:27:00,Cancelled,0,0,22693
3888,141,2025-02-24 22:43:00,Completed,247.3,0,4698.7
3889,191,2025-12-02 20:54:00,Cancelled,784.55,0,14906.45
3890,429,2025-07-05 07:04:00,Returned,0,0,15293
3891,266,2025-06-17 19:25:00,Cancelled,1104.55,0,20986.45
3892,307,2025-06-29 15:58:00,Cancelled,724.5,0,6520.5
3893,200,2025-07-23 16:03:00,Completed,669.7,0,6027.3
3894,47,2025-11-02 11:55:00,Completed,299.9,0,2699.1
3895,331,2025-11-10 00:32:00,Cancelled,0,0,8997
3896,391,2025-03-04 04:42:00,Completed,0,0,7496
3897,200,2025-09-06 15:08:00,Completed,494.85,0,9402.15
3898,64,2025-08-06 05:44:00,Completed,0,79,778
3899,406,2025-03-31 15:41:00,Returned,2514.1,0,22626.9
3900,93,2025-02-21 21:57:00,Completed,269.8,0,2428.2
3901,123,2025-09-04 08:07:00,Completed,0,0,21691
3902,116,2025-11-25 00:55:00,Cancelled,1168.8,0,6623.2
3903,203,2025-06-01 21:50:00,Completed,0,0,13992
3904,492,2025-12-15 02:08:00,Cancelled,0,0,5997
3905,123,2025-12-02 06:03:00,Completed,0,0,1798
3906,485,2025-12-13 01:11:00,Completed,0,0,7442
3907,422,2025-03-06 05:14:00,Completed,0,79,1477
3908,386,2025-06-14 22:55:00,Completed,0,0,1998
3909,426,2025-02-23 07:30:00,Completed,0,0,9344
3910,116,2025-02-27 13:52:00,Returned,1799.4,0,10196.6
3911,317,2025-11-02 06:28:00,Completed,529.65,0,10063.35
3912,279,2025-10-14 07:34:00,Completed,0,0,10995
3913,64,2025-02-19 07:50:00,Completed,644.65,0,12248.35
3914,226,2025-09-07 00:00:00,Completed,1934.1,0,10959.9
3915,438,2025-04-15 08:35:00,Returned,0,0,3897
3916,416,2025-04-02 18:41:00,Returned,532.2,0,3015.8
3917,252,2025-09-04 18:35:00,Completed,202.3,0,3843.7
3918,395,2025-05-31 03:20:00,Completed,989.7,0,8907.3
3919,349,2025-09-10 01:41:00,Returned,0,0,20991
3920,494,2025-10-30 10:21:00,Returned,0,0,4997
3921,131,2025-12-17 01:14:00,Completed,0,0,21441
3922,213,2025-02-19 17:37:00,Completed,199.9,0,3798.1
3923,67,2025-01-24 15:09:00,Completed,879.6,0,16712.4
3924,125,2025-03-17 11:56:00,Completed,0,0,1598
3925,339,2025-11-07 00:21:00,Returned,0,0,18594
3926,13,2025-08-19 05:58:00,Returned,169.8,0,1528.2
3927,417,2025-12-05 19:01:00,Completed,1089.3,0,9803.7
3928,441,2025-05-15 08:20:00,Completed,799.65,0,15193.35
3929,18,2025-06-11 08:03:00,Returned,0,0,13594
3930,403,2025-03-31 01:07:00,Returned,0,0,11695
3931,448,2025-01-18 11:47:00,Returned,899.7,0,8097.3
3932,293,2025-02-06 08:50:00,Completed,227.3,0,4318.7
3933,12,2025-05-30 22:26:00,Completed,1694.1,0,9599.9
3934,180,2025-03-29 11:26:00,Completed,0,0,9394
3935,228,2025-08-05 01:05:00,Completed,134.85,0,2562.15
3936,46,2025-09-17 03:10:00,Returned,0,0,5998
3937,31,2025-10-13 21:07:00,Completed,0,0,6046
3938,445,2025-02-06 15:16:00,Completed,0,0,7594
3939,359,2025-05-07 03:37:00,Completed,2518.95,0,14274.05
3940,472,2025-05-30 08:24:00,Cancelled,2128.8,0,12063.2
3941,95,2025-09-18 02:55:00,Completed,769.75,0,14625.25
3942,478,2025-12-31 19:52:00,Returned,629.7,0,11964.3
3943,48,2025-05-17 09:33:00,Cancelled,524.65,0,9968.35
3944,121,2025-10-24 04:41:00,Returned,554.3,0,4988.7
3945,245,2025-07-23 21:40:00,Returned,0,0,11192
3946,439,2025-03-17 11:07:00,Cancelled,0,79,1477
3947,65,2025-10-03 18:28:00,Completed,1761.15,0,9979.85
3948,302,2025-03-03 19:12:00,Completed,659.55,0,3737.45
3949,108,2025-02-27 14:27:00,Cancelled,0,0,10792
3950,434,2025-12-01 13:46:00,Completed,634.65,0,12058.35
3951,182,2025-08-19 14:59:00,Completed,324.8,0,6171.2
3952,493,2025-05-25 08:39:00,Completed,382.05,0,2164.95
3953,165,2025-08-23 10:08:00,Completed,769.5,0,14620.5
3954,364,2025-12-09 20:30:00,Completed,0,0,14093
3955,461,2025-06-24 06:49:00,Completed,0,0,29688
3956,200,2025-10-20 10:43:00,Cancelled,0,0,23990
3957,210,2025-08-05 19:34:00,Completed,559.75,0,10635.25
3958,89,2025-11-25 19:52:00,Completed,1274.55,0,7222.45
3959,411,2025-02-22 13:22:00,Completed,949.4,0,8544.6
3960,289,2025-02-03 18:07:00,Completed,259.7,0,2337.3
3961,176,2025-11-07 05:22:00,Completed,0,0,8997
3962,219,2025-11-10 15:33:00,Completed,0,0,14643
3963,33,2025-04-11 06:48:00,Returned,0,0,10995
3964,426,2025-08-10 18:55:00,Returned,0,0,5496
3965,357,2025-07-14 21:36:00,Returned,1116.45,0,6326.55
3966,216,2025-05-15 01:15:00,Completed,104.85,79,673.15
3967,307,2025-02-18 08:27:00,Completed,1019.55,0,5777.45
3968,189,2025-11-05 12:27:00,Returned,0,0,17291
3969,183,2025-12-13 23:56:00,Completed,0,0,3196
3970,369,2025-09-03 07:19:00,Returned,1549.4,0,13944.6
3971,351,2025-02-10 14:36:00,Completed,149.95,0,2849.05
3972,486,2025-06-18 11:12:00,Completed,2229.0,0,20061.0
3973,203,2025-10-13 22:29:00,Returned,0,0,7941
3974,496,2025-08-12 14:10:00,Cancelled,0,0,10243
3975,195,2025-12-27 05:38:00,Completed,0,0,22892
3976,26,2025-03-14 00:18:00,Completed,0,0,11695
3977,398,2025-05-24 07:50:00,Returned,509.85,0,9687.15
3978,271,2025-02-21 09:39:00,Completed,644.7,0,3653.3
3979,190,2025-04-18 02:42:00,Completed,194.85,0,3702.15
3980,155,2025-07-09 12:28:00,Completed,0,0,1998
3981,371,2025-12-24 22:04:00,Returned,1249.3,0,11243.7
3982,4,2025-04-05 03:45:00,Returned,0,0,21839
3983,431,2025-01-03 03:42:00,Completed,2369.4,0,13426.6
3984,471,2025-03-23 23:43:00,Completed,0,0,3998
3985,269,2025-07-15 10:17:00,Returned,3089.1,0,17504.9
3986,428,2025-05-22 15:05:00,Completed,349.9,0,6648.1
3987,43,2025-06-11 23:15:00,Completed,299.7,0,1698.3
3988,30,2025-03-19 15:25:00,Cancelled,409.5,0,3685.5
3989,26,2025-06-17 08:58:00,Cancelled,739.75,0,14055.25
3990,92,2025-06-08 12:55:00,Completed,449.85,0,8547.15
3991,213,2025-02-26 23:48:00,Completed,0,0,4795
3992,154,2025-10-15 17:52:00,Completed,769.55,0,14621.45
3993,467,2025-09-08 01:35:00,Completed,834.6,0,15857.4
3994,462,2025-06-03 08:47:00,Completed,2203.95,0,12489.05
3995,359,2025-06-27 01:04:00,Completed,299.7,0,1698.3
3996,395,2025-04-01 13:32:00,Completed,2668.65,0,15122.35
3997,151,2025-03-18 00:28:00,Completed,0,0,9597
3998,220,2025-10-01 02:57:00,Completed,0,0,5395
3999,306,2025-11-30 14:25:00,Completed,349.9,0,6648.1
4000,444,2025-08-24 02:20:00,Completed,0,0,1798
4001,353,2025-08-23 11:48:00,Completed,399.8,0,3598.2
4002,129,2025-04-02 16:18:00,Completed,1459.2,0,13132.8
4003,410,2025-01-24 13:27:00,Completed,0,0,17496
4004,301,2025-03-02 08:13:00,Completed,0,0,4297
4005,319,2025-09-06 17:14:00,Completed,0,0,15942
4006,304,2025-10-27 08:51:00,Completed,404.7,0,7689.3
4007,409,2025-03-08 01:34:00,Completed,0,0,17192
4008,436,2025-07-26 20:10:00,Returned,0,0,8997
4009,32,2025-04-26 11:59:00,Completed,904.5,0,8140.5
4010,224,2025-12-28 13:09:00,Cancelled,0,0,13294
4011,263,2025-09-07 06:59:00,Completed,0,79,928
4012,448,2025-05-22 11:02:00,Cancelled,449.85,0,8547.15
4013,314,2025-08-13 17:51:00,Completed,0,0,3396
4014,457,2025-03-02 01:03:00,Returned,79.9,0,1518.1
4015,150,2025-09-21 09:15:00,Returned,0,0,5696
4016,360,2025-06-10 20:45:00,Completed,209.7,0,1887.3
4017,197,2025-05-22 18:55:00,Returned,209.8,0,3986.2
4018,240,2025-11-09 01:40:00,Completed,0,0,7697
4019,336,2025-09-29 18:01:00,Completed,364.7,0,6929.3
4020,460,2025-03-02 19:34:00,Completed,1199.5,0,22790.5
4021,249,2025-06-07 00:24:00,Completed,0,0,6347
4022,162,2025-04-25 05:00:00,Completed,184.85,0,3512.15
4023,60,2025-04-07 10:10:00,Completed,734.6,0,13957.4
4024,107,2025-11-15 23:44:00,Completed,462.2,0,8781.8
4025,66,2025-01-12 22:59:00,Completed,2083.8,0,11808.2
4026,111,2025-03-20 15:26:00,Returned,554.7,0,10539.3
4027,116,2025-09-19 14:53:00,Cancelled,324.8,0,6171.2
4028,436,2025-04-15 19:03:00,Completed,0,0,2998
4029,416,2025-01-24 14:05:00,Completed,1949.1,0,11044.9
4030,71,2025-11-27 10:34:00,Completed,0,0,8395
4031,153,2025-04-17 13:22:00,Returned,1604.25,0,9090.75
4032,191,2025-08-04 17:48:00,Completed,0,0,10495
4033,274,2025-08-18 19:35:00,Cancelled,0,0,9795
4034,124,2025-04-24 22:33:00,Cancelled,0,0,3597
4035,14,2025-11-09 23:45:00,Returned,0,0,3797
4036,126,2025-10-07 13:59:00,Completed,0,0,16492
4037,238,2025-06-11 15:46:00,Cancelled,0,0,9744
4038,30,2025-10-12 16:09:00,Completed,0,0,7997
4039,409,2025-10-25 17:10:00,Completed,0,0,23991
4040,2,2025-10-16 16:42:00,Returned,0,0,24740
4041,279,2025-10-21 12:00:00,Completed,499.65,0,9493.35
4042,190,2025-03-29 17:43:00,Completed,2511.15,0,14229.85
4043,81,2025-11-20 09:06:00,Returned,2001.6,0,11342.4
4044,136,2025-10-14 23:00:00,Cancelled,0,0,6192
4045,460,2025-10-01 07:12:00,Completed,0,0,19891
4046,52,2025-04-21 02:42:00,Cancelled,239.7,0,2157.3
4047,153,2025-01-29 10:59:00,Returned,0,0,12941
4048,269,2025-03-30 20:49:00,Completed,869.55,0,4927.45
4049,255,2025-01-12 09:57:00,Completed,999.5,0,8995.5
4050,366,2025-02-09 09:52:00,Completed,134.85,0,2562.15
4051,71,2025-05-19 15:38:00,Cancelled,0,0,12594
4052,116,2025-01-20 11:41:00,Cancelled,2113.8,0,11978.2
4053,367,2025-07-25 08:57:00,Completed,559.8,0,5038.2
4054,209,2025-07-17 04:07:00,Cancelled,432.1,0,8209.9
4055,135,2025-06-21 17:50:00,Completed,2289.3,0,20603.7
4056,316,2025-05-19 01:27:00,Returned,129.9,0,2468.1
4057,117,2025-09-22 05:28:00,Returned,674.1,0,3819.9
4058,122,2025-11-12 04:51:00,Completed,1513.9,0,13625.1
4059,289,2025-07-31 13:05:00,Completed,449.8,0,8546.2
4060,27,2025-10-14 09:12:00,Completed,0,0,4797
4061,75,2025-09-04 07:40:00,Completed,0,0,2999
4062,77,2025-08-08 13:55:00,Completed,0,0,18291
4063,25,2025-11-02 03:27:00,Completed,0,0,12393
4064,28,2025-02-19 15:56:00,Cancelled,0,0,17692
4065,467,2025-11-28 10:11:00,Returned,1049.4,0,9444.6
4066,29,2025-09-13 06:10:00,Completed,1573.95,0,8919.05
4067,385,2025-02-03 03:52:00,Completed,494.85,0,9402.15
4068,328,2025-03-17 11:02:00,Completed,3118.95,0,17674.05
4069,391,2025-12-10 13:21:00,Completed,1274.55,0,24216.45
4070,42,2025-07-30 00:10:00,Cancelled,1739.1,0,15651.9
4071,184,2025-11-03 20:57:00,Cancelled,1204.55,0,22886.45
4072,84,2025-09-29 23:50:00,Completed,0,0,9596
4073,467,2025-12-04 07:40:00,Completed,1409.1,0,7984.9
4074,177,2025-12-14 14:33:00,Completed,1109.2,0,9982.8
4075,468,2025-11-14 15:09:00,Returned,609.6,0,5486.4
4076,322,2025-12-04 02:01:00,Completed,3433.5,0,19456.5
4077,34,2025-07-14 20:16:00,Completed,0,0,8997
4078,183,2025-09-17 11:38:00,Completed,1499.7,0,8498.3
4079,37,2025-01-01 10:41:00,Completed,602.05,0,11438.95
4080,457,2025-07-13 11:07:00,Returned,209.85,0,3987.15
4081,367,2025-08-28 22:01:00,Cancelled,0,0,2397
4082,482,2025-05-03 18:21:00,Cancelled,1049.55,0,19941.45
4083,318,2025-01-11 23:30:00,Completed,0,0,8997
4084,327,2025-02-21 02:11:00,Completed,354.75,0,6740.25
4085,500,2025-10-11 16:37:00,Completed,1904.1,0,10789.9
4086,485,2025-11-27 23:01:00,Returned,0,0,25293
4087,219,2025-06-21 14:09:00,Completed,1341.3,0,7600.7
4088,406,2025-11-25 07:28:00,Cancelled,0,0,32689
4089,290,2025-02-25 16:19:00,Completed,274.65,0,5218.35
4090,499,2025-10-19 04:33:00,Completed,1948.8,0,11043.2
4091,85,2025-09-04 09:28:00,Cancelled,859.4,0,7734.6
4092,482,2025-04-27 02:50:00,Returned,0,0,4996
4093,426,2025-08-05 23:06:00,Completed,929.6,0,8366.4
4094,218,2025-06-07 21:39:00,Cancelled,0,0,10646
4095,117,2025-09-20 20:03:00,Returned,0,0,18292
4096,374,2025-10-12 14:40:00,Cancelled,0,0,5895
4097,203,2025-09-21 21:39:00,Completed,794.7,0,15099.3
4098,276,2025-09-09 04:54:00,Returned,639.8,0,5758.2
4099,99,2025-02-19 09:55:00,Returned,854.1,0,7686.9
4100,162,2025-12-14 18:48:00,Returned,1799.2,0,16192.8
4101,482,2025-12-07 02:54:00,Completed,384.65,0,7308.35
4102,459,2025-10-05 04:22:00,Completed,0,0,1999
4103,223,2025-08-20 04:01:00,Completed,729.3,0,6563.7
4104,488,2025-02-09 19:26:00,Completed,839.65,0,15953.35
4105,394,2025-02-11 00:11:00,Completed,1039.65,0,19753.35
4106,433,2025-11-25 12:23:00,Returned,0,0,11894
4107,267,2025-06-16 19:01:00,Returned,177.3,0,3368.7
4108,390,2025-12-26 05:07:00,Completed,0,0,10394
4109,105,2025-06-01 05:34:00,Cancelled,404.55,0,2292.45
4110,326,2025-08-02 04:37:00,Completed,299.7,0,2697.3
4111,181,2025-01-29 15:07:00,Completed,539.7,0,10254.3
4112,31,2025-05-18 03:07:00,Completed,2119.0,0,19071.0
4113,291,2025-11-15 12:43:00,Completed,0,0,13592
4114,343,2025-09-08 17:33:00,Completed,1274.3,0,11468.7
4115,319,2025-07-26 16:47:00,Completed,0,0,16044
4116,366,2025-08-14 02:57:00,Completed,0,0,5197
4117,232,2025-03-19 23:42:00,Completed,559.8,0,5038.2
4118,496,2025-02-03 08:01:00,Cancelled,569.8,0,10826.2
4119,329,2025-03-02 20:15:00,Completed,0,0,1598
4120,143,2025-12-10 20:10:00,Returned,0,0,6895
4121,276,2025-02-13 07:07:00,Returned,224.85,79,1353.15
4122,364,2025-05-04 12:51:00,Cancelled,399.8,0,3598.2
4123,25,2025-06-05 13:46:00,Completed,0,0,14292
4124,51,2025-11-06 07:39:00,Completed,0,0,3396
4125,352,2025-03-24 13:50:00,Cancelled,899.55,0,5097.45
4126,491,2025-12-14 01:40:00,Completed,0,0,3198
4127,459,2025-11-24 13:55:00,Returned,0,0,13841
4128,210,2025-08-29 01:35:00,Completed,0,0,5844
4129,320,2025-11-28 15:31:00,Returned,0,0,7497
4130,43,2025-07-07 02:47:00,Cancelled,1768.95,0,10024.05
4131,325,2025-08-28 13:16:00,Returned,254.7,0,1443.3
4132,443,2025-09-17 06:11:00,Completed,0,0,2547
4133,6,2025-03-11 12:14:00,Completed,1069.3,0,9623.7
4134,273,2025-06-17 18:19:00,Returned,232.2,0,1315.8
4135,380,2025-07-09 08:12:00,Returned,0,0,16395
4136,62,2025-06-10 20:54:00,Completed,604.6,0,11487.4
4137,413,2025-05-08 05:57:00,Completed,1254.3,0,11288.7
4138,460,2025-03-27 10:09:00,Returned,0,0,4397
4139,379,2025-04-15 18:22:00,Returned,0,0,7893
4140,192,2025-01-10 00:26:00,Returned,0,0,6744
4141,457,2025-05-30 01:30:00,Returned,337.35,0,6409.65
4142,226,2025-04-03 18:12:00,Returned,2409.1,0,21681.9
4143,269,2025-01-31 11:22:00,Cancelled,0,0,3798
4144,236,2025-07-11 00:04:00,Completed,804.75,0,15290.25
4145,425,2025-05-27 14:30:00,Completed,769.3,0,6923.7
4146,301,2025-10-03 15:00:00,Cancelled,419.85,0,2379.15
4147,277,2025-10-26 17:47:00,Completed,1199.4,0,10794.6
4148,232,2025-12-19 23:23:00,Completed,1409.3,0,12683.7
4149,481,2025-03-28 04:00:00,Cancelled,189.75,0,3605.25
4150,302,2025-10-17 21:46:00,Completed,0,0,9897
4151,39,2025-10-14 21:56:00,Completed,359.55,0,2037.45
4152,310,2025-11-03 08:21:00,Completed,1349.55,0,7647.45
4153,266,2025-03-19 19:09:00,Completed,1024.3,0,9218.7
4154,192,2025-12-25 15:50:00,Completed,0,0,1998
4155,185,2025-07-12 19:21:00,Returned,0,0,27093
4156,87,2025-10-08 16:34:00,Cancelled,314.55,0,1782.45
4157,391,2025-01-16 16:04:00,Completed,159.95,0,3039.05
4158,382,2025-03-31 06:45:00,Completed,299.7,0,1698.3
4159,260,2025-11-29 10:35:00,Returned,0,0,5546
4160,221,2025-12-30 15:31:00,Completed,554.4,0,3141.6
4161,351,2025-09-16 01:51:00,Completed,0,0,3846
4162,241,2025-10-19 15:21:00,Completed,0,0,9595
4163,435,2025-08-30 08:29:00,Completed,0,79,1078
4164,494,2025-07-17 11:39:00,Returned,0,0,13894
4165,37,2025-09-08 16:07:00,Completed,0,0,1599
4166,253,2025-06-11 16:34:00,Cancelled,374.85,0,7122.15
4167,416,2025-03-27 00:26:00,Completed,69.9,79,708.1
4168,67,2025-08-21 05:56:00,Completed,0,0,2097
4169,295,2025-06-26 07:06:00,Completed,749.7,0,4248.3
4170,388,2025-06-15 02:14:00,Completed,0,0,18894
4171,111,2025-12-06 14:02:00,Completed,449.55,0,2547.45
4172,427,2025-11-02 09:00:00,Completed,0,0,14844
4173,254,2025-03-15 15:10:00,Completed,0,0,10594
4174,118,2025-05-04 06:23:00,Completed,0,0,8997
4175,68,2025-06-16 02:02:00,Completed,0,0,6096
4176,52,2025-04-16 07:42:00,Completed,199.8,0,1798.2
4177,29,2025-10-28 04:18:00,Completed,2778.9,0,25010.1
4178,123,2025-05-02 18:03:00,Completed,0,0,6943
4179,164,2025-09-16 00:44:00,Completed,0,79,1477
4180,73,2025-12-16 12:31:00,Completed,374.85,0,7122.15
4181,266,2025-05-04 20:07:00,Completed,674.5,0,12815.5
4182,367,2025-12-12 23:45:00,Completed,0,0,24190
4183,110,2025-03-28 00:06:00,Completed,0,0,6044
4184,58,2025-09-07 11:02:00,Completed,729.7,0,13864.3
4185,144,2025-07-25 03:56:00,Completed,0,0,10495
4186,346,2025-08-09 11:27:00,Cancelled,0,0,22992
4187,197,2025-12-11 10:14:00,Completed,1719.1,0,15471.9
4188,352,2025-10-26 14:18:00,Completed,489.75,0,9305.25
4189,8,2025-10-14 01:03:00,Completed,359.55,0,2037.45
4190,157,2025-08-29 06:20:00,Completed,1624.4,0,14619.6
4191,20,2025-11-09 00:36:00,Cancelled,1364.4,0,7731.6
4192,136,2025-12-30 13:42:00,Completed,1689.4,0,15204.6
4193,402,2025-08-08 00:10:00,Completed,0,0,16393
4194,131,2025-02-17 14:26:00,Completed,304.75,0,5790.25
4195,252,2025-07-09 08:43:00,Completed,299.9,0,2699.1
4196,19,2025-06-29 17:17:00,Cancelled,404.55,0,2292.45
4197,109,2025-11-09 23:25:00,Cancelled,0,0,5997
4198,217,2025-11-30 21:22:00,Completed,299.9,0,2699.1
4199,198,2025-05-23 23:26:00,Completed,1124.1,0,6369.9
4200,472,2025-06-30 01:47:00,Returned,239.85,0,1359.15
4201,290,2025-03-21 11:29:00,Completed,0,0,1548
4202,177,2025-11-18 10:48:00,Completed,0,0,10243
4203,127,2025-04-06 21:55:00,Returned,0,0,14091
4204,439,2025-04-16 19:49:00,Completed,1409.4,0,7986.6
4205,416,2025-01-28 07:35:00,Cancelled,1019.3,0,9173.7
4206,73,2025-12-23 22:55:00,Completed,0,0,3998
4207,452,2025-02-21 18:29:00,Completed,0,0,8593
4208,303,2025-03-01 09:15:00,Cancelled,819.6,0,15572.4
4209,212,2025-09-11 13:38:00,Completed,1654.3,0,14888.7
4210,86,2025-05-16 07:31:00,Completed,0,0,10044
4211,210,2025-07-27 10:43:00,Completed,669.6,0,6026.4
4212,334,2025-04-29 04:36:00,Cancelled,0,0,14291
4213,53,2025-08-30 00:10:00,Returned,879.7,0,16714.3
4214,237,2025-05-08 17:02:00,Completed,287.35,0,5459.65
4215,97,2025-06-26 21:30:00,Returned,359.55,0,2037.45
4216,212,2025-03-05 02:06:00,Returned,709.8,0,13486.2
4217,276,2025-09-04 07:46:00,Completed,959.4,0,8634.6
4218,33,2025-11-30 03:49:00,Completed,0,0,12995
4219,280,2025-11-28 16:56:00,Cancelled,1244.4,0,7051.6
4220,243,2025-09-17 23:56:00,Completed,0,0,12791
4221,351,2025-11-14 01:48:00,Returned,0,0,5745
4222,270,2025-03-29 13:04:00,Completed,969.6,0,8726.4
4223,392,2025-08-11 06:05:00,Completed,324.8,0,2923.2
4224,391,2025-03-19 18:47:00,Completed,0,0,3198
4225,2,2025-11-25 16:50:00,Returned,0,0,3696
4226,147,2025-09-08 13:16:00,Cancelled,1259.4,0,11334.6
4227,415,2025-02-19 06:56:00,Completed,0,0,18392
4228,95,2025-07-06 22:32:00,Cancelled,849.8,0,7648.2
4229,33,2025-07-28 01:41:00,Completed,554.6,0,4991.4
4230,233,2025-07-26 00:09:00,Cancelled,3283.5,0,18606.5
4231,37,2025-01-02 10:44:00,Completed,1049.4,0,5946.6
4232,89,2025-09-29 16:42:00,Completed,1356.3,0,7685.7
4233,495,2025-04-05 14:41:00,Cancelled,209.7,79,1267.3
4234,128,2025-10-31 10:15:00,Completed,0,0,10997
4235,417,2025-09-19 13:06:00,Returned,0,0,5598
4236,27,2025-12-22 12:31:00,Cancelled,1124.55,0,6372.45
4237,198,2025-09-09 01:05:00,Completed,0,0,8997
4238,151,2025-08-13 03:56:00,Completed,69.9,79,708.1
4239,146,2025-10-08 14:19:00,Cancelled,4633.8,0,26258.2
4240,360,2025-02-05 15:59:00,Completed,724.7,0,6522.3
4241,313,2025-11-29 21:21:00,Returned,299.7,0,1698.3
4242,441,2025-10-26 01:27:00,Completed,0,0,10292
4243,244,2025-07-10 13:49:00,Completed,1059.4,0,9534.6
4244,186,2025-10-16 04:44:00,Cancelled,1401.6,0,7942.4
4245,226,2025-05-30 09:34:00,Cancelled,0,0,9297
4246,137,2025-06-16 00:11:00,Completed,959.55,0,18231.45
4247,285,2025-10-07 02:58:00,Completed,199.9,0,1799.1
4248,107,2025-03-24 18:18:00,Completed,349.7,0,3147.3
4249,47,2025-11-17 05:27:00,Cancelled,224.7,0,2022.3
4250,164,2025-03-03 00:33:00,Completed,254.7,0,2292.3
4251,444,2025-09-11 23:47:00,Cancelled,0,0,5846
4252,319,2025-06-05 01:10:00,Returned,779.7,0,14814.3
4253,187,2025-07-06 10:30:00,Completed,0,0,19391
4254,202,2025-01-31 10:20:00,Completed,352.2,0,1995.8
4255,4,2025-01-15 23:27:00,Completed,0,0,2397
4256,100,2025-02-10 14:24:00,Completed,499.9,0,9498.1
4257,193,2025-11-04 14:44:00,Cancelled,37.45,79,790.55
4258,118,2025-12-20 12:55:00,Cancelled,2376.45,0,13466.55
4259,138,2025-04-03 13:01:00,Completed,187.3,0,3558.7
4260,361,2025-10-29 13:37:00,Completed,0,0,14540
4261,56,2025-05-29 20:01:00,Completed,914.4,0,8229.6
4262,465,2025-10-16 07:55:00,Completed,749.85,0,4249.15
4263,451,2025-01-12 19:41:00,Returned,0,0,10595
4264,436,2025-06-15 10:53:00,Completed,0,0,6998
4265,206,2025-07-18 17:31:00,Completed,1349.6,0,12146.4
4266,229,2025-09-27 06:28:00,Returned,0,79,1578
4267,51,2025-05-01 12:31:00,Completed,884.6,0,16807.4
4268,197,2025-09-03 06:29:00,Completed,1454.1,0,8239.9
4269,172,2025-05-16 21:01:00,Completed,1539.3,0,13853.7
4270,229,2025-07-26 18:17:00,Completed,1154.4,0,6541.6
4271,219,2025-09-17 19:37:00,Completed,224.7,79,1352.3
4272,119,2025-10-17 02:19:00,Completed,869.4,0,4926.6
4273,313,2025-01-28 21:18:00,Completed,0,0,17095
4274,154,2025-05-20 10:46:00,Completed,0,0,15691
4275,244,2025-05-22 01:29:00,Completed,127.35,79,800.65
4276,477,2025-05-10 12:51:00,Completed,0,0,5296
4277,161,2025-07-31 16:38:00,Cancelled,299.85,0,5697.15
4278,254,2025-09-03 14:00:00,Returned,0,0,24288
4279,322,2025-03-30 10:25:00,Completed,1769.2,0,15922.8
4280,209,2025-07-28 23:28:00,Returned,0,0,16591
4281,6,2025-04-12 04:47:00,Completed,0,0,4696
4282,130,2025-07-26 12:23:00,Completed,849.65,0,16143.35
4283,333,2025-06-22 09:06:00,Completed,0,0,6398
4284,464,2025-10-04 20:02:00,Completed,0,0,4495
4285,5,2025-01-13 21:37:00,Completed,149.9,79,1428.1
4286,14,2025-05-28 20:22:00,Completed,0,0,7444
4287,403,2025-06-11 04:51:00,Completed,34.95,79,743.05
4288,168,2025-09-21 22:17:00,Returned,0,0,11195
4289,246,2025-08-18 23:53:00,Cancelled,269.7,0,2427.3
4290,160,2025-03-21 00:05:00,Cancelled,1019.5,0,9175.5
4291,453,2025-10-22 22:49:00,Completed,0,0,1598
4292,110,2025-02-09 17:19:00,Completed,1209.3,0,10883.7
4293,359,2025-07-05 09:27:00,Returned,0,0,8997
4294,390,2025-10-05 08:47:00,Completed,3193.8,0,18098.2
4295,89,2025-12-28 16:57:00,Cancelled,0,0,4797
4296,109,2025-06-23 20:16:00,Completed,0,0,10492
4297,356,2025-09-19 02:53:00,Completed,0,0,16594
4298,345,2025-05-20 19:05:00,Cancelled,0,0,7894
4299,344,2025-06-11 08:26:00,Returned,1749.4,0,15744.6
4300,50,2025-11-16 23:22:00,Cancelled,614.8,0,11681.2
4301,140,2025-07-13 09:14:00,Cancelled,554.7,0,10539.3
4302,32,2025-10-27 05:49:00,Returned,359.7,0,3237.3
4303,255,2025-05-05 00:56:00,Completed,149.9,0,2848.1
4304,485,2025-04-06 23:39:00,Completed,2439.0,0,21951.0
4305,455,2025-09-16 09:38:00,Completed,0,0,16693
4306,125,2025-11-05 18:49:00,Completed,674.7,0,12819.3
4307,498,2025-10-04 16:32:00,Completed,1127.0,0,21413.0
4308,93,2025-09-18 07:38:00,Completed,2024.1,0,11469.9
4309,417,2025-07-05 20:41:00,Cancelled,0,0,16394
4310,348,2025-07-13 20:29:00,Completed,2189.4,0,12406.6
4311,183,2025-09-24 14:52:00,Completed,0,0,2997
4312,18,2025-09-06 10:56:00,Returned,0,0,9095
4313,148,2025-04-17 18:01:00,Returned,0,0,5543
4314,153,2025-11-19 08:52:00,Completed,0,79,978
4315,248,2025-02-11 17:41:00,Cancelled,0,79,1378
4316,388,2025-04-11 12:31:00,Completed,449.85,0,8547.15
4317,458,2025-08-10 02:40:00,Completed,0,0,12391
4318,94,2025-08-15 10:26:00,Completed,0,0,2698
4319,334,2025-01-03 02:47:00,Completed,0,79,828
4320,170,2025-03-23 18:59:00,Completed,0,0,1798
4321,449,2025-07-13 22:44:00,Completed,384.85,0,7312.15
4322,285,2025-12-06 07:06:00,Completed,2079.1,0,18711.9
4323,20,2025-07-14 01:50:00,Completed,0,0,1598
4324,465,2025-08-21 16:34:00,Cancelled,0,0,4596
4325,31,2025-08-24 05:51:00,Cancelled,112.35,0,2134.65
4326,318,2025-09-30 23:02:00,Returned,0,0,2598
4327,393,2025-07-20 08:29:00,Returned,0,0,14692
4328,205,2025-11-18 14:55:00,Returned,689.25,0,3905.75
4329,367,2025-11-13 18:53:00,Returned,404.5,0,3640.5
4330,84,2025-04-22 01:34:00,Completed,494.8,0,9401.2
4331,419,2025-10-06 05:01:00,Completed,0,0,1999
4332,488,2025-08-28 11:21:00,Completed,1648.95,0,9344.05
4333,175,2025-02-11 03:30:00,Completed,0,0,16895
4334,244,2025-03-31 12:14:00,Returned,204.8,0,3891.2
4335,478,2025-11-23 20:00:00,Cancelled,0,0,21792
4336,204,2025-06-13 21:53:00,Completed,2113.8,0,11978.2
4337,1,2025-10-17 16:57:00,Completed,514.5,0,4630.5
4338,104,2025-12-01 14:07:00,Completed,319.9,0,2879.1
4339,211,2025-09-27 20:27:00,Completed,854.2,0,7687.8
4340,292,2025-06-21 06:40:00,Completed,1729.4,0,15564.6
4341,299,2025-10-19 20:44:00,Completed,0,0,10492
4342,499,2025-12-09 20:15:00,Returned,0,0,13239
4343,408,2025-11-27 02:22:00,Returned,254.7,0,2292.3
4344,73,2025-04-25 01:41:00,Completed,2143.95,0,12149.05
4345,352,2025-12-17 20:54:00,Completed,0,0,3947
4346,350,2025-01-09 13:11:00,Cancelled,839.7,0,7557.3
4347,28,2025-12-05 06:01:00,Cancelled,224.85,79,1353.15
4348,135,2025-04-13 08:52:00,Cancelled,539.4,0,3056.6
4349,355,2025-09-25 15:28:00,Cancelled,169.85,0,3227.15
4350,361,2025-08-06 14:24:00,Completed,69.9,79,1407.1
4351,11,2025-11-13 13:18:00,Completed,837.2,0,15906.8
4352,248,2025-01-13 19:46:00,Returned,0,0,6597
4353,364,2025-10-29 01:35:00,Completed,814.5,0,7330.5
4354,115,2025-02-22 05:21:00,Cancelled,1349.55,0,7647.45
4355,202,2025-07-26 07:17:00,Completed,519.7,0,9874.3
4356,436,2025-03-08 09:25:00,Cancelled,397.15,0,7545.85
4357,237,2025-02-23 07:23:00,Returned,459.6,0,4136.4
4358,365,2025-11-17 10:00:00,Returned,149.9,0,2848.1
4359,364,2025-09-27 01:31:00,Completed,0,0,9343
4360,92,2025-08-22 13:02:00,Completed,1934.25,0,10960.75
4361,327,2025-03-07 08:23:00,Completed,0,0,6144
4362,414,2025-05-08 09:06:00,Completed,1393.95,0,7899.05
4363,17,2025-12-01 03:18:00,Returned,924.5,0,17565.5
4364,129,2025-05-25 17:57:00,Returned,129.9,79,1248.1
4365,38,2025-03-11 14:31:00,Returned,839.7,0,4758.3
4366,100,2025-11-05 00:53:00,Cancelled,319.9,0,6078.1
4367,292,2025-05-10 00:58:00,Cancelled,494.85,0,2804.15
4368,376,2025-03-23 05:36:00,Returned,0,0,5998
4369,317,2025-07-19 10:35:00,Returned,749.7,0,14244.3
4370,421,2025-08-01 20:20:00,Cancelled,1924.2,0,17317.8
4371,212,2025-01-23 00:35:00,Completed,1453.95,0,8239.05
4372,7,2025-01-04 22:15:00,Completed,279.9,0,2519.1
4373,79,2025-10-07 12:55:00,Cancelled,2669.25,0,15125.75
4374,461,2025-08-06 18:47:00,Completed,859.6,0,7736.4
4375,58,2025-07-07 08:04:00,Completed,0,0,2997
4376,2,2025-12-14 04:29:00,Returned,877.2,0,16666.8
4377,340,2025-10-14 13:13:00,Completed,459.6,0,4136.4
4378,287,2025-10-26 20:52:00,Cancelled,0,0,18092
4379,185,2025-07-05 16:32:00,Completed,1701.15,0,9639.85
4380,50,2025-08-11 02:42:00,Cancelled,449.7,0,2548.3
4381,188,2025-04-17 00:44:00,Returned,389.55,0,2207.45
4382,343,2025-01-30 21:54:00,Cancelled,0,0,18692
4383,96,2025-08-26 19:49:00,Cancelled,69.9,79,1407.1
4384,42,2025-02-06 17:39:00,Completed,2698.9,0,24290.1
4385,301,2025-05-12 01:53:00,Completed,1739.4,0,15654.6
4386,377,2025-10-04 00:56:00,Completed,0,0,16494
4387,234,2025-01-11 02:36:00,Completed,2729.1,0,15464.9
4388,170,2025-06-26 22:48:00,Completed,0,0,10291
4389,174,2025-12-22 20:35:00,Completed,0,0,9297
4390,318,2025-11-27 21:18:00,Completed,99.95,0,1899.05
4391,293,2025-12-21 01:25:00,Returned,1079.2,0,9712.8
4392,429,2025-05-28 17:30:00,Completed,0,0,15193
4393,226,2025-03-09 21:34:00,Cancelled,0,79,928
4394,367,2025-12-20 13:15:00,Completed,0,0,12443
4395,100,2025-01-08 10:49:00,Cancelled,2833.65,0,16057.35
4396,194,2025-06-26 14:23:00,Returned,944.6,0,17947.4
4397,449,2025-10-04 11:01:00,Returned,687.05,0,13053.95
4398,243,2025-02-27 07:02:00,Completed,499.9,0,9498.1
4399,208,2025-11-25 08:21:00,Completed,719.7,0,13674.3
4400,300,2025-05-16 20:40:00,Cancelled,619.7,0,11774.3
4401,19,2025-06-18 21:47:00,Completed,764.55,0,4332.45
4402,333,2025-02-24 02:33:00,Completed,1049.5,0,19940.5
4403,144,2025-03-25 05:36:00,Cancelled,0,0,3299
4404,40,2025-11-12 21:39:00,Completed,1129.1,0,10161.9
4405,151,2025-04-10 12:03:00,Completed,149.85,0,2847.15
4406,80,2025-08-13 03:16:00,Completed,809.1,0,7281.9
4407,357,2025-09-22 17:37:00,Completed,834.55,0,15856.45
4408,269,2025-12-12 01:34:00,Completed,0,0,9095
4409,464,2025-12-22 14:53:00,Cancelled,0,0,3998
4410,69,2025-08-03 00:23:00,Completed,2224.0,0,20016.0
4411,294,2025-06-14 11:36:00,Completed,0,0,1548
4412,266,2025-05-04 14:55:00,Completed,0,0,2247
4413,298,2025-06-07 03:10:00,Returned,0,0,10494
4414,91,2025-07-09 22:33:00,Completed,0,0,6196
4415,393,2025-07-16 05:51:00,Returned,1799.1,0,16191.9
4416,69,2025-09-11 22:03:00,Completed,0,0,12195
4417,269,2025-02-08 01:24:00,Completed,929.3,0,8363.7
4418,93,2025-11-29 23:24:00,Completed,599.7,0,5397.3
4419,304,2025-10-08 21:31:00,Completed,0,0,8797
4420,348,2025-11-24 23:14:00,Completed,0,79,978
4421,473,2025-09-17 11:02:00,Completed,0,0,17894
4422,171,2025-05-28 20:30:00,Completed,594.75,0,11300.25
4423,24,2025-07-27 02:07:00,Completed,199.9,0,3798.1
4424,468,2025-11-06 04:30:00,Completed,539.6,0,4856.4
4425,386,2025-07-11 13:35:00,Returned,759.6,0,6836.4
4426,261,2025-07-09 18:35:00,Completed,419.4,0,2376.6
4427,153,2025-09-29 12:37:00,Cancelled,349.9,0,6648.1
4428,365,2025-04-17 06:58:00,Cancelled,0,0,9597
4429,323,2025-07-18 00:36:00,Returned,0,0,7895
4430,414,2025-06-11 00:21:00,Completed,2209.0,0,19881.0
4431,255,2025-12-31 22:08:00,Completed,329.9,0,6268.1
4432,10,2025-02-01 12:15:00,Returned,0,79,1078
4433,437,2025-10-16 15:53:00,Completed,0,0,8995
4434,433,2025-06-04 22:09:00,Completed,0,0,3698
4435,81,2025-10-11 13:43:00,Completed,0,0,11595
4436,378,2025-11-01 04:10:00,Completed,0,0,10996
4437,8,2025-01-14 03:12:00,Completed,0,0,19192
4438,429,2025-09-08 18:06:00,Returned,289.8,0,5506.2
4439,60,2025-11-22 15:26:00,Completed,262.15,0,4980.85
4440,461,2025-10-03 19:55:00,Completed,0,0,16293
4441,329,2025-08-27 01:38:00,Completed,459.75,0,8735.25
4442,241,2025-03-25 13:04:00,Completed,369.8,0,7026.2
4443,416,2025-11-03 21:34:00,Cancelled,0,0,29591
4444,144,2025-08-10 05:38:00,Completed,0,0,15846
4445,370,2025-02-12 06:32:00,Completed,0,0,19895
4446,75,2025-09-06 21:01:00,Cancelled,449.8,0,8546.2
4447,474,2025-03-24 05:37:00,Completed,2563.95,0,14529.05
4448,295,2025-12-28 07:57:00,Returned,0,0,7993
4449,330,2025-08-24 08:07:00,Completed,0,0,9096
4450,229,2025-09-18 20:37:00,Completed,42.45,79,885.55
4451,391,2025-01-17 18:40:00,Returned,0,0,9493
4452,359,2025-04-05 11:51:00,Completed,0,0,17994
4453,3,2025-09-04 00:35:00,Completed,209.7,79,1267.3
4454,258,2025-06-02 12:43:00,Completed,954.65,0,18138.35
4455,128,2025-07-07 20:24:00,Completed,209.7,0,1887.3
4456,70,2025-12-07 04:29:00,Returned,0,0,9998
4457,412,2025-11-22 21:45:00,Completed,0,0,3897
4458,182,2025-07-30 05:41:00,Completed,599.8,0,5398.2
4459,216,2025-11-27 16:01:00,Returned,0,0,15595
4460,218,2025-05-17 05:53:00,Completed,0,0,16594
4461,209,2025-11-21 02:18:00,Completed,549.8,0,10446.2
4462,407,2025-03-03 01:38:00,Completed,304.65,0,5788.35
4463,373,2025-02-09 23:11:00,Completed,2239.3,0,20153.7
4464,238,2025-02-01 13:28:00,Returned,1149.3,0,10343.7
4465,236,2025-09-26 02:47:00,Completed,0,0,3499
4466,430,2025-05-29 16:49:00,Completed,2039.25,0,11555.75
4467,158,2025-10-28 20:01:00,Completed,0,0,11193
4468,87,2025-12-24 06:44:00,Completed,0,0,22992
4469,366,2025-08-01 09:03:00,Completed,0,0,2999
4470,21,2025-12-10 08:43:00,Completed,199.9,0,3798.1
4471,112,2025-02-15 11:46:00,Cancelled,859.65,0,16333.35
4472,137,2025-03-01 08:33:00,Completed,0,0,16894
4473,369,2025-03-09 14:30:00,Completed,1089.6,0,9806.4
4474,54,2025-06-21 03:07:00,Completed,569.65,0,10823.35
4475,19,2025-07-21 03:41:00,Completed,0,0,5195
4476,435,2025-12-24 01:31:00,Completed,0,0,21992
4477,332,2025-06-06 10:52:00,Returned,1079.4,0,9714.6
4478,379,2025-11-09 13:43:00,Cancelled,0,0,4797
4479,345,2025-01-08 18:47:00,Returned,274.8,0,5221.2
4480,14,2025-11-01 19:43:00,Cancelled,2249.55,0,12747.45
4481,483,2025-12-29 03:50:00,Cancelled,824.75,0,15670.25
4482,172,2025-12-30 18:55:00,Completed,259.8,0,4936.2
4483,421,2025-01-23 04:25:00,Completed,2953.8,0,16738.2
4484,431,2025-08-12 08:35:00,Completed,0,0,6998
4485,290,2025-11-24 23:08:00,Returned,2099.1,0,18891.9
4486,265,2025-04-30 21:24:00,Completed,757.1,0,14384.9
4487,258,2025-11-09 07:40:00,Completed,0,79,1078
4488,233,2025-10-23 05:03:00,Cancelled,279.7,0,2517.3
4489,9,2025-02-12 14:52:00,Completed,1934.1,0,10959.9
4490,487,2025-10-28 13:49:00,Completed,299.85,0,5697.15
4491,345,2025-05-03 19:01:00,Returned,479.7,0,4317.3
4492,397,2025-09-28 13:14:00,Completed,399.7,0,3597.3
4493,330,2025-09-10 13:00:00,Returned,0,0,8743
4494,426,2025-01-25 21:38:00,Completed,0,0,12894
4495,25,2025-12-21 22:37:00,Cancelled,299.8,0,2698.2
4496,160,2025-02-09 18:36:00,Returned,919.6,0,8276.4
4497,191,2025-01-07 22:11:00,Cancelled,0,0,6398
4498,61,2025-11-19 16:07:00,Returned,649.65,0,12343.35
4499,8,2025-05-02 04:53:00,Completed,769.6,0,14622.4
4500,497,2025-12-21 21:50:00,Completed,0,0,19193
4501,420,2025-08-17 11:41:00,Returned,2009.4,0,11386.6
4502,422,2025-10-14 12:02:00,Completed,659.8,0,5938.2
4503,285,2025-08-08 14:54:00,Completed,1279.4,0,11514.6
4504,104,2025-11-03 04:31:00,Completed,499.9,0,4499.1
4505,23,2025-01-14 06:31:00,Cancelled,0,0,1999
4506,325,2025-03-15 00:32:00,Completed,404.55,0,2292.45
4507,13,2025-10-23 14:22:00,Completed,1129.5,0,10165.5
4508,134,2025-06-09 08:57:00,Cancelled,104.85,79,673.15
4509,382,2025-12-10 22:57:00,Completed,0,0,2397
4510,354,2025-03-28 14:44:00,Completed,169.85,0,3227.15
4511,87,2025-07-15 00:47:00,Completed,1004.25,0,5690.75
4512,163,2025-07-16 17:32:00,Completed,1374.3,0,12368.7
4513,181,2025-04-08 19:04:00,Cancelled,749.85,0,4249.15
4514,285,2025-08-14 13:05:00,Returned,789.3,0,7103.7
4515,194,2025-11-26 20:02:00,Cancelled,149.8,79,1427.2
4516,115,2025-08-28 19:19:00,Completed,2368.65,0,13422.35
4517,7,2025-03-23 09:59:00,Cancelled,0,0,2497
4518,205,2025-12-04 02:20:00,Completed,0,0,4196
4519,477,2025-11-08 13:02:00,Completed,299.9,0,5698.1
4520,454,2025-11-15 14:32:00,Returned,1079.5,0,9715.5
4521,283,2025-03-08 18:13:00,Cancelled,694.6,0,13197.4
4522,353,2025-04-30 18:35:00,Completed,884.5,0,7960.5
4523,309,2025-01-12 16:07:00,Completed,1059.5,0,9535.5
4524,116,2025-04-04 21:35:00,Returned,0,0,8996
4525,9,2025-08-27 19:51:00,Completed,719.55,0,4077.45
4526,265,2025-08-06 00:04:00,Completed,0,0,2247
4527,477,2025-05-22 10:04:00,Completed,0,0,3096
4528,107,2025-04-13 15:35:00,Cancelled,479.7,0,4317.3
4529,75,2025-06-29 00:29:00,Completed,562.2,0,3185.8
4530,423,2025-12-11 01:41:00,Returned,959.7,0,8637.3
4531,229,2025-06-20 10:00:00,Completed,0,0,20092
4532,201,2025-08-20 06:13:00,Completed,34.95,79,743.05
4533,144,2025-02-13 11:48:00,Completed,809.55,0,15381.45
4534,452,2025-12-20 05:44:00,Completed,0,0,5595
4535,271,2025-03-24 22:28:00,Returned,294.8,0,5601.2
4536,16,2025-02-10 15:42:00,Completed,84.9,0,1613.1
4537,460,2025-01-31 01:52:00,Returned,0,0,10794
4538,475,2025-11-04 20:58:00,Completed,816.9,0,4629.1
4539,245,2025-09-03 12:21:00,Completed,149.95,0,2849.05
4540,391,2025-03-04 09:22:00,Completed,0,0,10296
4541,332,2025-03-25 13:52:00,Completed,2059.3,0,18533.7
4542,390,2025-05-09 10:43:00,Completed,299.7,0,1698.3
4543,388,2025-10-21 07:38:00,Completed,612.2,0,11631.8
4544,93,2025-12-18 01:54:00,Cancelled,1899.4,0,17094.6
4545,259,2025-12-29 22:12:00,Cancelled,749.7,0,6747.3
4546,396,2025-12-20 19:10:00,Completed,104.85,79,673.15
4547,170,2025-03-17 16:28:00,Completed,0,0,6642
4548,68,2025-10-26 19:44:00,Returned,0,0,9894
4549,460,2025-05-13 17:48:00,Completed,1026.3,0,5815.7
4550,326,2025-11-15 01:34:00,Returned,2069.3,0,18623.7
4551,58,2025-06-29 14:35:00,Completed,229.7,0,2067.3
4552,430,2025-07-26 05:04:00,Returned,2249.0,0,20241.0
4553,33,2025-05-30 00:44:00,Returned,849.6,0,7646.4
4554,213,2025-03-03 13:10:00,Completed,0,0,6242
4555,71,2025-04-03 09:29:00,Cancelled,1109.4,0,6286.6
4556,226,2025-01-22 21:29:00,Completed,2998.5,0,16991.5
4557,171,2025-08-22 17:23:00,Returned,1754.4,0,9941.6
4558,14,2025-11-14 06:18:00,Completed,419.8,0,7976.2
4559,147,2025-09-02 03:04:00,Completed,2511.75,0,14233.25
4560,44,2025-08-16 02:50:00,Cancelled,319.9,0,2879.1
4561,242,2025-12-01 13:42:00,Cancelled,394.85,0,7502.15
4562,125,2025-10-11 06:12:00,Completed,0,0,12096
4563,356,2025-03-31 23:05:00,Completed,499.9,0,9498.1
4564,231,2025-06-17 19:04:00,Completed,509.7,0,4587.3
4565,185,2025-08-08 17:42:00,Returned,0,0,2198
4566,461,2025-05-17 06:21:00,Completed,2766.3,0,15675.7
4567,224,2025-09-14 13:15:00,Completed,469.5,0,4225.5
4568,385,2025-03-09 13:55:00,Completed,599.6,0,5396.4
4569,141,2025-03-13 18:18:00,Completed,417.3,0,7928.7
4570,135,2025-04-19 20:48:00,Returned,1829.25,0,10365.75
4571,378,2025-04-17 16:30:00,Completed,0,79,1378
4572,262,2025-03-19 23:37:00,Cancelled,0,0,7997
4573,319,2025-06-28 09:31:00,Completed,0,0,2397
4574,263,2025-01-18 07:02:00,Completed,199.9,0,3798.1
4575,267,2025-01-09 02:51:00,Returned,199.8,0,1798.2
4576,469,2025-07-03 15:16:00,Completed,149.85,0,2847.15
4577,171,2025-11-14 20:47:00,Returned,1199.25,0,6795.75
4578,306,2025-07-14 19:51:00,Returned,0,79,928
4579,150,2025-02-03 15:41:00,Completed,2248.95,0,12744.05
4580,403,2025-07-23 00:57:00,Cancelled,749.7,0,4248.3
4581,55,2025-02-12 10:57:00,Returned,319.75,0,6075.25
4582,312,2025-06-03 11:40:00,Completed,757.05,0,4289.95
4583,18,2025-03-01 11:12:00,Completed,174.9,0,3323.1
4584,382,2025-03-30 09:43:00,Cancelled,479.7,0,4317.3
4585,136,2025-07-30 08:35:00,Returned,0,0,15292
4586,368,2025-05-25 01:53:00,Completed,0,0,15293
4587,263,2025-11-26 18:04:00,Returned,0,0,20091
4588,468,2025-06-20 21:32:00,Completed,0,0,2097
4589,134,2025-03-15 18:00:00,Completed,979.5,0,8815.5
4590,405,2025-04-13 19:45:00,Cancelled,0,0,6598
4591,232,2025-08-30 06:48:00,Completed,1499.4,0,13494.6
4592,329,2025-12-19 09:33:00,Completed,1659.5,0,14935.5
4593,40,2025-04-07 08:01:00,Returned,0,0,9294
4594,52,2025-05-05 22:54:00,Returned,939.6,0,17852.4
4595,371,2025-03-11 21:12:00,Returned,507.1,0,9634.9
4596,163,2025-06-17 07:44:00,Cancelled,0,0,12394
4597,278,2025-08-17 01:04:00,Completed,1094.55,0,6202.45
4598,56,2025-09-12 13:07:00,Completed,0,0,4797
4599,129,2025-12-27 01:38:00,Completed,879.6,0,7916.4
4600,153,2025-09-22 02:58:00,Returned,0,0,1999
4601,364,2025-04-17 07:44:00,Completed,239.7,0,1358.3
4602,173,2025-07-08 20:24:00,Returned,1099.6,0,20892.4
4603,158,2025-05-25 12:57:00,Completed,312.25,0,5932.75
4604,330,2025-01-29 10:12:00,Cancelled,1259.55,0,7137.45
4605,4,2025-11-11 23:17:00,Completed,0,0,2397
4606,79,2025-06-19 14:31:00,Completed,899.55,0,5097.45
4607,95,2025-08-28 09:59:00,Completed,0,0,4497
4608,380,2025-08-24 18:32:00,Returned,149.9,0,2848.1
4609,283,2025-06-09 18:22:00,Returned,0,0,8794
4610,50,2025-09-05 06:08:00,Cancelled,0,0,10342
4611,274,2025-01-31 21:10:00,Completed,0,0,7545
4612,161,2025-02-24 20:41:00,Completed,2878.95,0,16314.05
4613,126,2025-02-24 09:23:00,Completed,0,0,2498
4614,144,2025-02-03 07:01:00,Completed,0,79,1378
4615,218,2025-06-04 09:11:00,Completed,0,0,15291
4616,172,2025-12-06 19:08:00,Returned,0,0,3446
4617,28,2025-06-06 18:29:00,Completed,1716.3,0,9725.7
4618,332,2025-06-06 02:04:00,Completed,1599.2,0,14392.8
4619,86,2025-12-25 14:45:00,Completed,0,0,9595
4620,227,2025-02-27 03:39:00,Completed,0,0,12796
4621,418,2025-01-05 23:18:00,Completed,0,0,5496
4622,108,2025-10-10 02:51:00,Completed,789.7,0,7107.3
4623,379,2025-11-15 21:30:00,Completed,0,0,3696
4624,270,2025-10-24 10:57:00,Completed,259.8,0,2338.2
4625,463,2025-08-21 04:15:00,Cancelled,0,0,6598
4626,332,2025-07-08 16:25:00,Completed,459.8,0,4138.2
4627,371,2025-06-04 10:51:00,Cancelled,1359.5,0,12235.5
4628,255,2025-06-27 00:33:00,Returned,449.7,0,4047.3
4629,35,2025-09-12 16:16:00,Returned,659.7,0,12534.3
4630,309,2025-05-11 05:17:00,Completed,1299.6,0,11696.4
4631,147,2025-06-08 17:48:00,Completed,0,0,5943
4632,368,2025-08-14 20:14:00,Completed,0,0,17690
4633,459,2025-05-01 22:15:00,Returned,0,0,2247
4634,213,2025-09-11 10:54:00,Completed,329.9,0,6268.1
4635,176,2025-12-05 14:38:00,Completed,0,0,9597
4636,458,2025-08-15 20:03:00,Completed,0,0,10096
4637,398,2025-05-15 03:09:00,Completed,0,0,2498
4638,321,2025-10-11 11:24:00,Completed,419.8,0,7976.2
4639,168,2025-02-23 15:30:00,Completed,0,0,13993
4640,111,2025-08-13 09:09:00,Cancelled,0,0,4998
4641,38,2025-01-02 13:18:00,Cancelled,0,0,28193
4642,263,2025-08-25 13:03:00,Cancelled,0,0,23243
4643,499,2025-03-02 23:36:00,Completed,1179.6,0,22412.4
4644,204,2025-10-18 12:58:00,Returned,1259.55,0,7137.45
4645,140,2025-12-09 11:08:00,Completed,0,0,7044
4646,276,2025-10-19 12:31:00,Completed,159.9,0,1439.1
4647,126,2025-04-06 03:53:00,Completed,0,0,6398
4648,193,2025-08-31 18:50:00,Completed,0,0,9144
4649,461,2025-04-02 05:02:00,Completed,0,0,1599
4650,478,2025-08-22 14:10:00,Completed,1649.25,0,9345.75
4651,468,2025-09-17 18:12:00,Returned,1849.4,0,16644.6
4652,231,2025-04-20 16:48:00,Cancelled,0,79,1378
4653,17,2025-12-01 11:11:00,Returned,0,0,4797
4654,108,2025-08-27 15:21:00,Completed,0,0,7444
4655,143,2025-10-09 21:39:00,Completed,1199.5,0,10795.5
4656,203,2025-07-07 10:40:00,Completed,629.7,0,3568.3
4657,241,2025-01-29 04:07:00,Completed,0,0,22592
4658,495,2025-11-09 13:42:00,Returned,469.65,0,8923.35
4659,251,2025-08-27 01:10:00,Cancelled,0,0,17794
4660,419,2025-04-06 08:25:00,Returned,0,0,18593
4661,300,2025-10-31 01:58:00,Completed,1599.4,0,14394.6
4662,37,2025-03-01 02:52:00,Completed,2039.3,0,18353.7
4663,408,2025-10-25 02:25:00,Cancelled,0,0,11844
4664,132,2025-02-06 17:28:00,Completed,0,0,16142
4665,442,2025-07-06 16:57:00,Cancelled,374.55,0,2122.45
4666,111,2025-05-01 21:18:00,Completed,1079.6,0,9716.4
4667,181,2025-11-21 18:11:00,Completed,1866.45,0,10576.55
4668,214,2025-06-21 07:03:00,Completed,499.9,0,4499.1
4669,7,2025-11-12 06:44:00,Completed,0,79,1477
4670,80,2025-10-14 01:15:00,Completed,0,0,12493
4671,424,2025-10-19 07:37:00,Completed,584.25,0,3310.75
4672,134,2025-03-22 15:52:00,Completed,0,0,5544
4673,375,2025-10-21 16:13:00,Completed,1094.65,0,20798.35
4674,258,2025-02-23 20:58:00,Returned,0,0,13740
4675,10,2025-11-16 06:14:00,Completed,619.8,0,11776.2
4676,96,2025-09-05 11:38:00,Completed,389.8,0,3508.2
4677,95,2025-03-17 03:51:00,Completed,1439.4,0,8156.6
4678,97,2025-04-06 18:59:00,Completed,669.6,0,12722.4
4679,217,2025-01-03 17:25:00,Completed,769.5,0,6925.5
4680,417,2025-01-03 23:21:00,Completed,1499.3,0,13493.7
4681,500,2025-12-15 02:32:00,Completed,0,0,7997
4682,61,2025-10-26 22:05:00,Cancelled,1009.6,0,9086.4
4683,356,2025-12-07 16:21:00,Completed,2578.5,0,14611.5
4684,423,2025-07-31 18:28:00,Completed,0,0,4999
4685,141,2025-06-06 18:45:00,Cancelled,419.7,0,7974.3
4686,455,2025-12-15 08:09:00,Completed,79.9,79,798.1
4687,62,2025-09-12 14:30:00,Completed,527.25,0,10017.75
4688,496,2025-11-27 03:51:00,Returned,0,0,11794
4689,168,2025-02-21 01:42:00,Completed,0,0,4944
4690,87,2025-08-31 03:01:00,Completed,1639.4,0,14754.6
4691,345,2025-12-29 09:14:00,Completed,0,0,12193
4692,447,2025-05-14 06:15:00,Returned,599.7,0,5397.3
4693,293,2025-03-14 22:43:00,Completed,0,0,8997
4694,485,2025-11-27 18:57:00,Returned,594.7,0,11299.3
4695,61,2025-12-12 17:26:00,Cancelled,449.55,0,2547.45
4696,219,2025-04-01 11:18:00,Cancelled,419.7,0,3777.3
4697,52,2025-04-13 06:58:00,Cancelled,1069.2,0,9622.8
4698,220,2025-01-06 10:17:00,Completed,0,0,12395
4699,241,2025-02-10 04:31:00,Returned,0,0,7494
4700,56,2025-08-21 16:52:00,Cancelled,1739.4,0,15654.6
4701,438,2025-01-27 08:05:00,Cancelled,3049.0,0,27441.0
4702,381,2025-12-20 17:24:00,Returned,249.75,0,4745.25
4703,127,2025-03-03 14:21:00,Completed,0,79,1477
4704,58,2025-06-01 22:14:00,Cancelled,594.75,0,11300.25
4705,177,2025-08-14 13:52:00,Cancelled,0,0,1998
4706,67,2025-07-02 21:48:00,Completed,0,0,19693
4707,170,2025-11-27 10:10:00,Cancelled,689.7,0,3908.3
4708,219,2025-09-06 16:13:00,Completed,329.7,0,6264.3
4709,297,2025-02-25 19:29:00,Completed,0,0,11739
4710,172,2025-12-31 20:44:00,Completed,249.7,0,2247.3
4711,258,2025-09-12 03:04:00,Completed,0,0,1598
4712,306,2025-06-20 11:12:00,Cancelled,2608.65,0,14782.35
4713,258,2025-12-03 04:38:00,Completed,1269.5,0,24120.5
4714,229,2025-10-25 06:44:00,Cancelled,604.65,0,11488.35
4715,467,2025-02-06 11:16:00,Completed,199.8,0,1798.2
4716,76,2025-06-09 04:35:00,Completed,1569.1,0,14121.9
4717,476,2025-01-11 06:23:00,Completed,3463.5,0,19626.5
4718,165,2025-02-09 21:41:00,Completed,449.85,0,8547.15
4719,319,2025-05-25 00:31:00,Completed,0,0,2297
4720,61,2025-12-31 23:04:00,Completed,112.35,79,715.65
4721,72,2025-01-27 18:09:00,Completed,0,0,9897
4722,92,2025-10-27 22:22:00,Completed,499.8,0,4498.2
4723,463,2025-12-12 14:11:00,Cancelled,149.9,0,2848.1
4724,124,2025-09-04 16:12:00,Returned,209.7,0,1887.3
4725,246,2025-12-26 09:20:00,Completed,0,0,7597
4726,279,2025-06-07 23:55:00,Completed,1874.1,0,10619.9
4727,406,2025-01-28 17:08:00,Completed,0,0,3299
4728,407,2025-01-26 12:42:00,Completed,3358.8,0,19033.2
4729,448,2025-05-29 03:31:00,Returned,1704.0,0,15336.0
4730,281,2025-03-19 03:40:00,Cancelled,1049.6,0,9446.4
4731,292,2025-03-26 07:04:00,Cancelled,0,0,16742
4732,471,2025-10-05 17:15:00,Completed,1989.2,0,17902.8
4733,139,2025-12-04 02:57:00,Completed,0,0,7795
4734,201,2025-05-08 18:36:00,Returned,2623.65,0,14867.35
4735,30,2025-04-26 02:30:00,Returned,0,0,6294
4736,330,2025-01-13 20:12:00,Cancelled,1731.6,0,9812.4
4737,121,2025-10-23 20:50:00,Completed,899.7,0,8097.3
4738,113,2025-04-20 16:11:00,Completed,2639.1,0,23751.9
4739,267,2025-11-12 18:45:00,Completed,254.75,0,4840.25
4740,14,2025-02-07 00:43:00,Completed,1273.95,0,7219.05
4741,3,2025-08-17 08:03:00,Completed,0,79,1477
4742,348,2025-03-10 05:06:00,Returned,4723.5,0,26766.5
4743,124,2025-10-21 02:01:00,Completed,0,0,4096
4744,328,2025-09-07 04:32:00,Completed,899.7,0,8097.3
4745,305,2025-06-24 14:20:00,Completed,0,0,5998
4746,29,2025-11-26 01:31:00,Cancelled,1699.4,0,15294.6
4747,224,2025-09-30 19:39:00,Completed,499.9,0,9498.1
4748,83,2025-02-20 06:13:00,Completed,379.65,0,7213.35
4749,480,2025-06-29 12:10:00,Completed,801.9,0,4544.1
4750,156,2025-06-02 02:48:00,Completed,0,0,20091
4751,493,2025-08-02 09:49:00,Cancelled,929.1,0,5264.9
4752,461,2025-12-06 10:43:00,Completed,1648.95,0,9344.05
4753,212,2025-05-24 10:04:00,Completed,1059.4,0,9534.6
4754,234,2025-01-02 09:55:00,Completed,694.6,0,13197.4
4755,209,2025-01-04 22:40:00,Completed,0,0,12245
4756,53,2025-08-02 04:48:00,Completed,0,0,21843
4757,90,2025-02-26 05:49:00,Completed,749.85,0,14247.15
4758,359,2025-07-15 04:57:00,Completed,1599.0,0,14391.0
4759,162,2025-12-10 03:08:00,Returned,853.95,0,4839.05
4760,115,2025-11-20 07:21:00,Cancelled,439.7,0,8354.3
4761,365,2025-06-23 04:08:00,Cancelled,3133.8,0,17758.2
4762,255,2025-12-08 09:48:00,Cancelled,0,0,13092
4763,436,2025-01-14 18:34:00,Cancelled,0,0,6998
4764,345,2025-06-14 19:48:00,Completed,254.7,0,2292.3
4765,32,2025-01-15 22:23:00,Cancelled,734.5,0,13955.5
4766,46,2025-01-09 22:19:00,Completed,0,79,1577
4767,96,2025-10-07 20:59:00,Completed,0,0,11393
4768,169,2025-01-18 22:23:00,Completed,419.85,0,2379.15
4769,294,2025-04-15 14:23:00,Completed,1794.1,0,16146.9
4770,142,2025-02-27 06:48:00,Completed,749.85,0,14247.15
4771,105,2025-07-14 19:20:00,Completed,1729.4,0,15564.6
4772,318,2025-03-09 04:26:00,Cancelled,449.7,0,2548.3
4773,307,2025-01-15 13:56:00,Completed,0,0,1698
4774,365,2025-04-26 11:52:00,Completed,609.5,0,5485.5
4775,57,2025-06-21 15:13:00,Returned,1384.2,0,12457.8
4776,105,2025-09-02 11:36:00,Cancelled,1349.1,0,12141.9
4777,255,2025-01-02 03:35:00,Cancelled,0,0,2499
4778,408,2025-08-31 19:20:00,Returned,0,0,4997
4779,142,2025-02-11 20:57:00,Completed,0,0,3199
4780,258,2025-09-06 19:26:00,Completed,0,0,4944
4781,372,2025-02-05 06:43:00,Completed,0,0,4248
4782,145,2025-09-23 09:42:00,Returned,1649.25,0,9345.75
4783,51,2025-08-01 08:37:00,Completed,0,0,24689
4784,361,2025-11-20 05:32:00,Completed,0,0,4397
4785,277,2025-12-01 07:54:00,Returned,199.8,0,1798.2
4786,108,2025-05-12 01:14:00,Completed,0,0,19792
4787,115,2025-04-25 07:58:00,Completed,299.7,0,1698.3
4788,390,2025-03-25 01:05:00,Returned,1239.3,0,11153.7
4789,42,2025-02-17 12:28:00,Completed,0,79,878
4790,71,2025-02-24 04:17:00,Completed,2368.95,0,13424.05
4791,60,2025-12-23 07:56:00,Returned,1214.25,0,6880.75
4792,278,2025-12-19 18:20:00,Completed,1199.25,0,6795.75
4793,477,2025-10-31 08:22:00,Completed,0,0,14094
4794,148,2025-09-08 08:50:00,Completed,0,0,8996
4795,132,2025-10-28 00:16:00,Completed,389.7,0,7404.3
4796,159,2025-09-22 02:51:00,Completed,4858.65,0,27532.35
4797,153,2025-07-14 10:55:00,Completed,269.8,0,2428.2
4798,151,2025-03-21 02:15:00,Cancelled,299.7,0,1698.3
4799,486,2025-09-13 10:16:00,Cancelled,829.6,0,7466.4
4800,384,2025-08-14 23:07:00,Completed,0,0,9396
4801,437,2025-09-27 21:13:00,Completed,999.8,0,8998.2
4802,93,2025-04-28 14:58:00,Completed,0,0,6398
4803,248,2025-06-26 06:52:00,Completed,0,0,6998
4804,121,2025-11-02 19:35:00,Returned,599.7,0,11394.3
4805,97,2025-11-24 14:23:00,Completed,269.7,0,1528.3
4806,144,2025-07-09 03:46:00,Completed,913.95,0,5179.05
4807,467,2025-02-21 19:39:00,Completed,794.25,0,4500.75
4808,147,2025-03-11 20:00:00,Completed,0,0,13045
4809,146,2025-10-16 21:29:00,Returned,0,0,1698
4810,139,2025-01-26 18:43:00,Completed,0,0,6197
4811,314,2025-11-27 02:43:00,Returned,0,0,18193
4812,337,2025-09-22 20:50:00,Returned,0,0,21390
4813,61,2025-03-11 02:58:00,Completed,0,0,4195
4814,436,2025-02-27 18:32:00,Returned,1769.4,0,10026.6
4815,91,2025-01-20 14:24:00,Cancelled,224.85,79,1353.15
4816,44,2025-02-16 18:29:00,Completed,959.4,0,5436.6
4817,27,2025-07-10 08:18:00,Completed,0,0,7247
4818,114,2025-02-19 12:08:00,Completed,2249.1,0,12744.9
4819,242,2025-06-09 07:37:00,Completed,0,0,3495
4820,138,2025-07-07 16:04:00,Completed,1274.7,0,7223.3
4821,275,2025-03-23 06:26:00,Completed,0,0,22790
4822,489,2025-02-14 01:09:00,Completed,0,0,7397
4823,401,2025-08-21 21:18:00,Cancelled,0,0,16496
4824,145,2025-07-21 10:52:00,Returned,0,0,9894
4825,190,2025-07-01 19:53:00,Completed,429.85,0,8167.15
4826,427,2025-04-15 14:10:00,Completed,2219.2,0,19972.8
4827,253,2025-06-05 20:28:00,Cancelled,69.9,79,1407.1
4828,388,2025-03-15 09:46:00,Completed,449.7,0,4047.3
4829,497,2025-03-17 11:18:00,Cancelled,1279.3,0,11513.7
4830,356,2025-11-28 06:18:00,Cancelled,384.7,0,7309.3
4831,455,2025-10-17 19:23:00,Completed,194.85,0,3702.15
4832,416,2025-04-04 08:00:00,Completed,0,0,17292
4833,213,2025-10-08 00:33:00,Cancelled,532.2,0,10111.8
4834,258,2025-11-27 07:27:00,Completed,1483.95,0,8409.05
4835,396,2025-12-31 15:16:00,Completed,1829.4,0,16464.6
4836,86,2025-09-02 10:25:00,Cancelled,514.4,0,4629.6
4837,442,2025-11-25 13:58:00,Completed,0,0,5796
4838,272,2025-01-03 17:54:00,Completed,0,0,8242
4839,212,2025-09-04 02:41:00,Returned,599.8,0,5398.2
4840,11,2025-01-05 23:09:00,Returned,1459.4,0,13134.6
4841,232,2025-01-29 11:13:00,Completed,0,0,2997
4842,40,2025-04-24 21:40:00,Completed,319.8,0,2878.2
4843,405,2025-02-25 19:30:00,Completed,2789.1,0,15804.9
4844,199,2025-10-18 23:14:00,Completed,0,0,10496
4845,487,2025-12-28 15:01:00,Cancelled,794.1,0,7146.9
4846,410,2025-12-24 07:30:00,Completed,0,0,2397
4847,177,2025-11-09 05:31:00,Completed,2303.9,0,20735.1
4848,150,2025-01-27 00:38:00,Returned,2064.1,0,18576.9
4849,381,2025-02-06 17:00:00,Completed,299.85,0,5697.15
4850,416,2025-08-21 01:00:00,Completed,0,0,1999
4851,385,2025-03-13 04:46:00,Completed,0,0,5096
4852,50,2025-01-19 03:59:00,Completed,0,0,8997
4853,372,2025-10-29 03:00:00,Completed,542.15,0,10300.85
4854,42,2025-08-06 07:53:00,Completed,749.6,0,6746.4
4855,396,2025-03-11 18:59:00,Completed,0,0,11495
4856,130,2025-06-04 19:24:00,Completed,0,0,17593
4857,340,2025-03-14 10:53:00,Completed,839.7,0,7557.3
4858,317,2025-06-18 00:56:00,Completed,377.3,0,7168.7
4859,117,2025-03-01 21:29:00,Returned,0,0,13544
4860,2,2025-03-21 00:25:00,Completed,0,0,3848
4861,213,2025-08-19 13:53:00,Returned,2661.15,0,15079.85
4862,256,2025-04-10 19:03:00,Completed,624.3,0,5618.7
4863,201,2025-08-18 13:11:00,Cancelled,0,0,31090
4864,406,2025-09-10 03:26:00,Completed,1129.3,0,10163.7
4865,240,2025-08-25 22:07:00,Completed,2443.65,0,13847.35
4866,326,2025-03-31 16:58:00,Completed,1599.6,0,14396.4
4867,132,2025-10-01 20:18:00,Completed,0,0,10340
4868,457,2025-01-16 23:01:00,Completed,159.9,0,1439.1
4869,168,2025-10-16 09:22:00,Completed,464.85,0,8832.15
4870,112,2025-06-28 12:26:00,Cancelled,1124.4,0,10119.6
4871,395,2025-09-05 21:23:00,Completed,1349.1,0,7644.9
4872,58,2025-04-14 07:51:00,Returned,0,0,17492
4873,449,2025-02-15 03:59:00,Completed,252.35,0,4794.65
4874,313,2025-05-20 05:35:00,Completed,449.7,0,4047.3
4875,173,2025-01-20 18:49:00,Completed,0,0,23490
4876,447,2025-07-09 02:02:00,Returned,524.85,0,2974.15
4877,151,2025-04-24 00:02:00,Completed,2203.65,0,12487.35
4878,75,2025-08-17 20:26:00,Returned,0,0,8094
4879,443,2025-04-12 05:55:00,Completed,0,0,11393
4880,174,2025-04-28 19:32:00,Completed,34.95,79,743.05
4881,222,2025-05-30 04:37:00,Completed,449.85,0,8547.15
4882,455,2025-02-27 09:12:00,Cancelled,324.8,0,6171.2
4883,354,2025-10-04 23:38:00,Completed,644.65,0,12248.35
4884,286,2025-10-26 09:31:00,Completed,124.85,0,2372.15
4885,419,2025-11-07 14:58:00,Cancelled,659.8,0,12536.2
4886,373,2025-11-30 08:09:00,Completed,99.95,0,1899.05
4887,313,2025-07-24 03:07:00,Completed,0,0,15740
4888,226,2025-12-27 19:34:00,Completed,0,0,18693
4889,382,2025-12-10 20:57:00,Completed,809.65,0,15383.35
4890,355,2025-04-16 14:53:00,Completed,379.85,0,7217.15
4891,272,2025-09-08 01:07:00,Completed,129.9,79,1248.1
4892,63,2025-09-09 07:42:00,Completed,0,0,9694
4893,173,2025-02-14 10:27:00,Cancelled,0,0,7593
4894,478,2025-02-05 07:20:00,Returned,0,0,6744
4895,468,2025-06-29 08:34:00,Completed,879.7,0,16714.3
4896,345,2025-04-14 03:27:00,Completed,1799.25,0,10195.75
4897,286,2025-05-31 04:42:00,Returned,0,0,12392
4898,355,2025-10-30 14:55:00,Returned,0,0,20493
4899,161,2025-07-22 16:21:00,Cancelled,0,0,11494
4900,393,2025-02-12 02:20:00,Completed,0,0,14194
4901,22,2025-07-21 22:44:00,Returned,0,0,1998
4902,119,2025-12-17 11:47:00,Completed,0,0,20994
4903,356,2025-02-01 14:47:00,Completed,0,0,14191
4904,3,2025-08-26 20:18:00,Completed,574.5,0,10915.5
4905,257,2025-04-18 03:25:00,Completed,649.8,0,5848.2
4906,21,2025-06-20 14:47:00,Completed,0,0,12494
4907,369,2025-07-15 13:27:00,Completed,0,0,9992
4908,216,2025-09-20 19:26:00,Completed,0,0,18594
4909,33,2025-04-03 21:17:00,Completed,0,0,14292
4910,299,2025-07-18 01:00:00,Completed,0,0,2097
4911,462,2025-09-20 15:06:00,Completed,0,0,2846
4912,324,2025-11-25 04:30:00,Completed,337.05,0,1909.95
4913,287,2025-02-24 19:34:00,Completed,0,0,3397
4914,490,2025-02-07 14:47:00,Completed,1164.1,0,10476.9
4915,384,2025-03-06 04:26:00,Completed,2511.45,0,14231.55
4916,87,2025-09-19 03:58:00,Completed,1034.4,0,5861.6
4917,462,2025-05-29 18:15:00,Completed,1739.4,0,15654.6
4918,410,2025-04-04 11:21:00,Cancelled,0,0,4295
4919,442,2025-09-23 04:20:00,Completed,1899.3,0,17093.7
4920,393,2025-06-18 08:34:00,Returned,0,0,7396
4921,63,2025-04-30 10:01:00,Completed,1059.6,0,9536.4
4922,304,2025-08-01 20:32:00,Completed,659.65,0,12533.35
4923,276,2025-03-14 03:32:00,Completed,0,0,3246
4924,458,2025-06-18 10:32:00,Cancelled,0,0,8095
4925,159,2025-12-07 12:23:00,Completed,1399.1,0,12591.9
4926,41,2025-04-27 09:05:00,Completed,359.6,0,3236.4
4927,398,2025-08-23 04:39:00,Returned,1299.3,0,11693.7
4928,444,2025-05-01 19:14:00,Completed,1536.45,0,8706.55
4929,104,2025-10-27 15:57:00,Completed,0,79,828
4930,112,2025-12-10 08:02:00,Cancelled,0,0,4297
4931,102,2025-12-18 23:58:00,Completed,0,0,3299
4932,204,2025-07-22 09:57:00,Completed,694.2,0,6247.8
4933,240,2025-09-27 17:32:00,Completed,869.2,0,7822.8
4934,51,2025-05-30 19:05:00,Completed,0,0,19592
4935,327,2025-10-20 11:06:00,Completed,1169.4,0,10524.6
4936,267,2025-08-06 17:42:00,Cancelled,349.8,0,6646.2
4937,329,2025-04-27 01:56:00,Completed,0,0,3297
4938,376,2025-08-15 13:23:00,Completed,584.8,0,11111.2
4939,192,2025-09-01 13:03:00,Completed,2443.5,0,13846.5
4940,28,2025-06-04 10:13:00,Cancelled,2429.1,0,21861.9
4941,193,2025-03-19 03:40:00,Completed,0,0,16194
4942,177,2025-04-12 21:58:00,Cancelled,1034.1,0,5859.9
4943,126,2025-02-03 05:55:00,Completed,224.7,79,1352.3
4944,160,2025-01-25 00:55:00,Completed,909.7,0,17284.3
4945,453,2025-05-05 15:46:00,Completed,0,0,14895
4946,33,2025-05-30 20:28:00,Completed,1559.45,0,29629.55
4947,493,2025-11-25 19:11:00,Completed,0,0,2598
4948,457,2025-05-17 17:49:00,Completed,279.9,0,2519.1
4949,11,2025-09-09 21:36:00,Completed,0,0,4497
4950,301,2025-07-19 02:39:00,Completed,474.8,0,9021.2
4951,248,2025-01-27 13:20:00,Returned,2379.0,0,21411.0
4952,50,2025-12-13 14:07:00,Completed,449.55,0,2547.45
4953,438,2025-12-22 20:55:00,Cancelled,179.8,0,1618.2
4954,341,2025-09-08 20:00:00,Completed,0,0,21395
4955,157,2025-06-22 05:28:00,Cancelled,1229.3,0,11063.7
4956,327,2025-01-21 13:50:00,Completed,1104.45,0,20984.55
4957,334,2025-09-19 15:44:00,Completed,1649.4,0,9346.6
4958,86,2025-07-13 17:54:00,Completed,1009.5,0,19180.5
4959,168,2025-09-05 22:44:00,Completed,929.65,0,17663.35
4960,10,2025-09-16 03:14:00,Completed,0,0,12996
4961,39,2025-03-12 05:26:00,Completed,499.65,0,9493.35
4962,119,2025-02-20 09:49:00,Cancelled,82.4,0,1565.6
4963,225,2025-08-08 00:12:00,Cancelled,0,0,4997
4964,74,2025-05-11 10:33:00,Returned,1538.9,0,13850.1
4965,126,2025-12-03 20:14:00,Cancelled,0,0,3246
4966,229,2025-08-08 17:32:00,Completed,0,0,11342
4967,446,2025-08-11 17:06:00,Completed,2249.25,0,12745.75
4968,121,2025-09-03 17:31:00,Completed,392.2,0,7451.8
4969,207,2025-01-16 21:12:00,Completed,0,0,24993
4970,210,2025-12-06 20:27:00,Completed,699.8,0,6298.2
4971,234,2025-08-16 17:54:00,Completed,1648.65,0,9342.35
4972,136,2025-08-09 16:50:00,Cancelled,1009.7,0,9087.3
4973,22,2025-12-09 13:10:00,Completed,0,0,6896
4974,78,2025-05-24 17:44:00,Completed,0,0,25789
4975,275,2025-07-29 12:05:00,Completed,0,0,4197
4976,498,2025-08-30 05:16:00,Completed,1783.65,0,10107.35
4977,18,2025-01-06 14:08:00,Cancelled,786.75,0,4458.25
4978,416,2025-10-29 16:27:00,Completed,244.8,0,4651.2
4979,447,2025-05-17 19:01:00,Completed,0,0,7293
4980,431,2025-05-31 19:36:00,Completed,699.8,0,6298.2
4981,310,2025-11-22 14:29:00,Completed,1049.75,0,19945.25
4982,374,2025-12-12 02:48:00,Completed,449.8,0,4048.2
4983,70,2025-08-24 11:47:00,Completed,0,0,7941
4984,184,2025-05-04 17:24:00,Returned,389.7,0,2208.3
4985,80,2025-01-20 15:21:00,Completed,599.7,0,3398.3
4986,351,2025-02-11 11:23:00,Cancelled,649.75,0,12345.25
4987,484,2025-08-12 10:11:00,Completed,1484.25,0,8410.75
4988,159,2025-05-24 02:12:00,Cancelled,0,0,20093
4989,123,2025-10-10 02:20:00,Completed,1069.4,0,9624.6
4990,190,2025-12-29 02:00:00,Completed,0,0,3696
4991,437,2025-09-06 09:02:00,Returned,0,0,4998
4992,352,2025-07-12 18:50:00,Cancelled,337.35,0,6409.65
4993,280,2025-08-14 16:37:00,Cancelled,0,0,16741
4994,74,2025-02-08 16:22:00,Completed,2129.25,0,12065.75
4995,77,2025-12-01 13:03:00,Completed,883.95,0,5009.05
4996,281,2025-05-20 08:00:00,Cancelled,299.6,0,2696.4
4997,319,2025-04-06 15:41:00,Completed,0,0,10043
4998,205,2025-07-14 04:14:00,Completed,0,0,2998
4999,333,2025-06-08 08:40:00,Completed,0,79,1578
5000,431,2025-12-11 23:14:00,Completed,79.9,0,1518.1
